# Blender 3.6.23
# www.blender.org
mtllib cofre.mtl
g Body_Cube.002_Mesh
v 1.801678 -0.069282 0.819700
v -1.855035 -0.128720 1.415070
v -1.833894 -0.144591 1.405333
v -1.822657 -0.182246 1.698149
v 1.812332 -0.091215 1.118392
v 1.790440 -0.106937 1.112516
v 1.800343 -0.128719 1.415070
v 1.779202 -0.144591 1.405333
v 1.767965 -0.182246 1.698149
v -1.623662 0.040210 -0.196444
v -0.807380 0.052949 0.184063
v -1.293363 0.057473 0.000600
v -0.463598 0.078320 0.181720
v -1.615223 -0.199931 2.070146
v -1.300634 -0.144174 2.049136
v -1.050795 -0.150994 2.174887
v -0.562221 -0.141870 2.266498
v -0.319187 -0.134239 2.301635
v -1.563127 -0.048864 1.304513
v -1.603644 -0.000226 0.486014
v -0.610243 0.061650 0.279781
v -1.060496 0.046981 0.252104
v -0.293221 0.081071 0.278149
v -1.459667 -0.163029 2.014556
v -1.783822 -0.144418 1.693130
v -1.485128 -0.096635 1.707142
v -1.582841 -0.022121 0.890531
v -1.768339 0.022192 -0.215770
v -1.306030 -0.013605 1.089581
v -0.797043 -0.007718 1.102783
v -0.790368 -0.132177 2.168919
v -0.472015 0.014130 1.112860
v -0.459494 -0.123557 2.229358
v -0.199293 -0.116810 2.245690
v -1.739441 -0.079980 1.281556
v -1.623950 0.024004 0.127988
v -1.751342 -0.029291 0.434601
v -1.765626 0.002490 0.064366
v -0.307851 0.018236 1.115039
v -0.608248 0.002966 1.111465
v -1.079669 -0.009735 1.067309
v -1.658396 -0.121883 1.686036
v -1.748083 -0.054052 0.854443
v -1.407106 0.042099 0.254689
v -1.411600 0.023114 0.533599
v -1.396978 0.001929 0.842360
v -1.361021 -0.039562 1.366721
v -1.232718 -0.080674 1.739507
v -0.564782 -0.062751 1.827270
v -0.715801 -0.068971 1.808404
v -0.270846 -0.053327 1.842884
v -0.427154 -0.056174 1.836557
v -0.956313 -0.072277 1.766082
v -1.358268 -0.264860 2.343461
v 1.568970 0.040210 -0.196444
v -0.027346 0.084481 0.182169
v 0.752688 0.052949 0.184063
v 1.238671 0.057473 0.000600
v 0.408906 0.078320 0.181720
v 1.560531 -0.199931 2.070145
v 1.245942 -0.144174 2.049136
v 0.996103 -0.150994 2.174888
v 0.507529 -0.141870 2.266498
v 0.264495 -0.134239 2.301635
v -0.027346 -0.130996 2.309766
v 1.508435 -0.048864 1.304512
v 1.548951 -0.000226 0.486014
v 0.555551 0.061650 0.279781
v 1.005804 0.046981 0.252104
v 0.238529 0.081071 0.278149
v 1.404975 -0.163029 2.014556
v 1.729130 -0.144418 1.693130
v 1.430435 -0.096635 1.707142
v 1.528149 -0.022121 0.890531
v 1.713647 0.022192 -0.215770
v 1.251338 -0.013605 1.089581
v 0.742351 -0.007718 1.102782
v 0.735676 -0.132177 2.168918
v 0.417323 0.014130 1.112860
v 0.404802 -0.123557 2.229358
v -0.027346 0.019620 1.118033
v 0.144601 -0.116810 2.245690
v 1.684749 -0.079980 1.281556
v 1.569258 0.024004 0.127988
v 1.696650 -0.029291 0.434601
v 1.710934 0.002490 0.064366
v 0.253159 0.018236 1.115039
v 0.553556 0.002966 1.111464
v 1.024977 -0.009735 1.067309
v 1.603704 -0.121883 1.686036
v 1.693391 -0.054052 0.854443
v 1.352414 0.042099 0.254689
v 1.356908 0.023114 0.533599
v 1.342286 0.001929 0.842361
v 1.306329 -0.039562 1.366721
v 1.178026 -0.080674 1.739507
v 0.510090 -0.062751 1.827270
v 0.661109 -0.068971 1.808404
v 0.216154 -0.053327 1.842884
v -0.027346 -0.052760 1.852248
v 0.372462 -0.056174 1.836558
v 0.901621 -0.072277 1.766082
v 1.303576 -0.264860 2.343461
v -0.635147 0.061174 0.236296
v -0.677942 0.058795 0.202842
v -0.737133 0.055606 0.188906
v -1.685838 -0.223154 2.083746
v -1.095391 0.050100 0.200729
v -1.149303 0.053309 0.140314
v -1.216006 0.056230 0.071399
v -0.320589 0.082706 0.229750
v -0.361959 0.082493 0.195337
v -0.411638 0.080863 0.182640
v -1.468652 -0.168640 2.035232
v -1.495562 -0.176247 2.054595
v -1.547614 -0.185634 2.063950
v -0.027346 -0.153482 2.388577
v -0.027346 -0.181249 2.458241
v -0.027346 -0.218156 2.523577
v -0.534776 -0.163130 2.345682
v -0.514639 -0.189212 2.415843
v -0.502324 -0.223574 2.482861
v -0.282418 -0.156195 2.381505
v -0.246879 -0.183165 2.451591
v -0.218541 -0.219121 2.517346
v -1.814023 -0.141589 1.637268
v -1.846734 -0.134681 1.545167
v -1.396312 -0.247707 2.298563
v -1.457651 -0.228621 2.235073
v -1.534600 -0.213354 2.160420
v -1.020559 -0.173653 2.254550
v -0.998563 -0.200807 2.326914
v -0.983906 -0.234273 2.399301
v -1.433140 -0.109695 1.812618
v -1.376812 -0.122525 1.912004
v -1.329119 -0.134756 1.995169
v -1.576614 -0.027460 0.995585
v -1.570978 -0.033341 1.099958
v -1.567000 -0.040334 1.203069
v -1.630960 0.037868 -0.218562
v -0.027346 0.082730 0.082977
v -0.803294 0.057248 0.080773
v -0.795409 0.055371 0.044519
v -0.452288 0.077295 0.082637
v -1.269690 0.057836 -0.039896
v -1.780239 0.020233 -0.235626
v -1.796502 0.016857 -0.260402
v -1.186899 -0.096020 1.858481
v -1.138103 -0.112650 1.973633
v -1.091133 -0.130872 2.080567
v -0.678758 -0.085492 1.941471
v -0.637973 -0.103249 2.063372
v -0.597707 -0.122092 2.172314
v -0.743552 -0.137103 2.200372
v -0.682680 -0.141711 2.232836
v -0.620148 -0.142970 2.254114
v -0.406462 -0.074351 1.972289
v -0.381613 -0.093536 2.096124
v -0.352544 -0.113556 2.206445
v -0.433543 -0.128221 2.255963
v -0.397878 -0.132729 2.281740
v -0.359201 -0.134516 2.296031
v -0.027346 -0.071001 1.987258
v -0.027346 -0.090122 2.108983
v -0.027346 -0.110120 2.216720
v -0.167106 -0.122522 2.272729
v -0.123344 -0.127878 2.296286
v -0.076033 -0.130454 2.307415
v -1.700133 -0.072857 1.285918
v -1.658917 -0.064567 1.290832
v -1.613884 -0.056205 1.296846
v -1.621295 0.017744 0.220017
v -1.616242 0.011606 0.308112
v -1.609966 0.005612 0.395652
v -1.720055 -0.023823 0.447100
v -1.686438 -0.016731 0.459751
v -1.648349 -0.008653 0.472680
v -0.511902 0.075165 0.184150
v -0.553843 0.071272 0.198443
v -0.587676 0.066481 0.234078
v -0.881868 0.051695 0.179479
v -0.953531 0.050881 0.185097
v -1.015874 0.049291 0.212288
v -0.113665 0.084582 0.183492
v -0.191457 0.084473 0.196076
v -0.253311 0.083453 0.230115
v -1.319517 -0.151636 2.061482
v -1.357957 -0.159319 2.061924
v -1.412361 -0.162737 2.040914
v -1.686803 -0.185600 1.962180
v -1.740466 -0.170274 1.851708
v -1.771053 -0.155127 1.756588
v -1.556851 -0.059170 1.404251
v -1.544445 -0.070901 1.503545
v -1.521881 -0.083556 1.603981
v -1.598160 -0.005895 0.581753
v -1.593241 -0.011415 0.682129
v -1.588323 -0.016814 0.785576
v -1.681286 0.034868 -0.217863
v -1.723592 0.030035 -0.227084
v -1.752316 0.025598 -0.224730
v -1.377891 0.000765 0.873579
v -1.352541 -0.002317 0.929025
v -1.326515 -0.008078 1.014132
v -0.809109 0.042407 0.363924
v -0.808328 0.027340 0.597572
v -0.804490 0.009911 0.854146
v -0.960383 -0.149316 2.193132
v -0.879152 -0.145066 2.198249
v -0.821450 -0.138312 2.186754
v -0.471119 0.069864 0.361120
v -0.474840 0.054243 0.597455
v -0.475045 0.034613 0.858707
v -0.514521 -0.139753 2.273060
v -0.481437 -0.135832 2.269213
v -0.465020 -0.129496 2.251227
v -0.027346 0.076282 0.361945
v -0.027346 0.060583 0.599036
v -0.027346 0.040619 0.861659
v -0.279422 -0.132794 2.302013
v -0.243824 -0.129296 2.293102
v -0.216216 -0.123103 2.271395
v -1.849481 -0.095940 1.272634
v -1.815368 -0.090064 1.274167
v -1.778174 -0.085307 1.277430
v -1.621205 0.039249 -0.141956
v -1.621937 0.035609 -0.062561
v -1.623603 0.030218 0.031000
v -1.811988 -0.035341 0.409908
v -1.782004 -0.032815 0.422172
v -1.768778 0.009605 -0.026220
v -1.770439 0.015540 -0.109317
v -1.769990 0.019865 -0.175982
v -1.754242 -0.021632 0.338616
v -1.757880 -0.013522 0.246021
v -1.761821 -0.005353 0.155157
v -1.789666 -0.001519 0.048985
v -1.811270 -0.005154 0.033340
v -1.671124 0.017672 0.109107
v -1.708706 0.012018 0.093184
v -1.739329 0.006979 0.078758
v -0.312575 0.038990 0.862239
v -0.312622 0.058263 0.616698
v -0.305098 0.072717 0.417847
v -0.284330 -0.035927 1.694803
v -0.294312 -0.018762 1.528779
v -0.301812 -0.000990 1.337845
v -0.351137 0.017625 1.114432
v -0.393525 0.016848 1.113849
v -0.434117 0.015738 1.113317
v -0.097472 0.019501 1.117775
v -0.167599 0.019187 1.117097
v -0.237725 0.018744 1.116138
v -0.609328 0.021912 0.861390
v -0.609350 0.039871 0.613292
v -0.609691 0.053925 0.406342
v -0.583909 -0.046540 1.681405
v -0.596751 -0.030746 1.518278
v -0.604476 -0.014525 1.330697
v -0.647212 -0.000213 1.110892
v -0.691028 -0.003184 1.109636
v -0.740653 -0.005751 1.107125
v -0.506782 0.011913 1.112490
v -0.539828 0.009200 1.112169
v -0.573026 0.006161 1.111844
v -1.086805 0.008088 0.824544
v -1.084422 0.025190 0.582002
v -1.072534 0.038945 0.377790
v -1.002470 -0.056583 1.621174
v -1.039147 -0.041432 1.460905
v -1.064353 -0.026124 1.279101
v -1.154771 -0.009724 1.057986
v -1.221628 -0.010363 1.058731
v -1.273209 -0.012021 1.074649
v -0.860691 -0.008953 1.096217
v -0.930231 -0.009578 1.087768
v -1.003834 -0.009777 1.077959
v -1.693227 -0.109831 1.585670
v -1.716482 -0.098766 1.485321
v -1.730956 -0.088783 1.384209
v -1.501514 -0.156508 1.959936
v -1.556092 -0.146592 1.879588
v -1.610854 -0.134579 1.785904
v -1.695903 -0.127169 1.683943
v -1.731073 -0.132360 1.684043
v -1.761786 -0.138313 1.687469
v -1.535254 -0.102612 1.699410
v -1.579600 -0.109180 1.693555
v -1.620026 -0.115787 1.689217
v -1.748163 -0.048385 0.746328
v -1.748536 -0.042509 0.639475
v -1.749498 -0.036213 0.535146
v -1.744398 -0.072383 1.176808
v -1.746958 -0.065741 1.070320
v -1.747920 -0.059737 0.962672
v -1.783831 -0.058268 0.846410
v -1.816794 -0.060883 0.838925
v -1.844242 -0.062930 0.832541
v -1.630845 -0.030458 0.880332
v -1.673112 -0.039267 0.871142
v -1.711554 -0.047485 0.862625
v -1.321603 0.053645 0.083980
v -1.352331 0.048680 0.171827
v -1.383140 0.044855 0.226883
v -1.566356 0.030817 0.151352
v -1.504727 0.036877 0.180988
v -1.447468 0.040831 0.217961
v -1.395218 0.038782 0.324445
v -1.389481 0.033447 0.412307
v -1.398075 0.027715 0.485830
v -1.551620 0.007889 0.499730
v -1.497336 0.014927 0.513216
v -1.447348 0.020179 0.525420
v -1.394519 0.020287 0.588893
v -1.382542 0.014972 0.671907
v -1.386641 0.007869 0.767948
v -1.528833 -0.015022 0.899895
v -1.475132 -0.008752 0.897861
v -1.428895 -0.002812 0.875195
v -1.316386 -0.020404 1.169536
v -1.331012 -0.028164 1.255018
v -1.347503 -0.034849 1.323224
v -1.506238 -0.043478 1.314696
v -1.448811 -0.040334 1.329514
v -1.397551 -0.039354 1.349578
v -1.338251 -0.045205 1.426448
v -1.306682 -0.054413 1.514768
v -1.272065 -0.066530 1.621994
v -1.428033 -0.091659 1.716730
v -1.365478 -0.087535 1.726615
v -1.299646 -0.083970 1.734854
v -0.481181 -0.112304 2.170264
v -0.509847 -0.096842 2.077277
v -0.539059 -0.079852 1.960729
v -0.785372 -0.023883 1.318992
v -0.768581 -0.038922 1.503760
v -0.745712 -0.053672 1.664445
v -0.216208 -0.103570 2.179801
v -0.234505 -0.088548 2.091683
v -0.253490 -0.071351 1.977312
v -0.027346 0.000152 1.342730
v -0.027346 -0.017888 1.535757
v -0.027346 -0.035269 1.703475
v -0.465939 -0.004722 1.334435
v -0.456627 -0.022143 1.524104
v -0.443793 -0.039003 1.689075
v -0.814656 -0.120759 2.109154
v -0.854702 -0.105431 2.015726
v -0.904512 -0.088853 1.899168
v -1.166104 -0.077501 1.740190
v -1.098111 -0.074894 1.742754
v -1.027297 -0.073260 1.752475
v -0.671557 -0.067707 1.814886
v -0.632936 -0.066208 1.819977
v -0.597992 -0.064535 1.823998
v -0.389563 -0.055145 1.838289
v -0.350699 -0.054388 1.839892
v -0.310985 -0.053812 1.841409
v -0.888390 -0.071507 1.779062
v -0.824986 -0.070774 1.790474
v -0.767118 -0.069965 1.800272
v -0.531622 -0.060924 1.830073
v -0.497878 -0.059150 1.832512
v -0.463180 -0.057532 1.834652
v -0.209971 -0.053119 1.846322
v -0.149096 -0.052937 1.849321
v -0.088221 -0.052808 1.851443
v -1.378801 0.055732 -0.063486
v -1.466637 0.051580 -0.118348
v -1.550411 0.046058 -0.162997
v -1.101011 -0.269489 2.429996
v -1.205753 -0.264652 2.389855
v -1.295489 -0.263269 2.359951
v -1.262364 -0.146261 2.080390
v -1.206535 -0.148848 2.116787
v -1.135016 -0.150652 2.148881
v 0.580455 0.061174 0.236296
v 0.623250 0.058795 0.202842
v 0.682441 0.055606 0.188907
v 1.631147 -0.223154 2.083746
v 1.040699 0.050100 0.200729
v 1.094611 0.053309 0.140314
v 1.161314 0.056230 0.071399
v 0.265897 0.082706 0.229750
v 0.307267 0.082493 0.195337
v 0.356946 0.080863 0.182640
v 1.413960 -0.168640 2.035232
v 1.440870 -0.176247 2.054595
v 1.492922 -0.185634 2.063950
v 0.480084 -0.163130 2.345682
v 0.459947 -0.189212 2.415843
v 0.447632 -0.223574 2.482861
v 0.227726 -0.156195 2.381505
v 0.192187 -0.183165 2.451591
v 0.163849 -0.219121 2.517344
v 1.759331 -0.141589 1.637269
v 1.792042 -0.134681 1.545167
v 1.341620 -0.247707 2.298563
v 1.402959 -0.228621 2.235073
v 1.479908 -0.213354 2.160420
v 0.965867 -0.173653 2.254550
v 0.943871 -0.200807 2.326913
v 0.929214 -0.234273 2.399301
v 1.378448 -0.109695 1.812618
v 1.322120 -0.122525 1.912004
v 1.274427 -0.134756 1.995169
v 1.521922 -0.027460 0.995585
v 1.516286 -0.033341 1.099958
v 1.512308 -0.040334 1.203069
v 0.748602 0.057248 0.080773
v 0.740717 0.055371 0.044519
v 0.397596 0.077295 0.082637
v 1.214998 0.057836 -0.039896
v 1.198799 0.054974 -0.040096
v 1.725547 0.020233 -0.235626
v 1.741810 0.016857 -0.260402
v 1.132207 -0.096020 1.858481
v 1.083411 -0.112650 1.973633
v 1.036441 -0.130872 2.080567
v 0.624066 -0.085492 1.941471
v 0.583281 -0.103249 2.063372
v 0.543015 -0.122092 2.172314
v 0.688860 -0.137103 2.200372
v 0.627988 -0.141711 2.232836
v 0.565456 -0.142970 2.254114
v 0.351770 -0.074351 1.972289
v 0.326921 -0.093536 2.096124
v 0.297852 -0.113556 2.206445
v 0.378851 -0.128221 2.255963
v 0.343186 -0.132729 2.281740
v 0.304509 -0.134516 2.296031
v 0.112414 -0.122522 2.272729
v 0.068652 -0.127878 2.296285
v 0.021341 -0.130454 2.307415
v 1.645441 -0.072857 1.285918
v 1.604224 -0.064567 1.290832
v 1.559192 -0.056205 1.296846
v 1.566603 0.017744 0.220017
v 1.561550 0.011606 0.308112
v 1.555274 0.005612 0.395651
v 1.665363 -0.023823 0.447100
v 1.631746 -0.016731 0.459751
v 1.593657 -0.008653 0.472680
v 0.457210 0.075165 0.184150
v 0.499151 0.071272 0.198443
v 0.532984 0.066481 0.234078
v 0.827176 0.051695 0.179479
v 0.898839 0.050881 0.185097
v 0.961182 0.049291 0.212288
v 0.058973 0.084582 0.183492
v 0.136765 0.084473 0.196076
v 0.198619 0.083453 0.230115
v 1.264826 -0.151636 2.061482
v 1.303265 -0.159319 2.061924
v 1.357669 -0.162737 2.040914
v 1.632111 -0.185600 1.962181
v 1.685774 -0.170274 1.851708
v 1.716361 -0.155127 1.756589
v 1.502159 -0.059170 1.404251
v 1.489753 -0.070901 1.503546
v 1.467189 -0.083556 1.603981
v 1.543468 -0.005895 0.581753
v 1.538549 -0.011415 0.682129
v 1.533631 -0.016814 0.785576
v 1.626593 0.034868 -0.217863
v 1.668900 0.030035 -0.227084
v 1.697623 0.025598 -0.224730
v 1.323199 0.000765 0.873579
v 1.297849 -0.002317 0.929025
v 1.271823 -0.008078 1.014132
v 0.754417 0.042407 0.363923
v 0.753636 0.027340 0.597572
v 0.749798 0.009911 0.854145
v 0.905691 -0.149316 2.193133
v 0.824460 -0.145066 2.198249
v 0.766758 -0.138312 2.186754
v 0.416427 0.069864 0.361120
v 0.420148 0.054243 0.597455
v 0.420353 0.034613 0.858707
v 0.459829 -0.139753 2.273060
v 0.426745 -0.135832 2.269213
v 0.410328 -0.129496 2.251227
v 0.224730 -0.132794 2.302013
v 0.189132 -0.129296 2.293102
v 0.161524 -0.123103 2.271395
v 1.794789 -0.095940 1.272634
v 1.760676 -0.090064 1.274167
v 1.723482 -0.085307 1.277429
v 1.566513 0.039249 -0.141956
v 1.567245 0.035609 -0.062561
v 1.568911 0.030218 0.031000
v 1.757296 -0.035341 0.409908
v 1.727312 -0.032815 0.422172
v 1.714086 0.009605 -0.026220
v 1.715747 0.015540 -0.109317
v 1.715299 0.019865 -0.175982
v 1.699549 -0.021632 0.338616
v 1.703188 -0.013522 0.246021
v 1.707129 -0.005353 0.155157
v 1.734974 -0.001519 0.048985
v 1.756578 -0.005154 0.033340
v 1.616432 0.017672 0.109107
v 1.654014 0.012018 0.093184
v 1.684637 0.006979 0.078758
v 0.257883 0.038990 0.862238
v 0.257930 0.058263 0.616698
v 0.250406 0.072717 0.417847
v 0.229638 -0.035927 1.694803
v 0.239620 -0.018762 1.528779
v 0.247120 -0.000990 1.337845
v 0.296445 0.017625 1.114432
v 0.338833 0.016848 1.113849
v 0.379425 0.015738 1.113317
v 0.042780 0.019501 1.117775
v 0.112907 0.019187 1.117097
v 0.183033 0.018744 1.116138
v 0.554636 0.021912 0.861390
v 0.554658 0.039871 0.613292
v 0.554999 0.053925 0.406342
v 0.529217 -0.046540 1.681405
v 0.542059 -0.030746 1.518279
v 0.549783 -0.014525 1.330697
v 0.592520 -0.000213 1.110892
v 0.636336 -0.003184 1.109637
v 0.685961 -0.005751 1.107125
v 0.452090 0.011913 1.112490
v 0.485136 0.009200 1.112169
v 0.518334 0.006161 1.111844
v 1.032113 0.008088 0.824544
v 1.029730 0.025190 0.582002
v 1.017842 0.038946 0.377790
v 0.947778 -0.056583 1.621174
v 0.984455 -0.041432 1.460905
v 1.009661 -0.026124 1.279101
v 1.100079 -0.009724 1.057986
v 1.166936 -0.010363 1.058731
v 1.218517 -0.012021 1.074650
v 0.805999 -0.008953 1.096217
v 0.875539 -0.009578 1.087768
v 0.949142 -0.009777 1.077958
v 1.638535 -0.109831 1.585670
v 1.661791 -0.098766 1.485321
v 1.676264 -0.088783 1.384209
v 1.446822 -0.156508 1.959937
v 1.501400 -0.146592 1.879588
v 1.556161 -0.134579 1.785904
v 1.641211 -0.127169 1.683943
v 1.676381 -0.132360 1.684043
v 1.707095 -0.138313 1.687468
v 1.480562 -0.102612 1.699410
v 1.524908 -0.109180 1.693555
v 1.565334 -0.115787 1.689217
v 1.693471 -0.048385 0.746328
v 1.693844 -0.042509 0.639475
v 1.694806 -0.036213 0.535145
v 1.689706 -0.072383 1.176808
v 1.692266 -0.065741 1.070320
v 1.693228 -0.059737 0.962672
v 1.729139 -0.058268 0.846410
v 1.762102 -0.060883 0.838925
v 1.789550 -0.062930 0.832541
v 1.576153 -0.030458 0.880332
v 1.618420 -0.039267 0.871142
v 1.656862 -0.047485 0.862624
v 1.266911 0.053645 0.083980
v 1.297639 0.048680 0.171826
v 1.328448 0.044855 0.226883
v 1.511664 0.030817 0.151352
v 1.450035 0.036877 0.180988
v 1.392776 0.040831 0.217961
v 1.340526 0.038782 0.324445
v 1.334789 0.033447 0.412307
v 1.343383 0.027715 0.485830
v 1.496928 0.007889 0.499729
v 1.442644 0.014927 0.513216
v 1.392656 0.020179 0.525420
v 1.339827 0.020287 0.588893
v 1.327850 0.014972 0.671907
v 1.331949 0.007869 0.767948
v 1.474141 -0.015023 0.899895
v 1.420440 -0.008752 0.897861
v 1.374203 -0.002812 0.875194
v 1.261694 -0.020404 1.169535
v 1.276320 -0.028164 1.255018
v 1.292811 -0.034849 1.323224
v 1.451546 -0.043478 1.314695
v 1.394119 -0.040334 1.329514
v 1.342859 -0.039354 1.349578
v 1.283559 -0.045205 1.426448
v 1.251990 -0.054413 1.514768
v 1.217373 -0.066530 1.621993
v 1.373341 -0.091659 1.716730
v 1.310786 -0.087535 1.726615
v 1.244954 -0.083970 1.734854
v 0.426489 -0.112304 2.170264
v 0.455155 -0.096842 2.077277
v 0.484367 -0.079852 1.960729
v 0.730680 -0.023883 1.318991
v 0.713889 -0.038922 1.503759
v 0.691020 -0.053672 1.664444
v 0.161516 -0.103570 2.179801
v 0.179813 -0.088548 2.091683
v 0.198798 -0.071351 1.977312
v 0.411247 -0.004722 1.334435
v 0.401935 -0.022143 1.524104
v 0.389101 -0.039003 1.689075
v 0.759964 -0.120759 2.109153
v 0.800010 -0.105431 2.015726
v 0.849820 -0.088853 1.899168
v 1.111412 -0.077501 1.740190
v 1.043419 -0.074894 1.742754
v 0.972605 -0.073260 1.752475
v 0.616865 -0.067707 1.814886
v 0.578244 -0.066208 1.819977
v 0.543300 -0.064535 1.823998
v 0.334871 -0.055145 1.838289
v 0.296006 -0.054388 1.839892
v 0.256293 -0.053813 1.841409
v 0.833698 -0.071507 1.779062
v 0.770294 -0.070774 1.790474
v 0.712426 -0.069965 1.800272
v 0.476930 -0.060924 1.830073
v 0.443186 -0.059150 1.832512
v 0.408488 -0.057532 1.834652
v 0.155279 -0.053119 1.846323
v 0.094404 -0.052937 1.849321
v 0.033529 -0.052809 1.851443
v 1.324109 0.055732 -0.063486
v 1.411945 0.051580 -0.118348
v 1.495719 0.046058 -0.162997
v 1.046319 -0.269489 2.429996
v 1.151061 -0.264652 2.389855
v 1.240797 -0.263269 2.359951
v 1.207672 -0.146261 2.080390
v 1.151843 -0.148848 2.116787
v 1.080324 -0.150652 2.148880
v -0.372520 -0.177364 2.419236
v -0.276108 -0.218811 2.510058
v -0.301975 -0.182627 2.442986
v -0.329870 -0.155968 2.373785
v -0.378395 -0.151912 2.352508
v -0.424264 -0.142082 2.310046
v -0.434243 -0.153704 2.344063
v -0.473877 -0.160081 2.352607
v -0.438075 -0.185593 2.424117
v -0.415617 -0.220676 2.492483
v -0.341904 -0.218496 2.500029
v -0.143099 -0.173719 2.438501
v -0.073331 -0.217572 2.521890
v -0.079371 -0.180027 2.454925
v -0.078320 -0.152455 2.385137
v -0.129123 -0.147552 2.368258
v -0.176543 -0.136724 2.328813
v -0.199747 -0.148399 2.366619
v -0.237587 -0.154261 2.381237
v -0.196747 -0.181145 2.451899
v -0.167932 -0.218121 2.519319
v -0.120503 -0.216834 2.519000
v -1.712888 -0.042078 0.755509
v -1.675738 -0.034055 0.764942
v -1.634840 -0.025304 0.774881
v -1.714532 -0.036468 0.649687
v -1.678590 -0.028671 0.660080
v -1.638798 -0.020020 0.670835
v -1.716812 -0.030449 0.546452
v -1.682035 -0.022952 0.557902
v -1.643155 -0.014504 0.569625
v -1.755511 -0.204389 1.955018
v -1.805656 -0.182754 1.817758
v -1.820440 -0.159785 1.708964
v -1.655737 -0.103473 1.588470
v -1.616076 -0.096583 1.592114
v -1.572153 -0.089748 1.597115
v -1.678692 -0.092100 1.488300
v -1.638804 -0.084740 1.491949
v -1.594746 -0.077428 1.496841
v -1.692340 -0.081837 1.387764
v -1.651759 -0.073964 1.391906
v -1.607250 -0.066097 1.397210
v -0.735607 -0.188439 2.363943
v -0.606611 -0.226368 2.468341
v -0.609537 -0.191153 2.399150
v -0.610202 -0.164490 2.330413
v -0.690899 -0.161607 2.301248
v -0.762069 -0.151600 2.251326
v -0.817244 -0.164161 2.279274
v -0.911743 -0.171283 2.277122
v -0.872149 -0.198189 2.354331
v -0.855170 -0.233038 2.428878
v -0.726421 -0.229212 2.449416
v -1.021541 0.056779 0.022331
v -1.175901 0.058477 0.006280
v -1.095647 0.057305 0.054301
v -1.043290 0.054738 0.115284
v -0.975677 0.056167 0.079363
v -0.891109 0.056378 0.074770
v -0.897812 0.055366 0.035527
v -1.142820 0.056605 -0.007826
v -1.464613 0.049690 -0.136617
v -1.367878 0.054700 -0.088285
v -0.254208 0.075099 0.053607
v -0.384773 0.080233 0.083157
v -0.322067 0.083165 0.095753
v -0.278368 0.085448 0.138575
v -0.213533 0.084369 0.096141
v -0.125354 0.083180 0.083756
v -0.607408 0.063214 0.053848
v -0.721554 0.059991 0.085943
v -0.653964 0.063974 0.100604
v -0.611080 0.067384 0.143716
v -0.571514 0.071066 0.098615
v -0.515969 0.074258 0.084386
v -0.517802 0.065414 0.051952
v -0.701808 0.057633 0.049048
v -1.777394 0.020623 -0.278501
v -1.690500 0.032754 -0.245165
v -1.733677 0.028292 -0.258732
v -1.762740 0.024177 -0.256918
v -1.551972 0.045160 -0.111148
v -1.556944 0.041705 -0.033959
v -1.562672 0.036626 0.057057
v -1.474240 0.050396 -0.065487
v -1.485321 0.046918 0.010172
v -1.496868 0.042172 0.094475
v -1.395103 0.053654 -0.001622
v -1.414707 0.049720 0.076170
v -1.434452 0.045330 0.148269
v -1.010564 0.007896 0.832742
v -0.937420 0.008007 0.840651
v -0.868359 0.008601 0.848114
v -1.011227 0.025033 0.585654
v -0.940655 0.025323 0.587526
v -0.872692 0.025974 0.592178
v -1.009499 0.039296 0.371182
v -0.943983 0.040212 0.360020
v -0.876254 0.041033 0.359223
v -0.573909 0.025555 0.860562
v -0.541229 0.029031 0.859464
v -0.509008 0.032113 0.858860
v -0.574497 0.043948 0.608684
v -0.542129 0.047968 0.601816
v -0.509593 0.051458 0.598336
v -0.577660 0.058345 0.391902
v -0.545264 0.062966 0.372095
v -0.510037 0.066835 0.362952
v -0.241613 0.039604 0.861749
v -0.170463 0.040131 0.861479
v -0.098999 0.040488 0.861548
v -0.244069 0.059248 0.607995
v -0.174008 0.060030 0.601667
v -0.101431 0.060461 0.599264
v -0.245468 0.074499 0.390356
v -0.179722 0.075720 0.370531
v -0.105858 0.076211 0.362817
v -1.742998 0.014067 -0.013884
v -1.712025 0.018914 -0.001936
v -1.673117 0.024258 0.012229
v -1.745637 0.019958 -0.100463
v -1.714625 0.024722 -0.092655
v -1.674252 0.029898 -0.081055
v -1.747791 0.024027 -0.172536
v -1.717792 0.028683 -0.170210
v -1.676338 0.033725 -0.160961
v -1.812223 0.001176 -0.053829
v -1.791679 0.005391 -0.040496
v -1.811711 0.006916 -0.137158
v -1.791968 0.011339 -0.122727
v -1.807203 0.012229 -0.210098
v -1.788868 0.016184 -0.189918
v -1.811409 -0.027692 0.307432
v -1.783228 -0.025154 0.324445
v -1.811125 -0.019869 0.211032
v -1.785105 -0.017141 0.230566
v -1.810929 -0.012244 0.120765
v -1.787327 -0.009142 0.139297
v -1.724434 -0.016475 0.352366
v -1.691975 -0.009917 0.366331
v -1.654580 -0.002405 0.380696
v -1.729505 -0.008662 0.260763
v -1.698054 -0.002688 0.275771
v -1.661106 0.004150 0.291427
v -1.734669 -0.000728 0.170242
v -1.703892 0.004706 0.185560
v -1.666947 0.010886 0.201891
v -0.437699 0.036409 0.858843
v -0.397498 0.037614 0.859444
v -0.355483 0.038407 0.860661
v -0.436583 0.056240 0.597573
v -0.395952 0.057473 0.600305
v -0.354446 0.058046 0.607244
v -0.428615 0.072086 0.361657
v -0.385307 0.073316 0.369524
v -0.344080 0.073410 0.389790
v -0.315404 -0.112455 2.207589
v -0.279373 -0.110499 2.203913
v -0.246535 -0.107312 2.193614
v -0.345179 -0.092588 2.097781
v -0.308029 -0.091510 2.097709
v -0.271140 -0.090124 2.095359
v -0.369641 -0.073407 1.974111
v -0.331549 -0.072645 1.975528
v -0.292701 -0.071977 1.976534
v -0.171631 -0.106521 2.196167
v -0.125031 -0.108865 2.209051
v -0.076642 -0.109925 2.215313
v -0.183282 -0.089335 2.099038
v -0.131750 -0.089902 2.104883
v -0.079703 -0.090108 2.108080
v -0.197025 -0.071248 1.981089
v -0.140521 -0.071144 1.984314
v -0.083953 -0.071047 1.986477
v -0.746734 0.012099 0.857913
v -0.695137 0.014988 0.860010
v -0.649477 0.018324 0.861188
v -0.748816 0.029726 0.601165
v -0.695469 0.032797 0.605004
v -0.649213 0.036164 0.610668
v -0.745975 0.044938 0.367994
v -0.690612 0.047987 0.376824
v -0.645806 0.050832 0.394641
v -0.556931 -0.120598 2.178954
v -0.525104 -0.118221 2.179749
v -0.502029 -0.114814 2.173722
v -0.598884 -0.102042 2.070136
v -0.565719 -0.100473 2.074150
v -0.537161 -0.098531 2.075424
v -0.637942 -0.084326 1.948188
v -0.602288 -0.082960 1.953384
v -0.570009 -0.081429 1.957335
v -0.454374 -0.112767 2.180417
v -0.422657 -0.114050 2.194150
v -0.388504 -0.114241 2.202581
v -0.480637 -0.095940 2.082552
v -0.449332 -0.095352 2.088882
v -0.416347 -0.094517 2.093358
v -0.507645 -0.078338 1.964156
v -0.475237 -0.076898 1.967387
v -0.441606 -0.075540 1.970084
v -1.266641 0.027024 0.553165
v -1.288188 -0.000252 0.921186
v -1.235975 0.006249 0.840951
v -1.164426 0.008178 0.819327
v -1.162233 0.025912 0.571663
v -1.135434 0.040443 0.355493
v -1.199919 0.043879 0.298100
v -1.258554 0.049646 0.191624
v -1.303596 0.042488 0.308204
v -1.349210 0.040009 0.338118
v -1.337801 0.032568 0.459698
v -1.358449 0.025938 0.542738
v -1.335901 0.020149 0.632932
v -1.348056 0.010474 0.759399
v -1.313144 0.008927 0.793663
v -1.012147 -0.129413 2.096006
v -0.936120 -0.126812 2.104759
v -0.871402 -0.123239 2.105906
v -1.065008 -0.110912 1.986378
v -0.991217 -0.108964 1.996945
v -0.920890 -0.106931 2.005782
v -1.117074 -0.093654 1.866838
v -1.045721 -0.091590 1.875486
v -0.974053 -0.090007 1.886595
v -0.757357 -0.121467 2.126116
v -0.700070 -0.122961 2.146839
v -0.646070 -0.123076 2.162115
v -0.792626 -0.104925 2.028995
v -0.735318 -0.104762 2.042938
v -0.683564 -0.104201 2.054436
v -0.839474 -0.088000 1.911605
v -0.779829 -0.087261 1.923092
v -0.726093 -0.086453 1.933098
v -1.793443 -0.129483 1.601552
v -1.764139 -0.121436 1.587488
v -1.729895 -0.115423 1.584071
v -1.820702 -0.120164 1.505838
v -1.788959 -0.110885 1.488178
v -1.753611 -0.104477 1.483578
v -1.839054 -0.108377 1.394372
v -1.805527 -0.100205 1.383375
v -1.768992 -0.094375 1.381519
v -1.624506 -0.174241 1.968618
v -1.573592 -0.166883 1.968869
v -1.536143 -0.161181 1.962677
v -1.685259 -0.161891 1.869314
v -1.637911 -0.155977 1.876296
v -1.596472 -0.151224 1.877721
v -1.728701 -0.149370 1.774973
v -1.689665 -0.144135 1.780616
v -1.650607 -0.139480 1.783211
v -1.456456 -0.152573 1.971329
v -1.408777 -0.147568 1.984607
v -1.367765 -0.140758 1.989635
v -1.512632 -0.141273 1.886315
v -1.467689 -0.135128 1.895062
v -1.423211 -0.128441 1.902676
v -1.570122 -0.128711 1.790248
v -1.527674 -0.122185 1.796197
v -1.482524 -0.115603 1.803490
v -1.843774 -0.057841 0.736809
v -1.815257 -0.055063 0.733000
v -1.782769 -0.052382 0.737809
v -1.814267 -0.049054 0.625772
v -1.782002 -0.046310 0.630128
v -1.813077 -0.042493 0.517098
v -1.781659 -0.039843 0.524433
v -1.854007 -0.085085 1.148798
v -1.820222 -0.081218 1.162781
v -1.783138 -0.077413 1.171173
v -1.853413 -0.076107 1.031519
v -1.821167 -0.073604 1.052191
v -1.785052 -0.070479 1.063456
v -1.848813 -0.068810 0.927327
v -1.819341 -0.066939 0.944667
v -1.784913 -0.064201 0.955082
v -1.705049 -0.065240 1.182071
v -1.663699 -0.056741 1.187854
v -1.618350 -0.048051 1.194680
v -1.708186 -0.058715 1.076531
v -1.667324 -0.050196 1.083221
v -1.622285 -0.041350 1.090870
v -1.710162 -0.052918 0.969861
v -1.670376 -0.044516 0.977465
v -1.626536 -0.035656 0.985901
v -1.270005 -0.192310 2.215250
v -1.107125 -0.231429 2.357462
v -1.122131 -0.198709 2.284051
v -1.124870 -0.172418 2.219326
v -1.214149 -0.167965 2.173675
v -1.273653 -0.160398 2.120457
v -1.318004 -0.171234 2.128735
v -1.391698 -0.172756 2.093637
v -1.402014 -0.183946 2.131554
v -1.459212 -0.196347 2.147795
v -1.374373 -0.210749 2.224141
v -1.318444 -0.234227 2.296484
v -1.221603 -0.229124 2.316291
v -1.447610 0.036217 0.295776
v -1.505947 0.031544 0.265955
v -1.565924 0.025004 0.240866
v -1.444771 0.031130 0.376554
v -1.503520 0.026152 0.348604
v -1.562345 0.019281 0.326521
v -1.446533 0.025622 0.452185
v -1.500887 0.020592 0.429705
v -1.557217 0.013588 0.411587
v -1.439929 0.015075 0.604506
v -1.491814 0.009219 0.602890
v -1.546292 0.002159 0.593810
v -1.432344 0.009473 0.692605
v -1.486048 0.003339 0.698468
v -1.541114 -0.003596 0.693069
v -1.430998 0.003115 0.786590
v -1.481420 -0.002780 0.798134
v -1.535623 -0.009351 0.795768
v -1.441092 -0.021381 1.115363
v -1.416156 -0.007347 0.952226
v -1.463532 -0.014403 0.996531
v -1.520103 -0.020671 1.004245
v -1.511888 -0.026981 1.109911
v -1.508948 -0.034599 1.214175
v -1.449360 -0.031467 1.233777
v -1.395516 -0.031821 1.271631
v -1.381977 -0.024194 1.189495
v -1.357169 -0.016185 1.104389
v -1.392313 -0.011673 1.028606
v -1.385656 -0.047856 1.431404
v -1.440988 -0.050297 1.423337
v -1.499906 -0.053920 1.413292
v -1.364109 -0.058119 1.522713
v -1.425386 -0.061613 1.519672
v -1.486900 -0.065706 1.512009
v -1.335976 -0.070330 1.624900
v -1.401017 -0.074154 1.620640
v -1.464055 -0.078431 1.612634
v -1.254294 -0.098539 1.848127
v -1.318379 -0.101435 1.836208
v -1.378280 -0.105033 1.823898
v -1.206307 -0.114248 1.958926
v -1.268788 -0.116050 1.942732
v -1.325577 -0.118547 1.926087
v -1.163853 -0.131486 2.061160
v -1.227973 -0.131720 2.038458
v -1.283057 -0.132265 2.013915
v -1.201832 -0.041730 1.425760
v -1.210909 -0.062477 1.610318
v -1.147458 -0.058897 1.599396
v -1.075906 -0.057266 1.606460
v -1.115473 -0.041661 1.444826
v -1.139618 -0.026097 1.264614
v -1.210012 -0.025470 1.245282
v -1.268880 -0.023369 1.213170
v -1.276537 -0.033373 1.324900
v -1.301710 -0.040553 1.393368
v -1.255051 -0.049579 1.488428
v -0.697789 -0.052267 1.670533
v -0.656139 -0.050551 1.675148
v -0.618824 -0.048613 1.678652
v -0.717232 -0.037351 1.509332
v -0.672663 -0.035385 1.513327
v -0.633096 -0.033143 1.516168
v -0.731111 -0.022125 1.323969
v -0.683847 -0.019875 1.327246
v -0.642122 -0.017290 1.329322
v -0.405616 -0.037858 1.690580
v -0.365992 -0.037036 1.692024
v -0.325402 -0.036427 1.693424
v -0.418184 -0.020862 1.525300
v -0.377910 -0.019954 1.526472
v -0.336416 -0.019296 1.527629
v -0.427580 -0.003286 1.335270
v -0.386930 -0.002281 1.336120
v -0.344753 -0.001564 1.336981
v -0.931125 -0.056052 1.635017
v -0.863569 -0.055466 1.646790
v -0.801273 -0.054711 1.656573
v -0.964982 -0.041149 1.474895
v -0.893963 -0.040718 1.486648
v -0.827894 -0.040017 1.496244
v -0.989027 -0.026017 1.291821
v -0.916069 -0.025706 1.302814
v -0.847507 -0.025044 1.311924
v -0.549680 -0.044428 1.683718
v -0.515317 -0.042388 1.685716
v -0.480221 -0.040540 1.687476
v -0.561984 -0.028315 1.520023
v -0.527687 -0.025982 1.521529
v -0.492892 -0.023880 1.522867
v -0.569457 -0.011735 1.331796
v -0.535641 -0.009072 1.332748
v -0.501607 -0.006684 1.333609
v -0.220084 -0.035685 1.697987
v -0.155838 -0.035475 1.700765
v -0.091592 -0.035326 1.702730
v -0.227570 -0.018442 1.531341
v -0.160829 -0.018161 1.533576
v -0.094088 -0.017963 1.535157
v -0.233195 -0.000571 1.339639
v -0.164579 -0.000205 1.341204
v -0.095963 0.000053 1.342310
v 0.317828 -0.177364 2.419236
v 0.221416 -0.218811 2.510059
v 0.287212 -0.218496 2.500029
v 0.360925 -0.220676 2.492483
v 0.383383 -0.185593 2.424118
v 0.419185 -0.160081 2.352607
v 0.379551 -0.153704 2.344063
v 0.369572 -0.142082 2.310046
v 0.323703 -0.151912 2.352508
v 0.275178 -0.155968 2.373785
v 0.247283 -0.182627 2.442986
v 0.088407 -0.173719 2.438502
v 0.018639 -0.217572 2.521890
v 0.065811 -0.216834 2.519000
v 0.113240 -0.218121 2.519319
v 0.142055 -0.181145 2.451899
v 0.182895 -0.154261 2.381237
v 0.145055 -0.148399 2.366619
v 0.121851 -0.136724 2.328813
v 0.074431 -0.147552 2.368258
v 0.023628 -0.152455 2.385138
v 0.024679 -0.180027 2.454925
v 1.658196 -0.042078 0.755509
v 1.659840 -0.036468 0.649687
v 1.662120 -0.030449 0.546452
v 1.621046 -0.034055 0.764942
v 1.623899 -0.028671 0.660080
v 1.627343 -0.022952 0.557902
v 1.580148 -0.025304 0.774880
v 1.584106 -0.020020 0.670835
v 1.588463 -0.014504 0.569625
v 1.765748 -0.159785 1.708963
v 1.750964 -0.182754 1.817759
v 1.700819 -0.204389 1.955018
v 1.601045 -0.103473 1.588470
v 1.624000 -0.092100 1.488300
v 1.637648 -0.081837 1.387764
v 1.561384 -0.096583 1.592114
v 1.584112 -0.084740 1.491949
v 1.597067 -0.073964 1.391906
v 1.517461 -0.089748 1.597115
v 1.540054 -0.077428 1.496841
v 1.552558 -0.066097 1.397210
v 0.680915 -0.188439 2.363944
v 0.551919 -0.226368 2.468341
v 0.671729 -0.229212 2.449416
v 0.800478 -0.233038 2.428877
v 0.817457 -0.198189 2.354330
v 0.857051 -0.171283 2.277122
v 0.762552 -0.164161 2.279274
v 0.707377 -0.151600 2.251326
v 0.636207 -0.161607 2.301249
v 0.555510 -0.164490 2.330412
v 0.554845 -0.191153 2.399150
v 0.966849 0.056779 0.022331
v 1.121209 0.058477 0.006280
v 1.088128 0.056605 -0.007826
v 0.843120 0.055366 0.035528
v 0.836417 0.056378 0.074770
v 0.920985 0.056167 0.079363
v 0.988598 0.054738 0.115284
v 1.040955 0.057305 0.054301
v 1.409921 0.049690 -0.136617
v 1.313186 0.054700 -0.088285
v 0.199516 0.075099 0.053607
v 0.330081 0.080233 0.083157
v 0.070662 0.083180 0.083756
v 0.158841 0.084369 0.096141
v 0.223676 0.085448 0.138575
v 0.267375 0.083165 0.095753
v 0.552716 0.063214 0.053848
v 0.666862 0.059991 0.085943
v 0.647116 0.057633 0.049048
v 0.463110 0.065414 0.051952
v 0.461277 0.074258 0.084386
v 0.516822 0.071066 0.098615
v 0.556388 0.067384 0.143716
v 0.599272 0.063974 0.100604
v 1.678985 0.028292 -0.258732
v 1.722703 0.020623 -0.278501
v 1.708048 0.024177 -0.256919
v 1.497280 0.045160 -0.111148
v 1.419548 0.050396 -0.065487
v 1.340411 0.053654 -0.001622
v 1.502252 0.041705 -0.033959
v 1.430629 0.046918 0.010172
v 1.360016 0.049720 0.076170
v 1.507979 0.036626 0.057057
v 1.442176 0.042172 0.094475
v 1.379759 0.045330 0.148269
v 0.955872 0.007896 0.832742
v 0.956535 0.025033 0.585654
v 0.954807 0.039296 0.371182
v 0.882728 0.008007 0.840651
v 0.885963 0.025323 0.587525
v 0.889291 0.040212 0.360020
v 0.813667 0.008601 0.848114
v 0.818001 0.025974 0.592178
v 0.821562 0.041033 0.359223
v 0.519217 0.025555 0.860562
v 0.519805 0.043948 0.608684
v 0.522968 0.058344 0.391902
v 0.486537 0.029031 0.859464
v 0.487437 0.047968 0.601816
v 0.490572 0.062966 0.372095
v 0.454316 0.032113 0.858860
v 0.454901 0.051458 0.598336
v 0.455345 0.066835 0.362952
v 0.186921 0.039604 0.861749
v 0.189377 0.059248 0.607994
v 0.190776 0.074499 0.390356
v 0.115771 0.040131 0.861479
v 0.119316 0.060030 0.601667
v 0.125030 0.075720 0.370531
v 0.044307 0.040488 0.861548
v 0.046739 0.060461 0.599264
v 0.051166 0.076211 0.362817
v 1.688306 0.014067 -0.013884
v 1.690945 0.019958 -0.100463
v 1.693099 0.024027 -0.172536
v 1.657333 0.018914 -0.001936
v 1.659933 0.024722 -0.092655
v 1.663100 0.028683 -0.170210
v 1.618425 0.024258 0.012229
v 1.619559 0.029898 -0.081055
v 1.621646 0.033725 -0.160961
v 1.757531 0.001176 -0.053829
v 1.757019 0.006916 -0.137158
v 1.752511 0.012229 -0.210098
v 1.736987 0.005391 -0.040496
v 1.737276 0.011339 -0.122727
v 1.734176 0.016184 -0.189918
v 1.756717 -0.027692 0.307432
v 1.756433 -0.019869 0.211032
v 1.756237 -0.012244 0.120765
v 1.728536 -0.025154 0.324445
v 1.730413 -0.017141 0.230566
v 1.732635 -0.009142 0.139297
v 1.669742 -0.016475 0.352366
v 1.674813 -0.008662 0.260763
v 1.679977 -0.000728 0.170242
v 1.637283 -0.009917 0.366331
v 1.643362 -0.002688 0.275771
v 1.649200 0.004706 0.185560
v 1.599888 -0.002405 0.380696
v 1.606414 0.004150 0.291427
v 1.612255 0.010886 0.201891
v 0.383007 0.036409 0.858843
v 0.381891 0.056240 0.597573
v 0.373923 0.072086 0.361657
v 0.342806 0.037614 0.859443
v 0.341260 0.057473 0.600305
v 0.330615 0.073316 0.369524
v 0.300791 0.038407 0.860661
v 0.299754 0.058046 0.607244
v 0.289388 0.073410 0.389790
v 0.260712 -0.112455 2.207590
v 0.290487 -0.092588 2.097781
v 0.314949 -0.073407 1.974112
v 0.224681 -0.110499 2.203913
v 0.253337 -0.091510 2.097709
v 0.276857 -0.072645 1.975528
v 0.191843 -0.107312 2.193613
v 0.216448 -0.090124 2.095359
v 0.238009 -0.071977 1.976534
v 0.116939 -0.106521 2.196166
v 0.128590 -0.089335 2.099038
v 0.142333 -0.071249 1.981090
v 0.070339 -0.108865 2.209051
v 0.077058 -0.089902 2.104883
v 0.085829 -0.071145 1.984314
v 0.021950 -0.109925 2.215312
v 0.025011 -0.090108 2.108079
v 0.029261 -0.071047 1.986476
v 0.692042 0.012099 0.857913
v 0.694124 0.029726 0.601165
v 0.691283 0.044938 0.367994
v 0.640445 0.014988 0.860011
v 0.640777 0.032797 0.605004
v 0.635920 0.047987 0.376824
v 0.594785 0.018324 0.861188
v 0.594521 0.036164 0.610668
v 0.591114 0.050832 0.394641
v 0.502239 -0.120598 2.178954
v 0.544192 -0.102042 2.070136
v 0.583250 -0.084326 1.948188
v 0.470412 -0.118221 2.179749
v 0.511027 -0.100473 2.074150
v 0.547596 -0.082960 1.953384
v 0.447337 -0.114814 2.173721
v 0.482469 -0.098531 2.075425
v 0.515317 -0.081429 1.957335
v 0.399682 -0.112767 2.180417
v 0.425945 -0.095940 2.082552
v 0.452953 -0.078338 1.964156
v 0.367965 -0.114050 2.194150
v 0.394640 -0.095352 2.088882
v 0.420546 -0.076898 1.967387
v 0.333812 -0.114241 2.202581
v 0.361655 -0.094517 2.093358
v 0.386914 -0.075540 1.970084
v 1.211949 0.027024 0.553165
v 1.233496 -0.000252 0.921185
v 1.258452 0.008927 0.793663
v 1.293363 0.010474 0.759399
v 1.281209 0.020149 0.632932
v 1.303757 0.025938 0.542739
v 1.283109 0.032568 0.459698
v 1.294518 0.040009 0.338118
v 1.248904 0.042488 0.308204
v 1.203862 0.049646 0.191625
v 1.145227 0.043879 0.298100
v 1.080742 0.040443 0.355493
v 1.107540 0.025912 0.571663
v 1.109734 0.008178 0.819327
v 1.181283 0.006249 0.840951
v 0.957455 -0.129413 2.096006
v 1.010316 -0.110912 1.986378
v 1.062382 -0.093654 1.866839
v 0.881428 -0.126812 2.104760
v 0.936525 -0.108964 1.996945
v 0.991029 -0.091590 1.875486
v 0.816710 -0.123239 2.105906
v 0.866198 -0.106931 2.005782
v 0.919361 -0.090007 1.886595
v 0.702665 -0.121467 2.126116
v 0.737934 -0.104925 2.028995
v 0.784782 -0.088000 1.911606
v 0.645378 -0.122961 2.146839
v 0.680626 -0.104762 2.042938
v 0.725137 -0.087261 1.923092
v 0.591378 -0.123076 2.162115
v 0.628872 -0.104201 2.054436
v 0.671401 -0.086453 1.933098
v 1.738751 -0.129483 1.601552
v 1.766010 -0.120164 1.505837
v 1.784362 -0.108377 1.394373
v 1.709447 -0.121436 1.587488
v 1.734267 -0.110885 1.488178
v 1.750835 -0.100205 1.383376
v 1.675203 -0.115423 1.584072
v 1.698919 -0.104477 1.483578
v 1.714300 -0.094375 1.381519
v 1.569814 -0.174241 1.968618
v 1.630567 -0.161891 1.869314
v 1.674009 -0.149370 1.774973
v 1.518900 -0.166883 1.968869
v 1.583219 -0.155977 1.876296
v 1.634973 -0.144135 1.780616
v 1.481451 -0.161181 1.962677
v 1.541780 -0.151224 1.877721
v 1.595915 -0.139480 1.783211
v 1.401764 -0.152573 1.971329
v 1.457940 -0.141273 1.886316
v 1.515430 -0.128711 1.790248
v 1.354085 -0.147568 1.984607
v 1.412997 -0.135128 1.895062
v 1.472982 -0.122185 1.796197
v 1.313073 -0.140758 1.989635
v 1.368518 -0.128441 1.902676
v 1.427832 -0.115603 1.803490
v 1.789082 -0.057841 0.736808
v 1.760565 -0.055063 0.733000
v 1.759575 -0.049054 0.625772
v 1.758385 -0.042493 0.517098
v 1.728077 -0.052382 0.737809
v 1.727310 -0.046310 0.630128
v 1.726967 -0.039843 0.524432
v 1.799315 -0.085085 1.148798
v 1.798721 -0.076107 1.031518
v 1.794121 -0.068810 0.927327
v 1.765530 -0.081218 1.162780
v 1.766475 -0.073603 1.052191
v 1.764649 -0.066939 0.944668
v 1.728446 -0.077413 1.171173
v 1.730360 -0.070479 1.063456
v 1.730221 -0.064201 0.955082
v 1.650357 -0.065240 1.182071
v 1.653494 -0.058715 1.076531
v 1.655470 -0.052918 0.969861
v 1.609007 -0.056741 1.187855
v 1.612632 -0.050196 1.083221
v 1.615684 -0.044516 0.977465
v 1.563657 -0.048051 1.194680
v 1.567593 -0.041350 1.090870
v 1.571844 -0.035656 0.985901
v 1.215313 -0.192310 2.215250
v 1.052432 -0.231429 2.357460
v 1.166911 -0.229124 2.316291
v 1.263752 -0.234227 2.296484
v 1.319681 -0.210749 2.224141
v 1.404520 -0.196347 2.147795
v 1.347322 -0.183946 2.131554
v 1.337006 -0.172756 2.093637
v 1.263312 -0.171234 2.128735
v 1.218961 -0.160398 2.120457
v 1.159457 -0.167965 2.173675
v 1.070178 -0.172418 2.219326
v 1.067439 -0.198709 2.284050
v 1.392918 0.036217 0.295776
v 1.390079 0.031130 0.376554
v 1.391841 0.025622 0.452185
v 1.451255 0.031544 0.265955
v 1.448828 0.026152 0.348604
v 1.446195 0.020592 0.429705
v 1.511232 0.025004 0.240866
v 1.507653 0.019281 0.326521
v 1.502525 0.013588 0.411587
v 1.385237 0.015075 0.604505
v 1.377652 0.009473 0.692605
v 1.376306 0.003115 0.786590
v 1.437122 0.009219 0.602890
v 1.431356 0.003339 0.698468
v 1.426728 -0.002780 0.798134
v 1.491600 0.002159 0.593811
v 1.486422 -0.003596 0.693069
v 1.480930 -0.009351 0.795768
v 1.386400 -0.021381 1.115362
v 1.361464 -0.007347 0.952226
v 1.337621 -0.011673 1.028607
v 1.302477 -0.016185 1.104389
v 1.327285 -0.024194 1.189496
v 1.340823 -0.031821 1.271631
v 1.394668 -0.031467 1.233777
v 1.454256 -0.034599 1.214175
v 1.457196 -0.026981 1.109911
v 1.465411 -0.020671 1.004246
v 1.408841 -0.014403 0.996531
v 1.330964 -0.047856 1.431404
v 1.309417 -0.058119 1.522713
v 1.281284 -0.070330 1.624900
v 1.386296 -0.050297 1.423337
v 1.370695 -0.061613 1.519673
v 1.346325 -0.074154 1.620640
v 1.445214 -0.053920 1.413292
v 1.432208 -0.065706 1.512009
v 1.409363 -0.078431 1.612634
v 1.199602 -0.098539 1.848126
v 1.151615 -0.114248 1.958926
v 1.109161 -0.131486 2.061161
v 1.263687 -0.101435 1.836208
v 1.214096 -0.116050 1.942732
v 1.173281 -0.131720 2.038459
v 1.323588 -0.105033 1.823898
v 1.270885 -0.118547 1.926088
v 1.228365 -0.132265 2.013915
v 1.147140 -0.041730 1.425760
v 1.156217 -0.062477 1.610318
v 1.200359 -0.049579 1.488428
v 1.247018 -0.040553 1.393368
v 1.221845 -0.033373 1.324900
v 1.214188 -0.023369 1.213169
v 1.155320 -0.025470 1.245281
v 1.084926 -0.026097 1.264614
v 1.060781 -0.041661 1.444826
v 1.021213 -0.057266 1.606460
v 1.092766 -0.058897 1.599396
v 0.643097 -0.052267 1.670533
v 0.662540 -0.037351 1.509332
v 0.676419 -0.022125 1.323969
v 0.601447 -0.050551 1.675148
v 0.617971 -0.035385 1.513327
v 0.629155 -0.019875 1.327246
v 0.564132 -0.048613 1.678652
v 0.578404 -0.033143 1.516168
v 0.587429 -0.017290 1.329322
v 0.350924 -0.037858 1.690580
v 0.363492 -0.020862 1.525300
v 0.372888 -0.003286 1.335270
v 0.311300 -0.037035 1.692023
v 0.323218 -0.019954 1.526472
v 0.332238 -0.002281 1.336120
v 0.270710 -0.036427 1.693424
v 0.281724 -0.019296 1.527629
v 0.290061 -0.001564 1.336980
v 0.876433 -0.056052 1.635017
v 0.910290 -0.041149 1.474895
v 0.934335 -0.026017 1.291820
v 0.808877 -0.055466 1.646790
v 0.839271 -0.040718 1.486648
v 0.861377 -0.025706 1.302814
v 0.746581 -0.054711 1.656572
v 0.773202 -0.040017 1.496244
v 0.792815 -0.025044 1.311924
v 0.494988 -0.044428 1.683718
v 0.507292 -0.028315 1.520023
v 0.514765 -0.011735 1.331796
v 0.460625 -0.042388 1.685716
v 0.472995 -0.025981 1.521529
v 0.480949 -0.009072 1.332748
v 0.425529 -0.040540 1.687476
v 0.438200 -0.023880 1.522866
v 0.446916 -0.006684 1.333609
v 0.165392 -0.035685 1.697987
v 0.172878 -0.018442 1.531341
v 0.178503 -0.000571 1.339639
v 0.101146 -0.035475 1.700765
v 0.106137 -0.018161 1.533576
v 0.109887 -0.000205 1.341204
v 0.036900 -0.035325 1.702730
v 0.039395 -0.017963 1.535157
v 0.041270 0.000053 1.342310
v 1.050274 -0.279440 2.444882
v 1.073834 -0.281041 2.440752
v 1.075435 -0.281151 2.440473
v 1.158113 -0.287237 2.425596
v 1.172943 -0.288310 2.422960
v 1.251938 -0.294190 2.409115
v 1.271297 -0.295653 2.405621
v 1.325659 -0.283276 2.367805
v 1.386404 -0.269907 2.324045
v 1.391492 -0.268765 2.320381
v 1.399853 -0.267120 2.313647
v 1.467502 -0.253255 2.260139
v 1.522291 -0.244077 2.210859
v 1.551574 -0.239174 2.184514
v 1.563373 -0.237747 2.172280
v 1.634596 -0.229670 2.096282
v 1.641481 -0.228914 2.088946
v 1.686664 -0.226579 2.033428
v 1.735608 -0.224607 1.972301
v 1.761952 -0.185491 1.809104
v 1.772494 -0.168501 1.729297
v 1.775833 -0.163244 1.703884
v 1.784883 -0.168951 1.709434
v 1.737073 -0.222535 1.964728
v 1.745346 -0.209985 1.913125
v 1.778395 -0.159211 1.683517
v 1.792248 -0.134913 1.545873
v 1.792502 -0.134386 1.542452
v 1.790146 -0.160619 1.667414
v 1.799815 -0.116338 1.415514
v 1.800240 -0.115306 1.408054
v 1.805028 -0.098955 1.273002
v 1.805472 -0.086192 1.143957
v 1.804851 -0.084021 1.117104
v 1.816181 -0.079176 1.023155
v 1.815958 -0.077828 1.007438
v 1.798950 -0.069074 0.919862
v 1.800852 -0.072921 0.973554
v 1.803083 -0.076542 1.025424
v 1.812495 -0.069815 0.898926
v 1.809764 -0.066035 0.843127
v 1.808509 -0.064585 0.820307
v 1.794205 -0.063414 0.831415
v 1.793384 -0.062762 0.819565
v 1.789682 -0.057953 0.737408
v 1.789139 -0.057235 0.725215
v 1.785011 -0.051853 0.631010
v 1.781358 -0.045937 0.533291
v 1.780789 -0.044893 0.516711
v 1.777170 -0.037267 0.401660
v 1.774178 -0.029255 0.292666
v 1.773349 -0.025377 0.245148
v 1.772243 -0.021348 0.192753
v 1.771470 -0.017244 0.144301
v 1.770704 -0.013996 0.103894
v 1.769238 -0.007461 0.023226
v 1.767355 -0.002051 -0.046053
v 1.761466 0.010047 -0.220478
v 1.767039 -0.001182 -0.057653
v 1.764557 0.004875 -0.140892
v 1.757428 0.013495 -0.288355
v -0.091289 -0.246547 2.558212
v -0.069981 -0.246393 2.558498
v -0.069901 -0.246393 2.558499
v -0.048666 -0.246261 2.558745
v -0.027346 -0.246188 2.558881
v -0.006026 -0.246261 2.558745
v -0.027346 -0.246188 2.558881
v 0.015209 -0.246393 2.558500
v 0.015289 -0.246393 2.558498
v 0.036597 -0.246547 2.558212
v 0.057889 -0.246803 2.557734
v 0.058885 -0.246800 2.557689
v 0.096020 -0.246536 2.556292
v 0.104971 -0.246471 2.555957
v 0.123372 -0.246495 2.554977
v 0.155841 -0.246597 2.553132
v 0.189187 -0.247021 2.550644
v 0.214345 -0.247542 2.548390
v 0.255203 -0.248292 2.544908
v 0.321434 -0.249848 2.538632
v 0.282071 -0.249046 2.542132
v 0.359859 -0.250796 2.534810
v 0.451015 -0.253154 2.525540
v 0.460807 -0.253522 2.524331
v 0.558370 -0.256451 2.513652
v 0.599035 -0.258085 2.508430
v 0.678511 -0.260650 2.499397
v 0.736261 -0.262856 2.492194
v 0.764141 -0.263921 2.488717
v 0.805063 -0.265650 2.483302
v 0.871501 -0.268824 2.473828
v 0.930133 -0.271694 2.465419
v 0.953550 -0.273087 2.461538
v -1.454545 -0.267120 2.313647
v -1.576983 -0.244077 2.210859
v -1.522194 -0.253255 2.260139
v -1.689288 -0.229670 2.096282
v -1.618064 -0.237747 2.172281
v -1.606266 -0.239174 2.184514
v -1.441098 -0.269906 2.324045
v -1.446184 -0.268766 2.320380
v -1.325989 -0.295653 2.405621
v -1.380352 -0.283276 2.367805
v -1.306630 -0.294190 2.409115
v -1.227635 -0.288310 2.422960
v -1.130125 -0.281151 2.440473
v -1.128526 -0.281041 2.440751
v -1.212805 -0.287237 2.425596
v -1.104966 -0.279440 2.444880
v -1.028170 -0.274368 2.458062
v -0.984825 -0.271694 2.465419
v -1.008242 -0.273087 2.461538
v -0.926193 -0.268824 2.473828
v -0.818836 -0.263921 2.488717
v -0.790954 -0.262856 2.492194
v -0.859755 -0.265650 2.483302
v -0.733203 -0.260650 2.499397
v -0.653727 -0.258085 2.508430
v -0.613062 -0.256451 2.513652
v -0.515499 -0.253522 2.524331
v -0.505707 -0.253154 2.525540
v -0.414551 -0.250796 2.534810
v -0.376126 -0.249848 2.538630
v -0.336763 -0.249046 2.542132
v -0.309895 -0.248292 2.544908
v -0.269037 -0.247542 2.548390
v -0.243879 -0.247021 2.550644
v -0.210534 -0.246597 2.553132
v -0.178064 -0.246495 2.554977
v -0.150713 -0.246536 2.556292
v -0.159663 -0.246471 2.555957
v -0.112581 -0.246803 2.557734
v -0.113577 -0.246800 2.557689
v -1.696173 -0.228914 2.088946
v -1.741356 -0.226578 2.033426
v -1.790300 -0.224607 1.972300
v -1.791765 -0.222535 1.964728
v -1.800038 -0.209985 1.913125
v -1.816644 -0.185491 1.809104
v -1.827186 -0.168501 1.729297
v -1.828041 -0.025377 0.245148
v -1.826935 -0.021348 0.192754
v -1.826162 -0.017244 0.144302
v -1.816158 0.010047 -0.220478
v -1.822047 -0.002051 -0.046053
v -1.821730 -0.001182 -0.057653
v -1.819249 0.004875 -0.140892
v -1.812120 0.013495 -0.288355
v -1.830525 -0.163244 1.703884
v -1.839575 -0.168951 1.709434
v -1.833087 -0.159211 1.683517
v -1.846940 -0.134913 1.545872
v -1.847194 -0.134386 1.542451
v -1.844838 -0.160619 1.667415
v -1.854507 -0.116338 1.415514
v -1.843831 -0.057234 0.725210
v -1.839703 -0.051853 0.631010
v -1.836049 -0.045937 0.533291
v -1.835481 -0.044893 0.516711
v -1.831862 -0.037267 0.401660
v -1.828870 -0.029255 0.292666
v -1.825396 -0.013996 0.103894
v -1.823930 -0.007461 0.023226
v -1.854931 -0.115306 1.408053
v -1.859720 -0.098955 1.273002
v -1.860164 -0.086192 1.143957
vn -0.6329 -0.7707 -0.0736
vn 0.6422 -0.7630 -0.0735
vn -0.0713 0.8661 0.4947
vn -0.0589 0.9233 0.3794
vn -0.0762 0.9502 0.3023
vn -0.0703 0.9279 0.3662
vn -0.0748 0.8770 0.4746
vn -0.0584 0.8651 0.4982
vn -0.0414 0.9584 0.2825
vn -0.0430 0.9588 0.2807
vn -0.0505 0.9232 0.3809
vn -0.0758 0.9669 0.2434
vn -0.0828 0.9612 0.2630
vn -0.0647 0.9639 0.2582
vn -0.0816 0.9551 0.2847
vn -0.0883 0.9251 0.3693
vn -0.0801 0.9552 0.2850
vn -0.0921 0.8791 0.4677
vn -0.0164 0.8715 0.4901
vn -0.0026 0.9301 0.3674
vn -0.0181 0.9584 0.2849
vn -0.0061 0.9335 0.3586
vn -0.0012 0.8766 0.4812
vn -0.0070 0.8707 0.4918
vn 0.0009 0.9616 0.2744
vn 0.0023 0.9622 0.2724
vn -0.0018 0.9289 0.3703
vn -0.0177 0.9738 0.2268
vn -0.0237 0.9689 0.2462
vn -0.0124 0.9698 0.2435
vn -0.0375 0.9590 0.2809
vn -0.0377 0.9261 0.3755
vn -0.0258 0.9613 0.2741
vn -0.0381 0.8698 0.4920
vn -0.2269 0.9724 0.0551
vn -0.2266 0.9724 0.0561
vn -0.2297 0.9713 0.0617
vn -0.2298 0.9713 0.0621
vn -0.1888 0.9807 0.0515
vn -0.2234 0.9733 0.0519
vn -0.2213 0.9738 0.0533
vn -0.1915 0.9799 0.0552
vn -0.1990 0.9783 0.0573
vn -0.2037 0.9771 0.0620
vn -0.2049 0.9763 0.0699
vn -0.2302 0.9705 0.0718
vn -0.2318 0.9701 0.0723
vn -0.1992 0.9774 0.0709
vn -0.1937 0.9792 0.0609
vn -0.1905 0.9802 0.0546
vn -0.3704 0.8872 0.2751
vn -0.3339 0.9145 0.2286
vn -0.2488 0.9249 0.2877
vn -0.2799 0.9230 0.2640
vn -0.3535 0.8798 0.3177
vn -0.2966 0.9301 0.2166
vn -0.3550 0.9139 0.1970
vn -0.3035 0.9210 0.2443
vn -0.1929 0.9690 0.1542
vn -0.1785 0.9716 0.1554
vn -0.2014 0.9713 0.1265
vn -0.1875 0.9737 0.1292
vn -0.1774 0.9679 0.1778
vn -0.1846 0.9655 0.1834
vn -0.1714 0.9683 0.1819
vn -0.1438 0.9741 0.1744
vn -0.1472 0.9772 0.1532
vn -0.1529 0.9796 0.1306
vn -0.1582 0.9816 0.1072
vn -0.1950 0.9752 0.1045
vn -0.2078 0.9729 0.1017
vn -0.1881 0.9771 0.0993
vn -0.1866 0.9747 0.1230
vn -0.1832 0.9716 0.1496
vn -0.0929 0.8858 0.4547
vn -0.0809 0.9290 0.3611
vn -0.0998 0.9385 0.3305
vn -0.0782 0.9283 0.3636
vn -0.0947 0.8934 0.4392
vn -0.0886 0.8796 0.4673
vn -0.0744 0.9564 0.2826
vn -0.0666 0.9580 0.2789
vn -0.0837 0.9260 0.3682
vn -0.0563 0.9702 0.2357
vn -0.0807 0.9590 0.2716
vn -0.0615 0.9657 0.2524
vn -0.0782 0.9507 0.3001
vn -0.0980 0.9216 0.3756
vn -0.0682 0.9548 0.2892
vn -0.1130 0.8930 0.4357
vn 0.0391 0.9984 -0.0409
vn 0.0184 0.9995 0.0263
vn -0.0039 0.9997 -0.0251
vn -0.0087 1.0000 0.0039
vn -0.0044 0.9995 0.0318
vn 0.0015 0.9982 0.0596
vn -0.0009 0.9984 0.0563
vn -0.0008 0.9986 0.0537
vn -0.0193 0.9990 0.0408
vn -0.0063 0.9986 -0.0531
vn -0.0078 0.9989 0.0454
vn -0.0001 0.9947 -0.1029
vn -0.0094 0.9989 -0.0457
vn 0.0521 0.9930 -0.1061
vn -0.0486 0.9987 -0.0159
vn -0.0292 0.9995 -0.0142
vn -0.0113 0.9991 0.0402
vn -0.0039 0.9997 0.0229
vn -0.0218 0.9996 0.0200
vn 0.0009 0.9998 -0.0176
vn -0.0036 0.9999 -0.0136
vn -0.0402 0.9956 -0.0851
vn -0.0855 0.9963 0.0063
vn -0.1204 0.9595 -0.2548
vn -0.0405 0.9984 0.0400
vn -0.0658 0.9973 0.0325
vn -0.0298 0.9979 -0.0581
vn -0.1086 0.9928 0.0513
vn -0.1024 0.9941 0.0365
vn -0.0893 0.9950 0.0435
vn -0.0655 0.9978 -0.0064
vn -0.0879 0.9960 0.0135
vn -0.2100 0.9775 -0.0184
vn -0.1963 0.9803 0.0203
vn -0.1531 0.9882 -0.0056
vn -0.1044 0.9937 -0.0417
vn -0.0605 0.9945 -0.0854
vn -0.0898 0.9952 0.0388
vn -0.1025 0.9935 0.0490
vn -0.0698 0.9969 0.0356
vn -0.0815 0.9957 0.0449
vn -0.0894 0.9958 0.0216
vn -0.1047 0.9935 0.0446
vn -0.1172 0.9916 0.0550
vn -0.1310 0.9894 0.0629
vn -0.1157 0.9917 0.0566
vn -0.0953 0.9941 0.0522
vn -0.0694 0.9963 0.0513
vn -0.0539 0.9975 0.0460
vn -0.0454 0.9982 0.0391
vn -0.0380 0.9990 0.0235
vn -0.0561 0.9983 0.0143
vn -0.0737 0.9972 0.0151
vn -0.0059 0.9976 0.0692
vn -0.0142 0.9976 0.0684
vn -0.0058 0.9978 0.0663
vn -0.0113 0.9978 0.0655
vn -0.0054 0.9973 0.0734
vn -0.0093 0.9974 0.0721
vn -0.0163 0.9973 0.0714
vn -0.0272 0.9971 0.0714
vn -0.0269 0.9973 0.0681
vn -0.0250 0.9976 0.0649
vn -0.0205 0.9980 0.0598
vn -0.0114 0.9980 0.0615
vn -0.0032 0.9980 0.0629
vn 0.0011 0.9980 0.0639
vn -0.0012 0.9977 0.0671
vn -0.0014 0.9975 0.0703
vn -0.1031 0.9920 0.0727
vn -0.0936 0.9929 0.0733
vn -0.1088 0.9918 0.0674
vn -0.0994 0.9928 0.0662
vn -0.0909 0.9930 0.0756
vn -0.0916 0.9928 0.0769
vn -0.0823 0.9935 0.0784
vn -0.0728 0.9941 0.0798
vn -0.0729 0.9946 0.0740
vn -0.0780 0.9948 0.0651
vn -0.0753 0.9960 0.0472
vn -0.0956 0.9940 0.0523
vn -0.1062 0.9927 0.0579
vn -0.1094 0.9921 0.0610
vn -0.1071 0.9919 0.0675
vn -0.1004 0.9923 0.0718
vn -0.0071 0.9970 0.0772
vn -0.0051 0.9971 0.0764
vn -0.0048 0.9975 0.0699
vn -0.0037 0.9977 0.0678
vn -0.0081 0.9966 0.0820
vn -0.0071 0.9966 0.0818
vn -0.0051 0.9966 0.0817
vn -0.0019 0.9967 0.0816
vn -0.0014 0.9971 0.0759
vn -0.0002 0.9978 0.0665
vn 0.0019 0.9989 0.0466
vn -0.0014 0.9987 0.0502
vn -0.0017 0.9984 0.0559
vn -0.0024 0.9982 0.0595
vn -0.0051 0.9974 0.0723
vn -0.0081 0.9969 0.0783
vn -0.1691 0.9830 0.0720
vn -0.1459 0.9870 0.0674
vn -0.1577 0.9856 0.0604
vn -0.1328 0.9896 0.0560
vn -0.2087 0.9744 0.0838
vn -0.1850 0.9793 0.0823
vn -0.1631 0.9836 0.0770
vn -0.1454 0.9869 0.0701
vn -0.1297 0.9896 0.0614
vn -0.1168 0.9919 0.0506
vn -0.1029 0.9943 0.0289
vn -0.1212 0.9920 0.0359
vn -0.1491 0.9879 0.0427
vn -0.1914 0.9803 0.0494
vn -0.1932 0.9792 0.0622
vn -0.2004 0.9769 0.0738
vn -0.2629 0.9626 0.0647
vn -0.2666 0.9623 0.0536
vn -0.2456 0.9666 0.0729
vn -0.2284 0.9703 0.0801
vn -0.2334 0.9698 0.0710
vn -0.2330 0.9707 0.0592
vn -0.2309 0.9720 0.0425
vn -0.2539 0.9666 0.0349
vn -0.1626 0.9835 0.0793
vn -0.1930 0.9777 0.0822
vn -0.1331 0.9884 0.0730
vn -0.1583 0.9842 0.0791
vn -0.1798 0.9798 0.0872
vn -0.2011 0.9754 0.0904
vn -0.2182 0.9720 0.0877
vn -0.2212 0.9720 0.0797
vn -0.2295 0.9686 0.0953
vn -0.2189 0.9714 0.0922
vn -0.2200 0.9706 0.0976
vn -0.2042 0.9745 0.0931
vn -0.2074 0.9746 0.0840
vn -0.2327 0.9688 0.0859
vn -0.2273 0.9702 0.0842
vn -0.2022 0.9761 0.0800
vn -0.1944 0.9772 0.0860
vn -0.1811 0.9797 0.0855
vn -0.1637 0.9833 0.0793
vn -0.1842 0.9790 0.0871
vn -0.2039 0.9746 0.0925
vn -0.2168 0.9718 0.0930
vn -0.2191 0.9709 0.0968
vn -0.2151 0.9721 0.0936
vn -0.0353 0.9965 0.0755
vn -0.0265 0.9967 0.0762
vn -0.0402 0.9970 0.0656
vn -0.0351 0.9971 0.0668
vn -0.0482 0.9956 0.0808
vn -0.0311 0.9962 0.0814
vn -0.0212 0.9964 0.0817
vn -0.0166 0.9965 0.0819
vn -0.0226 0.9968 0.0772
vn -0.0319 0.9971 0.0689
vn -0.0340 0.9980 0.0530
vn -0.0440 0.9979 0.0467
vn -0.0442 0.9980 0.0447
vn -0.0527 0.9976 0.0448
vn -0.0522 0.9965 0.0650
vn -0.0482 0.9960 0.0748
vn -0.0281 0.9823 0.1853
vn -0.0253 0.9829 0.1826
vn -0.0256 0.9871 0.1582
vn -0.0210 0.9875 0.1565
vn -0.0358 0.9739 0.2241
vn -0.0303 0.9747 0.2215
vn -0.0435 0.9739 0.2226
vn -0.0389 0.9762 0.2134
vn -0.0386 0.9826 0.1815
vn -0.0188 0.9878 0.1543
vn -0.0169 0.9906 0.1355
vn -0.0196 0.9905 0.1361
vn -0.0249 0.9903 0.1368
vn -0.0334 0.9899 0.1377
vn -0.0332 0.9866 0.1595
vn -0.0341 0.9817 0.1871
vn -0.0090 0.9845 0.1753
vn -0.0071 0.9837 0.1795
vn -0.0105 0.9882 0.1528
vn -0.0076 0.9880 0.1543
vn -0.0082 0.9800 0.1990
vn -0.0074 0.9787 0.2050
vn -0.0062 0.9770 0.2131
vn -0.0023 0.9760 0.2176
vn -0.0029 0.9833 0.1818
vn -0.0029 0.9879 0.1550
vn -0.0026 0.9910 0.1339
vn -0.0068 0.9909 0.1341
vn -0.0096 0.9909 0.1342
vn -0.0110 0.9909 0.1343
vn -0.0119 0.9885 0.1506
vn -0.0093 0.9854 0.1699
vn -0.0623 0.9957 0.0689
vn -0.0809 0.9943 0.0695
vn -0.0651 0.9958 0.0642
vn -0.0887 0.9940 0.0643
vn -0.0424 0.9965 0.0719
vn -0.0587 0.9956 0.0727
vn -0.0746 0.9945 0.0736
vn -0.0891 0.9932 0.0745
vn -0.0969 0.9928 0.0706
vn -0.1063 0.9922 0.0657
vn -0.1181 0.9914 0.0568
vn -0.0979 0.9937 0.0546
vn -0.0669 0.9962 0.0560
vn -0.0417 0.9974 0.0581
vn -0.0441 0.9969 0.0644
vn -0.0441 0.9967 0.0684
vn -0.0697 0.9786 0.1938
vn -0.0751 0.9783 0.1933
vn -0.0614 0.9848 0.1627
vn -0.0666 0.9844 0.1629
vn -0.0732 0.9701 0.2313
vn -0.0782 0.9694 0.2326
vn -0.1070 0.9643 0.2421
vn -0.1087 0.9659 0.2349
vn -0.0733 0.9793 0.1884
vn -0.0679 0.9845 0.1615
vn -0.0668 0.9880 0.1392
vn -0.0633 0.9883 0.1386
vn -0.0565 0.9889 0.1375
vn -0.0482 0.9895 0.1363
vn -0.0548 0.9853 0.1619
vn -0.0636 0.9792 0.1929
vn -0.0556 0.9814 0.1837
vn -0.0502 0.9811 0.1870
vn -0.0597 0.9853 0.1601
vn -0.0527 0.9856 0.1609
vn -0.0622 0.9760 0.2087
vn -0.0533 0.9753 0.2142
vn -0.0493 0.9739 0.2216
vn -0.0427 0.9735 0.2246
vn -0.0427 0.9812 0.1881
vn -0.0434 0.9860 0.1607
vn -0.0446 0.9893 0.1387
vn -0.0547 0.9887 0.1393
vn -0.0620 0.9883 0.1394
vn -0.0662 0.9880 0.1394
vn -0.0649 0.9850 0.1599
vn -0.0633 0.9811 0.1827
vn -0.0107 0.9972 0.0739
vn -0.0050 0.9974 0.0725
vn -0.0012 0.9978 0.0669
vn -0.0077 0.9983 0.0583
vn -0.0134 0.9980 0.0623
vn -0.0203 0.9970 0.0746
vn -0.0280 0.9969 0.0736
vn -0.0133 0.9970 0.0766
vn -0.0082 0.9970 0.0773
vn -0.0229 0.9970 0.0745
vn -0.0090 0.9973 0.0735
vn -0.0036 0.9975 0.0703
vn -0.0087 0.9970 0.0766
vn -0.0018 0.9981 0.0618
vn 0.0003 0.9977 0.0672
vn -0.0198 0.9990 0.0392
vn -0.0207 0.9986 0.0492
vn -0.0094 0.9986 0.0514
vn -0.0475 0.9972 0.0579
vn -0.0455 0.9969 0.0635
vn -0.0262 0.9982 0.0547
vn -0.0661 0.9948 0.0771
vn -0.0562 0.9954 0.0779
vn -0.0490 0.9962 0.0719
vn -0.0512 0.9961 0.0724
vn -0.0310 0.9966 0.0766
vn -0.0514 0.9961 0.0715
vn -0.0532 0.9801 0.1911
vn -0.0521 0.9806 0.1890
vn -0.0483 0.9854 0.1633
vn -0.0469 0.9857 0.1620
vn -0.0637 0.9701 0.2342
vn -0.0598 0.9711 0.2309
vn -0.0577 0.9726 0.2251
vn -0.0550 0.9749 0.2157
vn -0.0500 0.9815 0.1846
vn -0.0453 0.9860 0.1602
vn -0.0405 0.9894 0.1396
vn -0.0422 0.9891 0.1411
vn -0.0433 0.9888 0.1429
vn -0.0486 0.9881 0.1461
vn -0.0531 0.9849 0.1647
vn -0.0568 0.9798 0.1919
vn -0.0477 0.9817 0.1845
vn -0.0528 0.9804 0.1896
vn -0.0429 0.9863 0.1593
vn -0.0447 0.9860 0.1606
vn -0.0491 0.9772 0.2066
vn -0.0524 0.9752 0.2151
vn -0.0614 0.9725 0.2245
vn -0.0681 0.9710 0.2292
vn -0.0581 0.9797 0.1920
vn -0.0485 0.9857 0.1612
vn -0.0406 0.9900 0.1354
vn -0.0368 0.9901 0.1356
vn -0.0360 0.9900 0.1365
vn -0.0376 0.9897 0.1379
vn -0.0433 0.9864 0.1588
vn -0.0467 0.9823 0.1812
vn -0.1943 0.9694 0.1497
vn -0.1584 0.9769 0.1434
vn -0.2072 0.9687 0.1366
vn -0.1502 0.9809 0.1237
vn -0.2226 0.9602 0.1690
vn -0.1853 0.9682 0.1678
vn -0.1548 0.9744 0.1633
vn -0.1558 0.9735 0.1675
vn -0.1570 0.9771 0.1435
vn -0.1527 0.9809 0.1201
vn -0.1459 0.9844 0.0986
vn -0.1351 0.9854 0.1037
vn -0.1990 0.9731 0.1165
vn -0.2862 0.9468 0.1472
vn -0.2688 0.9487 0.1666
vn -0.1520 0.9652 0.2130
vn -0.1184 0.9732 0.1969
vn -0.1587 0.9666 0.2014
vn -0.1286 0.9733 0.1900
vn -0.1990 0.9456 0.2575
vn -0.1404 0.9634 0.2283
vn -0.1133 0.9713 0.2092
vn -0.1148 0.9717 0.2066
vn -0.1208 0.9724 0.1997
vn -0.1331 0.9713 0.1969
vn -0.1473 0.9711 0.1877
vn -0.1431 0.9732 0.1800
vn -0.1670 0.9683 0.1855
vn -0.2124 0.9557 0.2040
vn -0.2260 0.9481 0.2236
vn -0.2195 0.9462 0.2379
vn -0.1779 0.9533 0.2442
vn -0.1862 0.9490 0.2544
vn -0.1795 0.9559 0.2324
vn -0.1770 0.9563 0.2326
vn -0.1406 0.9646 0.2229
vn -0.1688 0.9544 0.2464
vn -0.1897 0.9445 0.2682
vn -0.1852 0.9456 0.2675
vn -0.1708 0.9546 0.2441
vn -0.1555 0.9635 0.2177
vn -0.1457 0.9699 0.1949
vn -0.1701 0.9632 0.2081
vn -0.1797 0.9607 0.2117
vn -0.1701 0.9642 0.2035
vn -0.1619 0.9624 0.2180
vn -0.1523 0.9630 0.2223
vn -0.0900 0.9945 0.0529
vn -0.0920 0.9942 0.0549
vn -0.0975 0.9935 0.0589
vn -0.0899 0.9946 0.0524
vn -0.0900 0.9945 0.0533
vn -0.1273 0.9905 0.0524
vn -0.1278 0.9903 0.0549
vn -0.1317 0.9895 0.0601
vn -0.1412 0.9876 0.0684
vn -0.1102 0.9918 0.0651
vn -0.1249 0.9893 0.0751
vn -0.1074 0.9918 0.0692
vn -0.1013 0.9927 0.0651
vn -0.0971 0.9935 0.0599
vn -0.1507 0.9843 0.0918
vn -0.1205 0.9892 0.0838
vn -0.1398 0.9870 0.0799
vn -0.1349 0.9887 0.0660
vn -0.1312 0.9897 0.0572
vn -0.1287 0.9903 0.0528
vn -0.0913 0.9943 0.0547
vn -0.0875 0.9945 0.0575
vn -0.2141 0.9745 0.0666
vn -0.2034 0.9767 0.0681
vn -0.2167 0.9746 0.0570
vn -0.2085 0.9763 0.0585
vn -0.1884 0.9788 0.0799
vn -0.2116 0.9740 0.0815
vn -0.1996 0.9763 0.0835
vn -0.1617 0.9831 0.0855
vn -0.1659 0.9837 0.0698
vn -0.1731 0.9831 0.0603
vn -0.1823 0.9817 0.0558
vn -0.2149 0.9752 0.0537
vn -0.2198 0.9741 0.0522
vn -0.1879 0.9808 0.0518
vn -0.1878 0.9806 0.0564
vn -0.1881 0.9800 0.0656
vn -0.1353 0.8944 0.4263
vn -0.1361 0.9158 0.3778
vn -0.1679 0.9323 0.3203
vn -0.1369 0.9596 0.2459
vn -0.1171 0.9441 0.3083
vn -0.1273 0.9103 0.3938
vn -0.1280 0.8901 0.4374
vn -0.1396 0.8719 0.4693
vn -0.0916 0.9481 0.3044
vn -0.1103 0.9450 0.3079
vn -0.1161 0.9178 0.3797
vn -0.1835 0.9400 0.2875
vn -0.1785 0.9436 0.2790
vn -0.1467 0.9451 0.2921
vn -0.1229 0.9700 0.2098
vn -0.1153 0.9686 0.2202
vn -0.1538 0.9579 0.2423
vn -0.1720 0.9404 0.2934
vn -0.1511 0.9263 0.3452
vn -0.1268 0.9583 0.2561
vn -0.1401 0.8795 0.4547
vn -0.1391 0.8805 0.4532
vn -0.1403 0.9026 0.4069
vn -0.1156 0.9911 0.0665
vn -0.1411 0.9876 0.0686
vn -0.1203 0.9903 0.0693
vn -0.1460 0.9866 0.0724
vn -0.0822 0.9947 0.0613
vn -0.1095 0.9923 0.0586
vn -0.1330 0.9893 0.0602
vn -0.1537 0.9860 0.0648
vn -0.1649 0.9836 0.0726
vn -0.1715 0.9822 0.0761
vn -0.1728 0.9821 0.0745
vn -0.1461 0.9866 0.0731
vn -0.1216 0.9899 0.0722
vn -0.0971 0.9929 0.0681
vn -0.0895 0.9937 0.0670
vn -0.0843 0.9943 0.0659
vn -0.1054 0.9918 0.0722
vn -0.1313 0.9890 0.0688
vn -0.1058 0.9920 0.0686
vn -0.1229 0.9902 0.0665
vn -0.0872 0.9932 0.0777
vn -0.1141 0.9907 0.0746
vn -0.1399 0.9876 0.0715
vn -0.1688 0.9832 0.0694
vn -0.1615 0.9847 0.0655
vn -0.1519 0.9864 0.0634
vn -0.1408 0.9880 0.0630
vn -0.1132 0.9913 0.0665
vn -0.1003 0.9926 0.0688
vn -0.0778 0.9946 0.0686
vn -0.0807 0.9943 0.0701
vn -0.0878 0.9932 0.0762
vn -0.0738 0.9941 0.0794
vn -0.1008 0.9926 0.0671
vn -0.0844 0.9936 0.0750
vn -0.0524 0.9951 0.0838
vn -0.0513 0.9956 0.0787
vn -0.0673 0.9947 0.0782
vn -0.0915 0.9931 0.0736
vn -0.0502 0.9957 0.0783
vn -0.1401 0.9884 0.0585
vn -0.1285 0.9897 0.0627
vn -0.1134 0.9915 0.0632
vn -0.1145 0.9896 0.0876
vn -0.0817 0.9926 0.0899
vn -0.1187 0.9903 0.0717
vn -0.0392 0.9946 0.0956
vn -0.0334 0.9954 0.0895
vn -0.0560 0.9939 0.0946
vn -0.0267 0.9963 0.0813
vn -0.0376 0.9963 0.0767
vn -0.0317 0.9959 0.0850
vn -0.0627 0.9900 0.1261
vn -0.0819 0.9882 0.1293
vn -0.0671 0.9884 0.1366
vn -0.0851 0.9861 0.1430
vn -0.0440 0.9929 0.1106
vn -0.0601 0.9919 0.1118
vn -0.0800 0.9905 0.1118
vn -0.1088 0.9878 0.1116
vn -0.1084 0.9853 0.1319
vn -0.1094 0.9827 0.1491
vn -0.1129 0.9800 0.1636
vn -0.0892 0.9840 0.1542
vn -0.0717 0.9867 0.1461
vn -0.0583 0.9886 0.1385
vn -0.0530 0.9902 0.1290
vn -0.0473 0.9916 0.1203
vn -0.0726 0.9826 0.1708
vn -0.0955 0.9792 0.1788
vn -0.0726 0.9781 0.1951
vn -0.0996 0.9743 0.2020
vn -0.0600 0.9868 0.1504
vn -0.0736 0.9850 0.1561
vn -0.0928 0.9820 0.1644
vn -0.1195 0.9769 0.1774
vn -0.1291 0.9722 0.1952
vn -0.1414 0.9654 0.2193
vn -0.1507 0.9569 0.2484
vn -0.1129 0.9638 0.2416
vn -0.0827 0.9676 0.2386
vn -0.0690 0.9692 0.2363
vn -0.0598 0.9793 0.1932
vn -0.0591 0.9842 0.1672
vn -0.0357 0.9924 0.1179
vn -0.0329 0.9940 0.1040
vn -0.0204 0.9958 0.0887
vn -0.0126 0.9960 0.0883
vn -0.0198 0.9951 0.0971
vn -0.0403 0.9903 0.1327
vn -0.0342 0.9914 0.1265
vn -0.0417 0.9912 0.1255
vn -0.0366 0.9922 0.1191
vn -0.0294 0.9945 0.1007
vn -0.0396 0.9918 0.1218
vn -0.0147 0.9968 0.0782
vn -0.0131 0.9967 0.0799
vn -0.0213 0.9960 0.0868
vn -0.0101 0.9965 0.0834
vn -0.0180 0.9960 0.0873
vn -0.0068 0.9966 0.0819
vn -0.0279 0.9947 0.0991
vn -0.0284 0.9937 0.1083
vn -0.0229 0.9955 0.0920
vn -0.0526 0.9938 0.0983
vn -0.0634 0.9930 0.0995
vn -0.0533 0.9949 0.0857
vn -0.0659 0.9940 0.0868
vn -0.0436 0.9925 0.1145
vn -0.0537 0.9918 0.1158
vn -0.0625 0.9911 0.1172
vn -0.0681 0.9906 0.1183
vn -0.0713 0.9924 0.1007
vn -0.0762 0.9932 0.0879
vn -0.0822 0.9934 0.0796
vn -0.0697 0.9945 0.0786
vn -0.0554 0.9954 0.0776
vn -0.0407 0.9962 0.0767
vn -0.0400 0.9956 0.0847
vn -0.0410 0.9944 0.0971
vn -0.0254 0.9942 0.1042
vn -0.0187 0.9944 0.1039
vn -0.0266 0.9953 0.0934
vn -0.0188 0.9955 0.0933
vn -0.0345 0.9922 0.1194
vn -0.0249 0.9926 0.1189
vn -0.0190 0.9928 0.1185
vn -0.0161 0.9929 0.1182
vn -0.0154 0.9945 0.1038
vn -0.0152 0.9955 0.0933
vn -0.0153 0.9961 0.0863
vn -0.0194 0.9961 0.0863
vn -0.0284 0.9959 0.0862
vn -0.0433 0.9954 0.0859
vn -0.0393 0.9949 0.0933
vn -0.0364 0.9939 0.1044
vn -0.0221 0.9950 0.0973
vn -0.0245 0.9951 0.0963
vn -0.0170 0.9963 0.0846
vn -0.0208 0.9963 0.0839
vn -0.0301 0.9927 0.1171
vn -0.0287 0.9929 0.1150
vn -0.0299 0.9930 0.1138
vn -0.0347 0.9929 0.1136
vn -0.0306 0.9949 0.0963
vn -0.0282 0.9961 0.0839
vn -0.0272 0.9967 0.0760
vn -0.0182 0.9969 0.0760
vn -0.0129 0.9970 0.0766
vn -0.0104 0.9969 0.0779
vn -0.0160 0.9962 0.0861
vn -0.0225 0.9948 0.0992
vn -0.0720 0.9921 0.1031
vn -0.0640 0.9925 0.1040
vn -0.0807 0.9926 0.0906
vn -0.0720 0.9932 0.0920
vn -0.0692 0.9905 0.1191
vn -0.0658 0.9906 0.1198
vn -0.0582 0.9911 0.1201
vn -0.0471 0.9917 0.1199
vn -0.0511 0.9932 0.1045
vn -0.0568 0.9940 0.0929
vn -0.0643 0.9943 0.0851
vn -0.0823 0.9931 0.0838
vn -0.0916 0.9924 0.0822
vn -0.0909 0.9926 0.0808
vn -0.0819 0.9926 0.0892
vn -0.0745 0.9920 0.1019
vn -0.0076 0.9946 0.1033
vn -0.0054 0.9946 0.1032
vn -0.0074 0.9956 0.0930
vn -0.0052 0.9956 0.0930
vn -0.0096 0.9930 0.1176
vn -0.0083 0.9931 0.1173
vn -0.0059 0.9931 0.1170
vn -0.0022 0.9932 0.1168
vn -0.0020 0.9947 0.1031
vn -0.0020 0.9957 0.0930
vn -0.0020 0.9963 0.0863
vn -0.0053 0.9963 0.0863
vn -0.0075 0.9962 0.0862
vn -0.0086 0.9962 0.0862
vn -0.0085 0.9956 0.0930
vn -0.0087 0.9946 0.1034
vn 0.0713 0.8661 0.4947
vn 0.0745 0.8770 0.4747
vn 0.0703 0.9279 0.3662
vn 0.0762 0.9502 0.3023
vn 0.0808 0.9289 0.3614
vn 0.0584 0.8651 0.4982
vn 0.0821 0.8755 0.4762
vn 0.0816 0.9551 0.2847
vn 0.0801 0.9552 0.2850
vn 0.0883 0.9251 0.3693
vn 0.0758 0.9669 0.2434
vn 0.0647 0.9639 0.2582
vn 0.0828 0.9612 0.2630
vn 0.0461 0.9584 0.2818
vn 0.0572 0.9237 0.3789
vn 0.0576 0.9594 0.2759
vn 0.0164 0.8715 0.4901
vn 0.0206 0.8789 0.4765
vn 0.0061 0.9335 0.3586
vn 0.0181 0.9584 0.2849
vn 0.0240 0.9384 0.3448
vn 0.0070 0.8707 0.4918
vn 0.0364 0.8696 0.4925
vn 0.0375 0.9590 0.2809
vn 0.0258 0.9613 0.2741
vn 0.0377 0.9261 0.3755
vn 0.0177 0.9738 0.2268
vn 0.0124 0.9698 0.2435
vn 0.0237 0.9689 0.2462
vn 0.0024 0.9622 0.2723
vn 0.0060 0.9301 0.3674
vn 0.0093 0.9648 0.2630
vn 0.2243 0.9729 0.0561
vn 0.2287 0.9715 0.0621
vn 0.2223 0.9733 0.0579
vn 0.2282 0.9716 0.0628
vn 0.1879 0.9808 0.0518
vn 0.1896 0.9803 0.0549
vn 0.1924 0.9794 0.0613
vn 0.1972 0.9777 0.0716
vn 0.2328 0.9699 0.0719
vn 0.2322 0.9701 0.0710
vn 0.2055 0.9762 0.0696
vn 0.2004 0.9776 0.0636
vn 0.1926 0.9794 0.0603
vn 0.1830 0.9813 0.0592
vn 0.2153 0.9749 0.0558
vn 0.2200 0.9740 0.0532
vn 0.3339 0.9145 0.2286
vn 0.3704 0.8872 0.2751
vn 0.3000 0.9307 0.2094
vn 0.3151 0.9190 0.2368
vn 0.3544 0.9141 0.1970
vn 0.2487 0.9249 0.2877
vn 0.3535 0.8798 0.3177
vn 0.2799 0.9230 0.2640
vn 0.1830 0.9706 0.1563
vn 0.1914 0.9729 0.1296
vn 0.1693 0.9729 0.1577
vn 0.1766 0.9752 0.1331
vn 0.1688 0.9694 0.1783
vn 0.1762 0.9727 0.1508
vn 0.1819 0.9754 0.1243
vn 0.1851 0.9776 0.1004
vn 0.1997 0.9742 0.1047
vn 0.1855 0.9766 0.1085
vn 0.1505 0.9824 0.1110
vn 0.1451 0.9803 0.1339
vn 0.1416 0.9777 0.1550
vn 0.1431 0.9742 0.1745
vn 0.1676 0.9689 0.1823
vn 0.1777 0.9667 0.1840
vn 0.0929 0.8858 0.4547
vn 0.0963 0.8943 0.4370
vn 0.0782 0.9283 0.3636
vn 0.0523 0.9454 0.3216
vn 0.0886 0.9370 0.3378
vn 0.0886 0.8796 0.4673
vn 0.1099 0.8906 0.4414
vn 0.0782 0.9507 0.3001
vn 0.0682 0.9548 0.2892
vn 0.0980 0.9216 0.3756
vn 0.0563 0.9702 0.2357
vn 0.0615 0.9657 0.2524
vn 0.0585 0.9608 0.2711
vn 0.0780 0.9568 0.2800
vn 0.0898 0.9283 0.3609
vn 0.0727 0.9600 0.2705
vn -0.0391 0.9984 -0.0409
vn 0.0039 0.9997 -0.0251
vn 0.0108 0.9998 0.0194
vn 0.0099 0.9995 0.0284
vn -0.1597 0.9277 -0.3373
vn 0.0026 0.9990 0.0448
vn 0.0193 0.9990 0.0408
vn 0.0078 0.9989 0.0454
vn 0.0063 0.9986 -0.0531
vn -0.0015 0.9982 0.0596
vn 0.0008 0.9986 0.0537
vn 0.0009 0.9984 0.0563
vn 0.0188 0.9998 -0.0020
vn 0.0167 0.9987 -0.0489
vn 0.0765 0.9869 -0.1420
vn 0.0486 0.9987 -0.0159
vn 0.0292 0.9995 -0.0142
vn -0.0009 0.9998 -0.0176
vn 0.0036 0.9999 -0.0136
vn 0.0113 0.9991 0.0402
vn 0.0218 0.9996 0.0200
vn 0.0039 0.9997 0.0229
vn 0.0402 0.9956 -0.0851
vn 0.1204 0.9595 -0.2548
vn 0.0855 0.9963 0.0063
vn 0.0405 0.9984 0.0400
vn 0.0298 0.9979 -0.0581
vn 0.0622 0.9974 0.0359
vn 0.0480 0.9987 -0.0158
vn 0.0591 0.9982 -0.0067
vn 0.1086 0.9928 0.0513
vn 0.0893 0.9950 0.0435
vn 0.1024 0.9941 0.0365
vn 0.1401 0.9901 0.0017
vn 0.1963 0.9803 0.0203
vn 0.2100 0.9775 -0.0183
vn 0.0898 0.9952 0.0388
vn 0.0698 0.9969 0.0356
vn 0.1025 0.9935 0.0490
vn 0.0815 0.9957 0.0449
vn 0.0894 0.9958 0.0216
vn 0.0737 0.9972 0.0151
vn 0.0561 0.9983 0.0143
vn 0.0380 0.9990 0.0235
vn 0.0454 0.9982 0.0390
vn 0.0539 0.9975 0.0460
vn 0.0694 0.9963 0.0513
vn 0.0953 0.9941 0.0522
vn 0.1157 0.9917 0.0566
vn 0.1310 0.9894 0.0629
vn 0.1172 0.9916 0.0550
vn 0.1047 0.9935 0.0446
vn 0.0089 0.9976 0.0684
vn 0.0058 0.9978 0.0663
vn 0.0159 0.9976 0.0680
vn 0.0140 0.9978 0.0647
vn 0.0096 0.9973 0.0721
vn 0.0049 0.9976 0.0692
vn 0.0012 0.9977 0.0671
vn -0.0011 0.9980 0.0639
vn 0.0032 0.9980 0.0629
vn 0.0114 0.9980 0.0615
vn 0.0245 0.9980 0.0583
vn 0.0266 0.9976 0.0644
vn 0.0269 0.9973 0.0681
vn 0.0267 0.9971 0.0715
vn 0.0176 0.9973 0.0711
vn 0.0122 0.9974 0.0713
vn 0.1031 0.9920 0.0727
vn 0.1088 0.9918 0.0674
vn 0.0936 0.9929 0.0733
vn 0.0994 0.9928 0.0662
vn 0.0909 0.9930 0.0756
vn 0.1004 0.9923 0.0718
vn 0.1071 0.9919 0.0675
vn 0.1094 0.9921 0.0610
vn 0.1062 0.9927 0.0579
vn 0.0956 0.9940 0.0523
vn 0.0753 0.9960 0.0472
vn 0.0780 0.9948 0.0651
vn 0.0729 0.9946 0.0740
vn 0.0643 0.9946 0.0809
vn 0.0823 0.9935 0.0784
vn 0.0916 0.9928 0.0769
vn 0.0071 0.9970 0.0772
vn 0.0048 0.9975 0.0699
vn 0.0051 0.9971 0.0764
vn 0.0037 0.9977 0.0678
vn 0.0085 0.9966 0.0819
vn 0.0081 0.9969 0.0783
vn 0.0051 0.9974 0.0723
vn 0.0024 0.9982 0.0595
vn 0.0017 0.9984 0.0559
vn 0.0014 0.9987 0.0502
vn 0.0004 0.9990 0.0456
vn 0.0014 0.9978 0.0661
vn 0.0019 0.9971 0.0758
vn 0.0020 0.9967 0.0816
vn 0.0053 0.9966 0.0817
vn 0.0074 0.9966 0.0817
vn 0.1798 0.9814 0.0680
vn 0.1656 0.9845 0.0570
vn 0.1578 0.9856 0.0615
vn 0.1414 0.9886 0.0510
vn 0.2116 0.9738 0.0829
vn 0.2037 0.9763 0.0726
vn 0.1962 0.9787 0.0611
vn 0.1914 0.9803 0.0494
vn 0.1562 0.9869 0.0394
vn 0.1275 0.9914 0.0310
vn 0.1073 0.9940 0.0224
vn 0.1239 0.9913 0.0443
vn 0.1397 0.9887 0.0545
vn 0.1573 0.9856 0.0626
vn 0.1775 0.9816 0.0704
vn 0.1974 0.9772 0.0777
vn 0.2444 0.9671 0.0708
vn 0.2582 0.9644 0.0576
vn 0.2508 0.9673 0.0383
vn 0.2249 0.9732 0.0476
vn 0.2279 0.9717 0.0615
vn 0.2248 0.9716 0.0739
vn 0.2159 0.9728 0.0839
vn 0.2215 0.9719 0.0800
vn 0.1413 0.9861 0.0870
vn 0.1705 0.9812 0.0901
vn 0.1971 0.9765 0.0875
vn 0.2025 0.9749 0.0927
vn 0.1845 0.9781 0.0960
vn 0.1646 0.9820 0.0925
vn 0.1470 0.9856 0.0831
vn 0.1158 0.9901 0.0791
vn 0.2355 0.9674 0.0930
vn 0.2290 0.9689 0.0942
vn 0.2285 0.9696 0.0879
vn 0.2170 0.9723 0.0873
vn 0.2044 0.9752 0.0851
vn 0.2119 0.9727 0.0947
vn 0.2170 0.9713 0.0975
vn 0.2171 0.9717 0.0929
vn 0.2156 0.9725 0.0882
vn 0.1989 0.9767 0.0804
vn 0.1760 0.9818 0.0719
vn 0.1920 0.9782 0.0792
vn 0.2026 0.9759 0.0814
vn 0.2070 0.9753 0.0775
vn 0.2332 0.9690 0.0816
vn 0.2361 0.9680 0.0846
vn 0.0310 0.9966 0.0762
vn 0.0348 0.9972 0.0668
vn 0.0211 0.9968 0.0772
vn 0.0253 0.9973 0.0693
vn 0.0432 0.9957 0.0815
vn 0.0482 0.9960 0.0748
vn 0.0522 0.9965 0.0650
vn 0.0527 0.9976 0.0448
vn 0.0370 0.9982 0.0476
vn 0.0287 0.9981 0.0538
vn 0.0237 0.9981 0.0577
vn 0.0214 0.9972 0.0717
vn 0.0164 0.9968 0.0782
vn 0.0152 0.9965 0.0821
vn 0.0194 0.9964 0.0819
vn 0.0283 0.9962 0.0818
vn 0.0344 0.9822 0.1849
vn 0.0283 0.9871 0.1579
vn 0.0384 0.9826 0.1815
vn 0.0272 0.9874 0.1557
vn 0.0375 0.9739 0.2241
vn 0.0349 0.9817 0.1871
vn 0.0329 0.9866 0.1595
vn 0.0322 0.9899 0.1378
vn 0.0249 0.9903 0.1368
vn 0.0206 0.9905 0.1359
vn 0.0185 0.9906 0.1352
vn 0.0271 0.9878 0.1530
vn 0.0386 0.9826 0.1816
vn 0.0389 0.9762 0.2134
vn 0.0435 0.9739 0.2226
vn 0.0403 0.9743 0.2214
vn -0.0000 0.9838 0.1791
vn 0.0066 0.9880 0.1542
vn 0.0020 0.9833 0.1818
vn 0.0056 0.9879 0.1550
vn -0.0020 0.9789 0.2045
vn -0.0013 0.9847 0.1741
vn 0.0067 0.9883 0.1523
vn 0.0108 0.9909 0.1343
vn 0.0095 0.9909 0.1343
vn 0.0068 0.9909 0.1341
vn 0.0027 0.9910 0.1339
vn 0.0024 0.9879 0.1552
vn 0.0013 0.9832 0.1825
vn -0.0003 0.9757 0.2189
vn -0.0020 0.9760 0.2175
vn -0.0050 0.9771 0.2129
vn 0.0586 0.9959 0.0696
vn 0.0620 0.9960 0.0650
vn 0.0745 0.9947 0.0708
vn 0.0805 0.9945 0.0663
vn 0.0403 0.9966 0.0724
vn 0.0422 0.9967 0.0688
vn 0.0439 0.9970 0.0645
vn 0.0437 0.9974 0.0573
vn 0.0640 0.9963 0.0572
vn 0.0866 0.9945 0.0591
vn 0.1048 0.9926 0.0610
vn 0.0968 0.9930 0.0676
vn 0.0891 0.9934 0.0719
vn 0.0822 0.9937 0.0756
vn 0.0696 0.9948 0.0745
vn 0.0552 0.9958 0.0734
vn 0.0779 0.9778 0.1943
vn 0.0663 0.9844 0.1628
vn 0.0932 0.9764 0.1950
vn 0.0742 0.9838 0.1631
vn 0.0749 0.9700 0.2312
vn 0.0673 0.9789 0.1929
vn 0.0584 0.9851 0.1618
vn 0.0507 0.9894 0.1361
vn 0.0579 0.9888 0.1375
vn 0.0638 0.9883 0.1386
vn 0.0656 0.9881 0.1393
vn 0.0718 0.9843 0.1615
vn 0.0864 0.9781 0.1893
vn 0.1087 0.9659 0.2349
vn 0.1070 0.9643 0.2421
vn 0.0876 0.9684 0.2334
vn 0.0402 0.9820 0.1846
vn 0.0510 0.9857 0.1606
vn 0.0408 0.9814 0.1876
vn 0.0468 0.9858 0.1614
vn 0.0408 0.9766 0.2110
vn 0.0523 0.9818 0.1828
vn 0.0593 0.9853 0.1600
vn 0.0629 0.9882 0.1396
vn 0.0579 0.9885 0.1398
vn 0.0511 0.9889 0.1396
vn 0.0422 0.9894 0.1389
vn 0.0407 0.9861 0.1609
vn 0.0389 0.9813 0.1883
vn 0.0382 0.9736 0.2250
vn 0.0374 0.9741 0.2231
vn 0.0340 0.9754 0.2176
vn 0.0107 0.9972 0.0739
vn 0.0280 0.9969 0.0736
vn 0.0196 0.9974 0.0689
vn 0.0134 0.9980 0.0623
vn 0.0077 0.9983 0.0583
vn 0.0045 0.9979 0.0648
vn 0.0020 0.9974 0.0714
vn 0.0133 0.9970 0.0766
vn 0.0229 0.9970 0.0745
vn 0.0082 0.9970 0.0773
vn 0.0545 0.9960 0.0705
vn 0.0514 0.9961 0.0715
vn 0.0366 0.9967 0.0721
vn 0.0651 0.9954 0.0710
vn 0.0513 0.9964 0.0668
vn 0.0511 0.9962 0.0711
vn 0.0429 0.9976 0.0547
vn 0.0215 0.9985 0.0500
vn 0.0455 0.9969 0.0635
vn 0.0198 0.9990 0.0392
vn 0.0094 0.9986 0.0514
vn 0.0207 0.9986 0.0492
vn 0.0018 0.9981 0.0618
vn -0.0000 0.9977 0.0671
vn 0.0055 0.9983 0.0579
vn 0.0090 0.9973 0.0735
vn 0.0042 0.9972 0.0750
vn 0.0036 0.9975 0.0703
vn 0.0555 0.9801 0.1906
vn 0.0494 0.9854 0.1631
vn 0.0575 0.9805 0.1881
vn 0.0488 0.9856 0.1617
vn 0.0651 0.9702 0.2335
vn 0.0557 0.9798 0.1922
vn 0.0522 0.9849 0.1649
vn 0.0509 0.9880 0.1457
vn 0.0459 0.9887 0.1425
vn 0.0437 0.9891 0.1408
vn 0.0416 0.9894 0.1394
vn 0.0464 0.9860 0.1601
vn 0.0534 0.9815 0.1839
vn 0.0693 0.9743 0.2143
vn 0.0692 0.9721 0.2240
vn 0.0653 0.9711 0.2294
vn 0.0417 0.9816 0.1861
vn 0.0416 0.9863 0.1595
vn 0.0516 0.9805 0.1898
vn 0.0463 0.9860 0.1605
vn 0.0404 0.9762 0.2131
vn 0.0419 0.9823 0.1825
vn 0.0420 0.9864 0.1590
vn 0.0393 0.9897 0.1377
vn 0.0385 0.9899 0.1362
vn 0.0401 0.9900 0.1353
vn 0.0440 0.9898 0.1351
vn 0.0521 0.9856 0.1610
vn 0.0604 0.9796 0.1917
vn 0.0675 0.9710 0.2293
vn 0.0575 0.9723 0.2265
vn 0.0443 0.9742 0.2214
vn 0.1943 0.9694 0.1497
vn 0.2072 0.9687 0.1366
vn 0.1572 0.9771 0.1435
vn 0.1618 0.9793 0.1213
vn 0.2226 0.9602 0.1690
vn 0.2688 0.9487 0.1666
vn 0.2863 0.9468 0.1473
vn 0.1990 0.9731 0.1165
vn 0.1519 0.9834 0.0991
vn 0.1515 0.9837 0.0969
vn 0.1564 0.9805 0.1192
vn 0.1553 0.9773 0.1438
vn 0.1468 0.9748 0.1680
vn 0.1436 0.9760 0.1637
vn 0.1695 0.9711 0.1679
vn 0.1408 0.9671 0.2118
vn 0.1506 0.9679 0.2012
vn 0.1158 0.9737 0.1963
vn 0.1183 0.9748 0.1889
vn 0.1774 0.9501 0.2566
vn 0.1980 0.9505 0.2394
vn 0.2162 0.9499 0.2256
vn 0.2179 0.9546 0.2030
vn 0.1569 0.9700 0.1856
vn 0.1282 0.9754 0.1794
vn 0.1327 0.9734 0.1869
vn 0.1207 0.9733 0.1953
vn 0.1156 0.9732 0.1986
vn 0.1228 0.9700 0.2099
vn 0.1212 0.9696 0.2125
vn 0.1333 0.9648 0.2267
vn 0.1680 0.9553 0.2433
vn 0.1760 0.9567 0.2320
vn 0.1887 0.9484 0.2547
vn 0.1835 0.9549 0.2333
vn 0.1307 0.9658 0.2239
vn 0.1401 0.9652 0.2209
vn 0.1516 0.9644 0.2168
vn 0.1608 0.9659 0.2030
vn 0.1774 0.9611 0.2115
vn 0.1740 0.9625 0.2083
vn 0.1519 0.9690 0.1949
vn 0.1665 0.9615 0.2185
vn 0.1829 0.9521 0.2449
vn 0.1970 0.9429 0.2685
vn 0.1859 0.9453 0.2679
vn 0.1557 0.9562 0.2477
vn 0.0905 0.9944 0.0549
vn 0.0903 0.9944 0.0554
vn 0.0927 0.9939 0.0605
vn 0.0997 0.9926 0.0686
vn 0.1350 0.9883 0.0705
vn 0.1294 0.9897 0.0609
vn 0.1279 0.9903 0.0549
vn 0.1285 0.9903 0.0520
vn 0.0909 0.9944 0.0530
vn 0.0866 0.9948 0.0534
vn 0.1417 0.9875 0.0692
vn 0.1151 0.9916 0.0595
vn 0.1166 0.9910 0.0659
vn 0.1038 0.9929 0.0574
vn 0.0952 0.9940 0.0546
vn 0.0952 0.9940 0.0533
vn 0.1302 0.9901 0.0522
vn 0.1332 0.9895 0.0564
vn 0.1378 0.9883 0.0650
vn 0.1440 0.9865 0.0784
vn 0.1333 0.9879 0.0796
vn 0.1729 0.9812 0.0855
vn 0.2100 0.9753 0.0683
vn 0.2129 0.9753 0.0585
vn 0.1980 0.9777 0.0706
vn 0.2024 0.9774 0.0612
vn 0.1864 0.9792 0.0806
vn 0.1868 0.9802 0.0662
vn 0.1868 0.9808 0.0568
vn 0.1871 0.9810 0.0521
vn 0.2161 0.9749 0.0537
vn 0.2082 0.9764 0.0566
vn 0.1731 0.9831 0.0602
vn 0.1650 0.9842 0.0644
vn 0.1599 0.9844 0.0729
vn 0.1557 0.9838 0.0887
vn 0.1930 0.9774 0.0864
vn 0.2061 0.9750 0.0837
vn 0.1353 0.8944 0.4263
vn 0.1284 0.9104 0.3932
vn 0.1171 0.9441 0.3083
vn 0.1369 0.9596 0.2459
vn 0.1680 0.9323 0.3203
vn 0.1367 0.9239 0.3574
vn 0.1396 0.8719 0.4693
vn 0.1280 0.8901 0.4374
vn 0.1415 0.8798 0.4538
vn 0.1454 0.9025 0.4053
vn 0.1380 0.8799 0.4547
vn 0.1720 0.9404 0.2934
vn 0.1268 0.9583 0.2561
vn 0.1511 0.9263 0.3452
vn 0.1229 0.9700 0.2098
vn 0.1538 0.9579 0.2423
vn 0.1153 0.9686 0.2202
vn 0.1835 0.9400 0.2875
vn 0.1467 0.9451 0.2921
vn 0.1851 0.9423 0.2788
vn 0.0906 0.9477 0.3059
vn 0.1168 0.9184 0.3780
vn 0.1121 0.9464 0.3030
vn 0.1142 0.9911 0.0680
vn 0.1180 0.9904 0.0717
vn 0.1377 0.9879 0.0718
vn 0.1433 0.9869 0.0747
vn 0.0848 0.9947 0.0588
vn 0.0846 0.9943 0.0656
vn 0.0871 0.9937 0.0703
vn 0.0934 0.9930 0.0727
vn 0.1215 0.9900 0.0723
vn 0.1462 0.9866 0.0731
vn 0.1713 0.9823 0.0755
vn 0.1670 0.9828 0.0793
vn 0.1583 0.9843 0.0777
vn 0.1457 0.9868 0.0713
vn 0.1285 0.9896 0.0649
vn 0.1077 0.9923 0.0607
vn 0.1140 0.9912 0.0679
vn 0.1058 0.9920 0.0686
vn 0.1388 0.9882 0.0645
vn 0.1307 0.9894 0.0624
vn 0.0982 0.9925 0.0733
vn 0.0878 0.9932 0.0762
vn 0.0807 0.9943 0.0701
vn 0.0778 0.9946 0.0686
vn 0.1003 0.9926 0.0688
vn 0.1228 0.9905 0.0620
vn 0.1509 0.9869 0.0578
vn 0.1602 0.9853 0.0590
vn 0.1673 0.9839 0.0623
vn 0.1713 0.9829 0.0680
vn 0.1450 0.9871 0.0683
vn 0.1212 0.9901 0.0705
vn 0.0738 0.9941 0.0794
vn 0.0508 0.9953 0.0828
vn 0.0524 0.9951 0.0838
vn 0.0783 0.9938 0.0792
vn 0.1008 0.9926 0.0671
vn 0.0673 0.9947 0.0782
vn 0.0502 0.9957 0.0783
vn 0.0915 0.9931 0.0736
vn 0.0270 0.9964 0.0803
vn 0.0319 0.9959 0.0844
vn 0.0371 0.9962 0.0788
vn 0.0392 0.9946 0.0956
vn 0.0560 0.9939 0.0946
vn 0.0334 0.9954 0.0895
vn 0.1099 0.9898 0.0904
vn 0.1123 0.9908 0.0756
vn 0.0782 0.9926 0.0924
vn 0.1401 0.9884 0.0585
vn 0.1134 0.9915 0.0632
vn 0.1285 0.9897 0.0627
vn 0.0621 0.9900 0.1264
vn 0.0632 0.9884 0.1380
vn 0.0827 0.9882 0.1289
vn 0.0835 0.9861 0.1437
vn 0.0459 0.9929 0.1098
vn 0.0427 0.9917 0.1215
vn 0.0458 0.9903 0.1309
vn 0.0524 0.9888 0.1400
vn 0.0677 0.9868 0.1473
vn 0.0865 0.9841 0.1550
vn 0.1114 0.9802 0.1640
vn 0.1106 0.9827 0.1487
vn 0.1115 0.9852 0.1303
vn 0.1130 0.9876 0.1092
vn 0.0827 0.9905 0.1102
vn 0.0622 0.9919 0.1105
vn 0.0760 0.9825 0.1702
vn 0.0784 0.9780 0.1935
vn 0.0956 0.9792 0.1788
vn 0.1019 0.9742 0.2015
vn 0.0591 0.9868 0.1506
vn 0.0624 0.9841 0.1665
vn 0.0643 0.9793 0.1918
vn 0.0709 0.9694 0.2351
vn 0.0869 0.9680 0.2355
vn 0.1161 0.9640 0.2391
vn 0.1524 0.9568 0.2474
vn 0.1354 0.9661 0.2197
vn 0.1228 0.9730 0.1952
vn 0.1150 0.9773 0.1777
vn 0.0908 0.9822 0.1647
vn 0.0729 0.9850 0.1563
vn 0.0357 0.9924 0.1179
vn 0.0225 0.9942 0.1054
vn 0.0126 0.9960 0.0883
vn 0.0160 0.9958 0.0904
vn 0.0329 0.9940 0.1040
vn 0.0485 0.9902 0.1313
vn 0.0417 0.9912 0.1255
vn 0.0427 0.9912 0.1253
vn 0.0309 0.9939 0.1057
vn 0.0230 0.9951 0.0959
vn 0.0340 0.9927 0.1156
vn 0.0101 0.9965 0.0834
vn 0.0068 0.9966 0.0819
vn 0.0180 0.9960 0.0873
vn 0.0097 0.9968 0.0797
vn 0.0166 0.9960 0.0882
vn 0.0086 0.9967 0.0812
vn 0.0366 0.9922 0.1191
vn 0.0396 0.9918 0.1218
vn 0.0294 0.9945 0.1007
vn 0.0519 0.9938 0.0984
vn 0.0516 0.9950 0.0860
vn 0.0610 0.9931 0.0999
vn 0.0626 0.9942 0.0874
vn 0.0451 0.9924 0.1143
vn 0.0415 0.9944 0.0970
vn 0.0397 0.9956 0.0848
vn 0.0393 0.9963 0.0770
vn 0.0528 0.9955 0.0781
vn 0.0656 0.9947 0.0793
vn 0.0759 0.9938 0.0806
vn 0.0707 0.9935 0.0888
vn 0.0669 0.9926 0.1014
vn 0.0649 0.9908 0.1186
vn 0.0610 0.9912 0.1173
vn 0.0538 0.9918 0.1158
vn 0.0245 0.9942 0.1043
vn 0.0252 0.9953 0.0936
vn 0.0185 0.9944 0.1040
vn 0.0184 0.9955 0.0934
vn 0.0327 0.9923 0.1197
vn 0.0339 0.9939 0.1048
vn 0.0361 0.9949 0.0938
vn 0.0391 0.9955 0.0865
vn 0.0264 0.9959 0.0865
vn 0.0187 0.9961 0.0864
vn 0.0151 0.9961 0.0864
vn 0.0152 0.9955 0.0933
vn 0.0156 0.9945 0.1038
vn 0.0164 0.9929 0.1182
vn 0.0189 0.9928 0.1185
vn 0.0242 0.9926 0.1190
vn 0.0254 0.9950 0.0965
vn 0.0199 0.9963 0.0838
vn 0.0271 0.9950 0.0957
vn 0.0227 0.9963 0.0833
vn 0.0335 0.9926 0.1164
vn 0.0265 0.9948 0.0982
vn 0.0198 0.9962 0.0849
vn 0.0144 0.9970 0.0767
vn 0.0157 0.9970 0.0758
vn 0.0197 0.9969 0.0756
vn 0.0273 0.9967 0.0760
vn 0.0290 0.9961 0.0837
vn 0.0322 0.9949 0.0959
vn 0.0372 0.9929 0.1132
vn 0.0331 0.9930 0.1133
vn 0.0321 0.9929 0.1144
vn 0.0650 0.9924 0.1041
vn 0.0716 0.9932 0.0920
vn 0.0575 0.9928 0.1049
vn 0.0636 0.9936 0.0932
vn 0.0647 0.9907 0.1196
vn 0.0682 0.9924 0.1028
vn 0.0740 0.9932 0.0904
vn 0.0817 0.9933 0.0821
vn 0.0806 0.9932 0.0838
vn 0.0719 0.9938 0.0853
vn 0.0567 0.9947 0.0862
vn 0.0508 0.9943 0.0938
vn 0.0465 0.9934 0.1051
vn 0.0438 0.9918 0.1204
vn 0.0537 0.9912 0.1207
vn 0.0608 0.9909 0.1204
vn 0.0077 0.9946 0.1032
vn 0.0073 0.9956 0.0931
vn 0.0055 0.9947 0.1031
vn 0.0052 0.9956 0.0931
vn 0.0100 0.9930 0.1174
vn 0.0089 0.9946 0.1033
vn 0.0083 0.9956 0.0931
vn 0.0083 0.9962 0.0863
vn 0.0073 0.9962 0.0863
vn 0.0051 0.9963 0.0863
vn 0.0020 0.9963 0.0863
vn 0.0020 0.9957 0.0931
vn 0.0021 0.9947 0.1031
vn 0.0023 0.9932 0.1168
vn 0.0062 0.9931 0.1169
vn 0.0087 0.9931 0.1171
vn 0.2781 0.9559 0.0940
vn -0.1550 0.8494 0.5045
vn -0.2489 0.9637 0.0962
vn 0.1049 0.8362 0.5383
vn -0.1452 0.8399 0.5229
vn -0.0726 0.7910 0.6075
vn -0.1939 0.9776 0.0821
vn 0.0866 0.8004 0.5932
vn 0.0835 0.8085 0.5826
vn -0.1603 0.9839 0.0794
vn -0.0866 0.8004 0.5932
vn 0.1630 0.8677 0.4696
vn 0.1328 0.9898 0.0520
vn -0.0899 0.8219 0.5625
vn -0.0835 0.8085 0.5826
vn -0.2588 0.9632 0.0728
vn 0.2320 0.9700 0.0731
vn 0.0726 0.7910 0.6075
vn 0.1603 0.9839 0.0794
vn 0.2850 0.9571 0.0521
vn 0.0173 0.7889 0.6143
vn 0.1074 0.9921 0.0651
vn 0.1216 0.8612 0.4935
vn 0.2704 0.9622 0.0310
vn -0.1562 0.8462 0.5094
vn -0.2889 0.9554 0.0609
vn 0.1386 0.9888 0.0547
vn 0.1550 0.8494 0.5045
vn 0.2205 0.9167 0.3333
vn -0.1629 0.8677 0.4696
vn -0.2359 0.9690 0.0742
vn 0.3043 0.9443 0.1251
vn -0.1799 0.8805 0.4385
vn -0.3013 0.8775 0.3732
vn 0.1950 0.9019 0.3855
vn 0.1828 0.9813 0.0607
vn 0.5629 -0.8226 -0.0803
vn -0.0067 0.7831 0.6218
vn 0.2111 0.9742 0.0798
vn -0.2666 0.9633 0.0331
vn -0.0187 0.7848 0.6195
vn -0.1074 0.9925 0.0587
vn -0.0395 0.7873 0.6153
vn -0.1067 0.8534 0.5102
vn 0.1543 0.8447 0.5126
vn 0.0396 0.7873 0.6153
vn 0.1073 0.9925 0.0587
vn -0.1049 0.8362 0.5383
vn 0.1940 0.9776 0.0821
vn -0.1950 0.9019 0.3855
vn -0.1265 0.8740 0.4692
vn 0.0799 0.8112 0.5793
vn 0.0186 0.7889 0.6142
vn 0.2646 0.9622 0.0647
vn -0.0173 0.7889 0.6143
vn 0.1799 0.8805 0.4385
vn 0.1533 0.8515 0.5014
vn 0.1439 0.8640 0.4825
vn -0.2916 0.9552 0.0508
vn 0.0128 0.7849 0.6195
vn -0.2364 0.9132 0.3319
vn -0.1533 0.8515 0.5014
vn -0.2764 0.9534 0.1211
vn 0.1262 0.9893 0.0731
vn 0.1002 0.8215 0.5614
vn -0.1216 0.8612 0.4935
vn -0.1002 0.8215 0.5614
vn 0.2588 0.9632 0.0728
vn -0.1463 0.9869 0.0685
vn 0.2994 0.8778 0.3739
vn -0.1217 0.9906 0.0618
vn 0.1012 0.8505 0.5162
vn -0.6202 -0.7810 -0.0737
vn -0.6459 -0.7600 -0.0729
vn 0.6202 -0.7809 -0.0737
vn 0.6449 -0.7611 -0.0701
vn -0.0967 0.8717 0.4804
vn -0.0808 0.9289 0.3614
vn -0.0845 0.9285 0.3616
vn -0.0892 0.9268 0.3649
vn -0.0745 0.8770 0.4747
vn -0.0687 0.8667 0.4941
vn -0.0461 0.9584 0.2818
vn -0.0576 0.9594 0.2759
vn -0.0572 0.9237 0.3789
vn -0.0781 0.9624 0.2601
vn -0.1058 0.9501 0.2936
vn -0.0472 0.9607 0.2734
vn -0.0802 0.9551 0.2851
vn -0.0839 0.9245 0.3718
vn -0.0919 0.9539 0.2857
vn -0.0821 0.8755 0.4762
vn -0.0369 0.8766 0.4798
vn -0.0240 0.9384 0.3448
vn -0.0193 0.9382 0.3457
vn -0.0393 0.9324 0.3594
vn -0.0206 0.8789 0.4765
vn -0.0107 0.8718 0.4898
vn -0.0024 0.9622 0.2723
vn -0.0093 0.9648 0.2630
vn -0.0061 0.9301 0.3674
vn -0.0181 0.9700 0.2426
vn -0.0388 0.9612 0.2730
vn 0.0009 0.9646 0.2637
vn -0.0397 0.9589 0.2808
vn -0.0396 0.9261 0.3752
vn -0.0425 0.9605 0.2751
vn -0.0364 0.8696 0.4925
vn -0.2243 0.9729 0.0561
vn -0.2223 0.9733 0.0579
vn -0.2287 0.9715 0.0621
vn -0.2282 0.9716 0.0628
vn -0.2200 0.9740 0.0532
vn -0.2153 0.9749 0.0558
vn -0.1830 0.9813 0.0592
vn -0.1926 0.9794 0.0603
vn -0.2004 0.9776 0.0636
vn -0.2055 0.9762 0.0696
vn -0.2322 0.9701 0.0710
vn -0.2328 0.9699 0.0719
vn -0.1972 0.9777 0.0716
vn -0.1924 0.9794 0.0613
vn -0.1896 0.9803 0.0549
vn -0.4284 0.8619 0.2713
vn -0.4491 0.8599 0.2426
vn 0.8456 0.5339 -0.0003
vn -0.4093 0.8799 0.2414
vn -0.2804 0.9165 0.2853
vn -0.3093 0.9155 0.2573
vn -0.3378 0.8879 0.3122
vn -0.3578 0.8808 0.3102
vn 0.5461 0.7284 -0.4138
vn -0.3000 0.9307 0.2093
vn -0.3657 0.9094 0.1981
vn -0.3546 0.9141 0.1969
vn -0.3151 0.9190 0.2368
vn -0.1830 0.9706 0.1563
vn -0.1693 0.9729 0.1577
vn -0.1914 0.9729 0.1296
vn -0.1766 0.9752 0.1331
vn -0.1688 0.9694 0.1783
vn -0.1777 0.9667 0.1840
vn -0.1676 0.9689 0.1823
vn -0.1431 0.9742 0.1745
vn -0.1416 0.9777 0.1550
vn -0.1451 0.9803 0.1339
vn -0.1505 0.9824 0.1110
vn -0.1855 0.9766 0.1085
vn -0.1997 0.9742 0.1047
vn -0.1851 0.9776 0.1004
vn -0.1819 0.9754 0.1243
vn -0.1762 0.9727 0.1508
vn -0.1029 0.8934 0.4373
vn -0.0886 0.9370 0.3378
vn -0.0524 0.9454 0.3216
vn -0.0914 0.9304 0.3549
vn -0.0963 0.8943 0.4370
vn -0.0981 0.8852 0.4547
vn -0.0780 0.9568 0.2800
vn -0.0727 0.9600 0.2705
vn -0.0898 0.9283 0.3609
vn -0.0592 0.9656 0.2532
vn -0.0585 0.9608 0.2711
vn -0.0562 0.9605 0.2726
vn -0.0822 0.9515 0.2965
vn -0.0999 0.9225 0.3727
vn -0.0785 0.9553 0.2851
vn -0.1099 0.8906 0.4414
vn 0.0017 0.9999 -0.0125
vn -0.0108 0.9998 0.0194
vn 0.0112 0.9999 0.0017
vn -0.0099 0.9995 0.0284
vn -0.0026 0.9990 0.0448
vn 0.0021 0.9985 0.0555
vn 0.0049 0.9988 0.0489
vn -0.0029 0.9990 0.0446
vn -0.0130 0.9989 0.0458
vn 0.0022 0.9997 -0.0262
vn 0.0002 0.9988 0.0499
vn -0.0167 0.9987 -0.0489
vn -0.0188 0.9998 -0.0020
vn -0.0765 0.9869 -0.1420
vn -0.0433 0.9989 -0.0180
vn -0.0445 0.9989 -0.0111
vn -0.0112 0.9996 0.0249
vn 0.0139 0.9999 -0.0041
vn -0.0422 0.9991 -0.0102
vn 0.0045 0.9999 -0.0146
vn 0.0129 0.9999 -0.0039
vn -0.0553 0.9959 -0.0712
vn -0.0877 0.9908 -0.1034
vn -0.0275 0.9881 -0.1513
vn -0.0359 0.9987 0.0371
vn -0.0622 0.9974 0.0359
vn -0.0205 0.9970 -0.0747
vn -0.1092 0.9933 0.0382
vn -0.0791 0.9968 0.0120
vn -0.1049 0.9941 0.0257
vn -0.0480 0.9987 -0.0158
vn -0.0591 0.9982 -0.0067
vn -0.2125 0.9771 0.0063
vn -0.1966 0.9803 0.0211
vn -0.1401 0.9901 0.0017
vn -0.0951 0.9952 -0.0245
vn -0.0602 0.9966 -0.0568
vn -0.0923 0.9952 0.0322
vn -0.1072 0.9934 0.0412
vn -0.0702 0.9970 0.0327
vn -0.0830 0.9958 0.0379
vn -0.0915 0.9957 0.0145
vn -0.1096 0.9933 0.0374
vn -0.1245 0.9911 0.0475
vn -0.1395 0.9887 0.0555
vn -0.1214 0.9914 0.0497
vn -0.0982 0.9941 0.0458
vn -0.0679 0.9969 0.0402
vn -0.0522 0.9978 0.0401
vn -0.0455 0.9981 0.0405
vn -0.0382 0.9987 0.0329
vn -0.0562 0.9982 0.0187
vn -0.0740 0.9972 0.0117
vn -0.0089 0.9976 0.0684
vn -0.0159 0.9976 0.0680
vn -0.0028 0.9979 0.0653
vn -0.0140 0.9978 0.0647
vn -0.0096 0.9973 0.0721
vn -0.0122 0.9974 0.0713
vn -0.0176 0.9973 0.0711
vn -0.0267 0.9971 0.0715
vn -0.0266 0.9976 0.0644
vn -0.0245 0.9980 0.0583
vn -0.0067 0.9982 0.0594
vn 0.0011 0.9981 0.0608
vn 0.0042 0.9980 0.0626
vn 0.0014 0.9978 0.0664
vn -0.0049 0.9976 0.0692
vn -0.1076 0.9915 0.0732
vn -0.0986 0.9924 0.0739
vn -0.1012 0.9927 0.0662
vn -0.0922 0.9936 0.0651
vn -0.1003 0.9920 0.0769
vn -0.1028 0.9916 0.0784
vn -0.0934 0.9924 0.0799
vn -0.0643 0.9946 0.0809
vn -0.0778 0.9942 0.0746
vn -0.0744 0.9951 0.0646
vn -0.0629 0.9970 0.0444
vn -0.0764 0.9960 0.0472
vn -0.0863 0.9949 0.0518
vn -0.0966 0.9937 0.0574
vn -0.1065 0.9920 0.0674
vn -0.1064 0.9917 0.0727
vn -0.0042 0.9971 0.0764
vn -0.0034 0.9971 0.0760
vn 0.0019 0.9977 0.0677
vn 0.0003 0.9978 0.0665
vn -0.0085 0.9966 0.0819
vn -0.0074 0.9966 0.0817
vn -0.0053 0.9966 0.0817
vn -0.0020 0.9967 0.0816
vn -0.0019 0.9971 0.0758
vn -0.0014 0.9978 0.0661
vn -0.0004 0.9990 0.0456
vn 0.0061 0.9989 0.0464
vn 0.0107 0.9987 0.0494
vn 0.0071 0.9984 0.0554
vn 0.0024 0.9976 0.0699
vn -0.0045 0.9970 0.0772
vn -0.1798 0.9814 0.0680
vn -0.1578 0.9856 0.0615
vn -0.1656 0.9845 0.0570
vn -0.1414 0.9886 0.0510
vn -0.2116 0.9738 0.0829
vn -0.1974 0.9772 0.0777
vn -0.1775 0.9816 0.0704
vn -0.1573 0.9856 0.0626
vn -0.1397 0.9887 0.0545
vn -0.1239 0.9913 0.0443
vn -0.1073 0.9940 0.0224
vn -0.1275 0.9914 0.0310
vn -0.1562 0.9869 0.0394
vn -0.1833 0.9820 0.0455
vn -0.1961 0.9787 0.0611
vn -0.2037 0.9763 0.0726
vn -0.2444 0.9671 0.0708
vn -0.2582 0.9644 0.0576
vn -0.2215 0.9719 0.0800
vn -0.2159 0.9728 0.0839
vn -0.2248 0.9716 0.0739
vn -0.2279 0.9717 0.0615
vn -0.2249 0.9732 0.0476
vn -0.2508 0.9673 0.0383
vn -0.1413 0.9861 0.0870
vn -0.1705 0.9812 0.0901
vn -0.1158 0.9901 0.0791
vn -0.1470 0.9856 0.0831
vn -0.1646 0.9820 0.0925
vn -0.1845 0.9781 0.0960
vn -0.2025 0.9749 0.0927
vn -0.1971 0.9765 0.0875
vn -0.2355 0.9674 0.0930
vn -0.2285 0.9696 0.0879
vn -0.2290 0.9689 0.0942
vn -0.2170 0.9723 0.0873
vn -0.2044 0.9752 0.0851
vn -0.2361 0.9680 0.0846
vn -0.2332 0.9690 0.0816
vn -0.2070 0.9753 0.0775
vn -0.2026 0.9759 0.0814
vn -0.1920 0.9782 0.0792
vn -0.1760 0.9818 0.0719
vn -0.1989 0.9767 0.0804
vn -0.2156 0.9725 0.0882
vn -0.2171 0.9717 0.0929
vn -0.2170 0.9713 0.0975
vn -0.2119 0.9727 0.0947
vn -0.0310 0.9966 0.0762
vn -0.0210 0.9968 0.0772
vn -0.0348 0.9972 0.0668
vn -0.0253 0.9973 0.0693
vn -0.0432 0.9957 0.0815
vn -0.0283 0.9962 0.0818
vn -0.0194 0.9964 0.0819
vn -0.0152 0.9965 0.0821
vn -0.0164 0.9968 0.0782
vn -0.0214 0.9972 0.0717
vn -0.0237 0.9981 0.0577
vn -0.0287 0.9981 0.0538
vn -0.0370 0.9982 0.0476
vn -0.0496 0.9978 0.0442
vn -0.0529 0.9965 0.0651
vn -0.0522 0.9958 0.0754
vn -0.0345 0.9822 0.1849
vn -0.0384 0.9826 0.1815
vn -0.0283 0.9871 0.1579
vn -0.0272 0.9874 0.1557
vn -0.0375 0.9739 0.2241
vn -0.0403 0.9743 0.2214
vn -0.0291 0.9773 0.2097
vn -0.0279 0.9786 0.2038
vn -0.0250 0.9846 0.1730
vn -0.0271 0.9878 0.1530
vn -0.0185 0.9906 0.1352
vn -0.0206 0.9905 0.1359
vn -0.0322 0.9899 0.1378
vn -0.0329 0.9866 0.1595
vn -0.0349 0.9817 0.1871
vn -0.0020 0.9833 0.1818
vn -0.0066 0.9880 0.1542
vn -0.0056 0.9879 0.1550
vn 0.0020 0.9789 0.2045
vn 0.0050 0.9771 0.2129
vn 0.0020 0.9760 0.2175
vn 0.0003 0.9757 0.2189
vn -0.0013 0.9832 0.1825
vn -0.0024 0.9879 0.1552
vn -0.0027 0.9910 0.1339
vn -0.0095 0.9909 0.1342
vn -0.0108 0.9909 0.1343
vn -0.0067 0.9883 0.1523
vn 0.0013 0.9847 0.1741
vn -0.0586 0.9959 0.0696
vn -0.0745 0.9947 0.0708
vn -0.0620 0.9960 0.0650
vn -0.0805 0.9945 0.0663
vn -0.0403 0.9966 0.0724
vn -0.0552 0.9958 0.0734
vn -0.0696 0.9948 0.0745
vn -0.0822 0.9937 0.0756
vn -0.0891 0.9934 0.0719
vn -0.0968 0.9930 0.0676
vn -0.1048 0.9926 0.0610
vn -0.0866 0.9945 0.0591
vn -0.0640 0.9963 0.0572
vn -0.0437 0.9974 0.0573
vn -0.0439 0.9970 0.0645
vn -0.0422 0.9967 0.0688
vn -0.0779 0.9778 0.1943
vn -0.0932 0.9764 0.1950
vn -0.0663 0.9844 0.1628
vn -0.0742 0.9838 0.1631
vn -0.0749 0.9700 0.2312
vn -0.0876 0.9684 0.2334
vn -0.0847 0.9708 0.2244
vn -0.0815 0.9732 0.2152
vn -0.0864 0.9781 0.1893
vn -0.0718 0.9843 0.1615
vn -0.0656 0.9881 0.1393
vn -0.0638 0.9883 0.1386
vn -0.0579 0.9888 0.1375
vn -0.0507 0.9894 0.1361
vn -0.0584 0.9851 0.1618
vn -0.0673 0.9789 0.1929
vn -0.0402 0.9820 0.1846
vn -0.0408 0.9814 0.1876
vn -0.0510 0.9857 0.1606
vn -0.0468 0.9858 0.1614
vn -0.0408 0.9766 0.2110
vn -0.0340 0.9754 0.2176
vn -0.0374 0.9741 0.2231
vn -0.0382 0.9736 0.2250
vn -0.0389 0.9813 0.1883
vn -0.0407 0.9861 0.1609
vn -0.0422 0.9894 0.1389
vn -0.0511 0.9889 0.1396
vn -0.0579 0.9885 0.1398
vn -0.0629 0.9882 0.1396
vn -0.0593 0.9853 0.1600
vn -0.0523 0.9818 0.1828
vn -0.0102 0.9973 0.0731
vn -0.0020 0.9974 0.0714
vn -0.0045 0.9979 0.0648
vn -0.0071 0.9979 0.0641
vn -0.0062 0.9979 0.0639
vn -0.0196 0.9974 0.0689
vn -0.0162 0.9973 0.0719
vn -0.0147 0.9969 0.0779
vn -0.0066 0.9970 0.0765
vn -0.0227 0.9968 0.0762
vn -0.0039 0.9972 0.0750
vn -0.0002 0.9974 0.0714
vn -0.0042 0.9972 0.0750
vn -0.0055 0.9983 0.0579
vn -0.0187 0.9987 0.0481
vn -0.0215 0.9984 0.0530
vn -0.0064 0.9983 0.0576
vn -0.0429 0.9976 0.0547
vn -0.0427 0.9970 0.0650
vn -0.0215 0.9985 0.0500
vn -0.0651 0.9954 0.0710
vn -0.0511 0.9962 0.0711
vn -0.0513 0.9964 0.0668
vn -0.0545 0.9960 0.0705
vn -0.0366 0.9967 0.0721
vn -0.0510 0.9962 0.0713
vn -0.0555 0.9801 0.1906
vn -0.0575 0.9805 0.1881
vn -0.0494 0.9854 0.1631
vn -0.0488 0.9856 0.1617
vn -0.0651 0.9702 0.2335
vn -0.0653 0.9711 0.2294
vn -0.0692 0.9721 0.2240
vn -0.0693 0.9743 0.2143
vn -0.0534 0.9815 0.1839
vn -0.0464 0.9860 0.1601
vn -0.0416 0.9894 0.1394
vn -0.0437 0.9891 0.1408
vn -0.0459 0.9887 0.1425
vn -0.0509 0.9880 0.1457
vn -0.0522 0.9849 0.1649
vn -0.0557 0.9798 0.1922
vn -0.0417 0.9816 0.1861
vn -0.0516 0.9805 0.1898
vn -0.0416 0.9863 0.1595
vn -0.0463 0.9860 0.1605
vn -0.0404 0.9762 0.2131
vn -0.0443 0.9742 0.2214
vn -0.0575 0.9723 0.2265
vn -0.0675 0.9710 0.2293
vn -0.0604 0.9796 0.1917
vn -0.0521 0.9856 0.1610
vn -0.0440 0.9898 0.1351
vn -0.0401 0.9900 0.1353
vn -0.0385 0.9899 0.1362
vn -0.0393 0.9897 0.1377
vn -0.0420 0.9864 0.1590
vn -0.0419 0.9823 0.1825
vn -0.1982 0.9682 0.1524
vn -0.1572 0.9771 0.1435
vn -0.1944 0.9723 0.1298
vn -0.1618 0.9793 0.1213
vn -0.2383 0.9533 0.1858
vn -0.1695 0.9711 0.1679
vn -0.1436 0.9760 0.1637
vn -0.1468 0.9748 0.1680
vn -0.1553 0.9773 0.1438
vn -0.1564 0.9805 0.1192
vn -0.1515 0.9837 0.0969
vn -0.1519 0.9834 0.0991
vn -0.1734 0.9791 0.1065
vn -0.2956 0.9431 0.1525
vn -0.2863 0.9468 0.1473
vn -0.2972 0.9428 0.1512
vn -0.2719 0.9472 0.1697
vn -0.1408 0.9671 0.2118
vn -0.1158 0.9737 0.1963
vn -0.1506 0.9679 0.2012
vn -0.1183 0.9748 0.1889
vn -0.1774 0.9501 0.2566
vn -0.1333 0.9648 0.2267
vn -0.1212 0.9696 0.2124
vn -0.1228 0.9700 0.2099
vn -0.1156 0.9732 0.1986
vn -0.1207 0.9733 0.1953
vn -0.1327 0.9734 0.1869
vn -0.1282 0.9754 0.1794
vn -0.1569 0.9700 0.1856
vn -0.2179 0.9546 0.2030
vn -0.2162 0.9499 0.2256
vn -0.1981 0.9505 0.2394
vn -0.1680 0.9553 0.2433
vn -0.1887 0.9484 0.2547
vn -0.1760 0.9567 0.2320
vn -0.1835 0.9549 0.2333
vn -0.1307 0.9658 0.2239
vn -0.1557 0.9562 0.2477
vn -0.1859 0.9453 0.2679
vn -0.1970 0.9429 0.2685
vn -0.1829 0.9521 0.2449
vn -0.1665 0.9615 0.2185
vn -0.1519 0.9690 0.1949
vn -0.1740 0.9625 0.2083
vn -0.1774 0.9611 0.2115
vn -0.1608 0.9659 0.2030
vn -0.1516 0.9644 0.2168
vn -0.1401 0.9652 0.2209
vn -0.0899 0.9946 0.0525
vn -0.0981 0.9937 0.0548
vn -0.0903 0.9944 0.0554
vn -0.0927 0.9939 0.0605
vn -0.0866 0.9948 0.0534
vn -0.0909 0.9944 0.0530
vn -0.1285 0.9903 0.0520
vn -0.1279 0.9903 0.0549
vn -0.1294 0.9897 0.0609
vn -0.1350 0.9883 0.0705
vn -0.0997 0.9926 0.0686
vn -0.1417 0.9875 0.0692
vn -0.1166 0.9910 0.0659
vn -0.1151 0.9916 0.0595
vn -0.1038 0.9929 0.0574
vn -0.1729 0.9812 0.0855
vn -0.1333 0.9879 0.0796
vn -0.1440 0.9865 0.0784
vn -0.1378 0.9883 0.0650
vn -0.1332 0.9895 0.0564
vn -0.1302 0.9901 0.0522
vn -0.0952 0.9940 0.0533
vn -0.0952 0.9940 0.0546
vn -0.2100 0.9753 0.0683
vn -0.1980 0.9777 0.0706
vn -0.2129 0.9753 0.0585
vn -0.2024 0.9774 0.0612
vn -0.1864 0.9792 0.0806
vn -0.2061 0.9750 0.0837
vn -0.1930 0.9774 0.0864
vn -0.1557 0.9838 0.0887
vn -0.1599 0.9844 0.0729
vn -0.1650 0.9842 0.0644
vn -0.1731 0.9831 0.0602
vn -0.2082 0.9764 0.0566
vn -0.2161 0.9749 0.0537
vn -0.1871 0.9810 0.0521
vn -0.1868 0.9808 0.0568
vn -0.1868 0.9802 0.0662
vn -0.1470 0.9047 0.4000
vn -0.1367 0.9239 0.3574
vn -0.1680 0.9323 0.3203
vn -0.1326 0.9436 0.3034
vn -0.1392 0.9393 0.3135
vn -0.1284 0.9104 0.3932
vn -0.1326 0.8950 0.4260
vn -0.1462 0.8781 0.4556
vn -0.0906 0.9477 0.3059
vn -0.1121 0.9464 0.3030
vn -0.1168 0.9184 0.3780
vn -0.1817 0.9423 0.2813
vn -0.1851 0.9423 0.2788
vn -0.1461 0.9435 0.2975
vn -0.1246 0.9647 0.2321
vn -0.1259 0.9602 0.2491
vn -0.1412 0.9566 0.2550
vn -0.1635 0.9421 0.2928
vn -0.1534 0.9259 0.3451
vn -0.1340 0.9567 0.2586
vn -0.1415 0.8798 0.4538
vn -0.1380 0.8799 0.4547
vn -0.1454 0.9025 0.4053
vn -0.1142 0.9911 0.0680
vn -0.1377 0.9879 0.0718
vn -0.1180 0.9904 0.0717
vn -0.1433 0.9869 0.0747
vn -0.0848 0.9947 0.0588
vn -0.1077 0.9923 0.0607
vn -0.1285 0.9896 0.0649
vn -0.1457 0.9868 0.0713
vn -0.1583 0.9843 0.0777
vn -0.1670 0.9828 0.0793
vn -0.1713 0.9823 0.0754
vn -0.1462 0.9866 0.0731
vn -0.1215 0.9900 0.0723
vn -0.0934 0.9930 0.0727
vn -0.0871 0.9937 0.0703
vn -0.0846 0.9943 0.0656
vn -0.1140 0.9912 0.0679
vn -0.1388 0.9882 0.0645
vn -0.1010 0.9927 0.0656
vn -0.1307 0.9894 0.0624
vn -0.0982 0.9925 0.0733
vn -0.1212 0.9901 0.0705
vn -0.1450 0.9871 0.0683
vn -0.1712 0.9829 0.0680
vn -0.1673 0.9839 0.0623
vn -0.1602 0.9853 0.0590
vn -0.1509 0.9869 0.0578
vn -0.1228 0.9905 0.0620
vn -0.0955 0.9933 0.0655
vn -0.0774 0.9947 0.0684
vn -0.0779 0.9946 0.0684
vn -0.0806 0.9943 0.0702
vn -0.0704 0.9949 0.0717
vn -0.0843 0.9937 0.0743
vn -0.0783 0.9938 0.0792
vn -0.0542 0.9952 0.0810
vn -0.0508 0.9953 0.0828
vn -0.0676 0.9953 0.0698
vn -0.0854 0.9941 0.0670
vn -0.0522 0.9960 0.0727
vn -0.1287 0.9896 0.0643
vn -0.1181 0.9906 0.0683
vn -0.1006 0.9926 0.0687
vn -0.1099 0.9898 0.0904
vn -0.0782 0.9926 0.0924
vn -0.1123 0.9908 0.0756
vn -0.0395 0.9947 0.0951
vn -0.0341 0.9956 0.0868
vn -0.0584 0.9940 0.0924
vn -0.0270 0.9964 0.0803
vn -0.0371 0.9962 0.0788
vn -0.0319 0.9959 0.0844
vn -0.0621 0.9900 0.1264
vn -0.0827 0.9882 0.1289
vn -0.0632 0.9884 0.1380
vn -0.0835 0.9861 0.1437
vn -0.0459 0.9929 0.1098
vn -0.0622 0.9919 0.1105
vn -0.0827 0.9905 0.1102
vn -0.1130 0.9876 0.1092
vn -0.1115 0.9852 0.1303
vn -0.1106 0.9827 0.1487
vn -0.1114 0.9802 0.1640
vn -0.0865 0.9841 0.1550
vn -0.0677 0.9868 0.1473
vn -0.0524 0.9888 0.1400
vn -0.0458 0.9903 0.1309
vn -0.0427 0.9917 0.1215
vn -0.0761 0.9825 0.1702
vn -0.0956 0.9792 0.1788
vn -0.0784 0.9780 0.1935
vn -0.1019 0.9742 0.2015
vn -0.0591 0.9868 0.1506
vn -0.0729 0.9850 0.1563
vn -0.0908 0.9822 0.1647
vn -0.1150 0.9773 0.1777
vn -0.1228 0.9730 0.1952
vn -0.1354 0.9661 0.2197
vn -0.1524 0.9568 0.2474
vn -0.1161 0.9640 0.2391
vn -0.0869 0.9680 0.2355
vn -0.0709 0.9694 0.2351
vn -0.0643 0.9793 0.1918
vn -0.0624 0.9841 0.1665
vn -0.0226 0.9942 0.1054
vn -0.0242 0.9941 0.1059
vn -0.0160 0.9958 0.0904
vn -0.0104 0.9959 0.0902
vn -0.0225 0.9942 0.1054
vn -0.0485 0.9902 0.1313
vn -0.0427 0.9912 0.1253
vn -0.0332 0.9926 0.1171
vn -0.0332 0.9922 0.1197
vn -0.0245 0.9945 0.1020
vn -0.0347 0.9918 0.1226
vn -0.0097 0.9968 0.0797
vn -0.0086 0.9967 0.0812
vn -0.0166 0.9960 0.0882
vn -0.0132 0.9965 0.0821
vn -0.0176 0.9960 0.0880
vn -0.0088 0.9967 0.0813
vn -0.0309 0.9939 0.1057
vn -0.0340 0.9927 0.1156
vn -0.0230 0.9951 0.0959
vn -0.0519 0.9938 0.0984
vn -0.0610 0.9931 0.0999
vn -0.0516 0.9950 0.0860
vn -0.0626 0.9942 0.0874
vn -0.0451 0.9924 0.1143
vn -0.0538 0.9918 0.1158
vn -0.0610 0.9912 0.1173
vn -0.0649 0.9908 0.1186
vn -0.0669 0.9926 0.1014
vn -0.0707 0.9935 0.0888
vn -0.0759 0.9938 0.0806
vn -0.0656 0.9947 0.0793
vn -0.0528 0.9955 0.0781
vn -0.0393 0.9963 0.0770
vn -0.0397 0.9956 0.0848
vn -0.0415 0.9944 0.0970
vn -0.0244 0.9942 0.1043
vn -0.0185 0.9944 0.1040
vn -0.0252 0.9953 0.0936
vn -0.0184 0.9955 0.0934
vn -0.0327 0.9923 0.1197
vn -0.0242 0.9926 0.1190
vn -0.0189 0.9928 0.1185
vn -0.0163 0.9929 0.1182
vn -0.0156 0.9945 0.1038
vn -0.0151 0.9961 0.0864
vn -0.0187 0.9961 0.0864
vn -0.0264 0.9959 0.0865
vn -0.0391 0.9955 0.0865
vn -0.0361 0.9949 0.0938
vn -0.0339 0.9939 0.1048
vn -0.0254 0.9950 0.0965
vn -0.0271 0.9950 0.0957
vn -0.0199 0.9963 0.0838
vn -0.0227 0.9963 0.0833
vn -0.0335 0.9926 0.1164
vn -0.0321 0.9929 0.1144
vn -0.0331 0.9930 0.1133
vn -0.0372 0.9929 0.1132
vn -0.0322 0.9949 0.0959
vn -0.0290 0.9961 0.0837
vn -0.0273 0.9967 0.0760
vn -0.0197 0.9969 0.0756
vn -0.0157 0.9970 0.0758
vn -0.0144 0.9970 0.0767
vn -0.0198 0.9962 0.0849
vn -0.0265 0.9948 0.0982
vn -0.0650 0.9924 0.1041
vn -0.0575 0.9928 0.1049
vn -0.0716 0.9932 0.0920
vn -0.0636 0.9936 0.0932
vn -0.0647 0.9907 0.1196
vn -0.0608 0.9909 0.1204
vn -0.0537 0.9912 0.1207
vn -0.0438 0.9918 0.1204
vn -0.0465 0.9934 0.1051
vn -0.0508 0.9943 0.0938
vn -0.0567 0.9947 0.0862
vn -0.0719 0.9938 0.0853
vn -0.0806 0.9932 0.0838
vn -0.0817 0.9933 0.0821
vn -0.0740 0.9932 0.0904
vn -0.0682 0.9924 0.1028
vn -0.0077 0.9946 0.1032
vn -0.0055 0.9947 0.1031
vn -0.0073 0.9956 0.0931
vn -0.0052 0.9956 0.0931
vn -0.0100 0.9930 0.1174
vn -0.0087 0.9931 0.1171
vn -0.0062 0.9931 0.1169
vn -0.0023 0.9932 0.1168
vn -0.0021 0.9947 0.1031
vn -0.0020 0.9957 0.0931
vn -0.0051 0.9963 0.0863
vn -0.0073 0.9962 0.0863
vn -0.0083 0.9962 0.0863
vn -0.0083 0.9956 0.0931
vn -0.0089 0.9946 0.1033
vn 0.0967 0.8717 0.4804
vn 0.0747 0.8770 0.4746
vn 0.0892 0.9268 0.3649
vn 0.0845 0.9285 0.3616
vn 0.0589 0.9233 0.3794
vn 0.0687 0.8667 0.4941
vn 0.0921 0.8791 0.4677
vn 0.0802 0.9551 0.2851
vn 0.0919 0.9539 0.2857
vn 0.0839 0.9245 0.3718
vn 0.0781 0.9624 0.2601
vn 0.0472 0.9607 0.2734
vn 0.1058 0.9501 0.2936
vn 0.0414 0.9584 0.2825
vn 0.0505 0.9232 0.3809
vn 0.0430 0.9588 0.2807
vn 0.0369 0.8766 0.4799
vn 0.0012 0.8766 0.4813
vn 0.0393 0.9324 0.3594
vn 0.0193 0.9382 0.3456
vn 0.0026 0.9301 0.3674
vn 0.0107 0.8718 0.4898
vn 0.0381 0.8698 0.4920
vn 0.0397 0.9589 0.2808
vn 0.0425 0.9605 0.2751
vn 0.0396 0.9261 0.3752
vn 0.0181 0.9700 0.2426
vn -0.0009 0.9646 0.2637
vn 0.0388 0.9612 0.2730
vn -0.0009 0.9616 0.2744
vn 0.0018 0.9289 0.3703
vn -0.0023 0.9622 0.2724
vn 0.2269 0.9724 0.0551
vn 0.2297 0.9713 0.0617
vn 0.2266 0.9724 0.0561
vn 0.2298 0.9713 0.0621
vn 0.1888 0.9807 0.0515
vn 0.1905 0.9802 0.0546
vn 0.1937 0.9792 0.0609
vn 0.1992 0.9774 0.0709
vn 0.2318 0.9701 0.0723
vn 0.2302 0.9705 0.0718
vn 0.2049 0.9763 0.0699
vn 0.2037 0.9771 0.0620
vn 0.1990 0.9783 0.0573
vn 0.1915 0.9799 0.0552
vn 0.2213 0.9738 0.0533
vn 0.2234 0.9733 0.0519
vn 0.4490 0.8600 0.2426
vn 0.4093 0.8799 0.2414
vn -0.8461 0.5330 -0.0003
vn 0.4284 0.8619 0.2713
vn 0.2966 0.9301 0.2166
vn 0.3035 0.9210 0.2443
vn 0.3657 0.9094 0.1981
vn 0.3550 0.9139 0.1971
vn 0.2804 0.9165 0.2853
vn 0.3378 0.8879 0.3123
vn -0.5443 0.7306 -0.4122
vn 0.3578 0.8808 0.3102
vn 0.3093 0.9155 0.2573
vn 0.1929 0.9690 0.1542
vn 0.2014 0.9713 0.1265
vn 0.1785 0.9716 0.1554
vn 0.1875 0.9737 0.1292
vn 0.1774 0.9679 0.1778
vn 0.1832 0.9716 0.1496
vn 0.1866 0.9747 0.1230
vn 0.1881 0.9771 0.0993
vn 0.2078 0.9729 0.1017
vn 0.1950 0.9752 0.1045
vn 0.1582 0.9816 0.1072
vn 0.1529 0.9796 0.1306
vn 0.1472 0.9772 0.1532
vn 0.1438 0.9741 0.1744
vn 0.1714 0.9683 0.1819
vn 0.1846 0.9655 0.1834
vn 0.1029 0.8934 0.4373
vn 0.0947 0.8934 0.4392
vn 0.0914 0.9304 0.3549
vn 0.0998 0.9385 0.3305
vn 0.0809 0.9290 0.3611
vn 0.0981 0.8852 0.4547
vn 0.1130 0.8930 0.4357
vn 0.0822 0.9515 0.2965
vn 0.0785 0.9553 0.2851
vn 0.0999 0.9225 0.3728
vn 0.0592 0.9656 0.2532
vn 0.0562 0.9605 0.2726
vn 0.0807 0.9590 0.2716
vn 0.0744 0.9564 0.2826
vn 0.0837 0.9260 0.3682
vn 0.0666 0.9580 0.2789
vn -0.0017 0.9999 -0.0125
vn -0.0112 0.9999 0.0017
vn -0.0184 0.9995 0.0263
vn 0.0087 1.0000 0.0039
vn -0.0142 0.9950 -0.0988
vn 0.0044 0.9995 0.0318
vn 0.0130 0.9989 0.0458
vn -0.0002 0.9988 0.0499
vn -0.0022 0.9997 -0.0262
vn -0.0021 0.9985 0.0555
vn 0.0029 0.9990 0.0446
vn -0.0049 0.9988 0.0489
vn 0.0094 0.9989 -0.0457
vn 0.0001 0.9947 -0.1029
vn -0.0521 0.9930 -0.1061
vn 0.0433 0.9989 -0.0180
vn 0.0445 0.9989 -0.0111
vn -0.0045 0.9999 -0.0146
vn -0.0129 0.9999 -0.0039
vn 0.0112 0.9996 0.0249
vn 0.0422 0.9991 -0.0102
vn -0.0139 0.9999 -0.0041
vn 0.0553 0.9959 -0.0712
vn 0.0275 0.9881 -0.1513
vn 0.0877 0.9908 -0.1034
vn 0.0359 0.9987 0.0371
vn 0.0205 0.9970 -0.0747
vn 0.0658 0.9973 0.0325
vn 0.0655 0.9978 -0.0064
vn 0.0879 0.9960 0.0135
vn 0.1092 0.9933 0.0382
vn 0.1049 0.9941 0.0257
vn 0.0791 0.9968 0.0120
vn 0.1531 0.9882 -0.0056
vn 0.1966 0.9803 0.0211
vn 0.2125 0.9771 0.0063
vn 0.0923 0.9952 0.0322
vn 0.0702 0.9970 0.0327
vn 0.1072 0.9934 0.0412
vn 0.0830 0.9958 0.0379
vn 0.0915 0.9957 0.0145
vn 0.0740 0.9972 0.0117
vn 0.0562 0.9982 0.0187
vn 0.0382 0.9987 0.0329
vn 0.0455 0.9981 0.0405
vn 0.0522 0.9978 0.0401
vn 0.0679 0.9969 0.0402
vn 0.0982 0.9941 0.0458
vn 0.1214 0.9914 0.0497
vn 0.1395 0.9887 0.0555
vn 0.1245 0.9911 0.0475
vn 0.1096 0.9933 0.0374
vn 0.0059 0.9976 0.0692
vn 0.0028 0.9979 0.0653
vn 0.0142 0.9976 0.0684
vn 0.0113 0.9978 0.0655
vn 0.0054 0.9973 0.0734
vn 0.0014 0.9975 0.0703
vn -0.0014 0.9978 0.0664
vn -0.0042 0.9980 0.0626
vn -0.0011 0.9981 0.0608
vn 0.0067 0.9982 0.0594
vn 0.0205 0.9980 0.0598
vn 0.0250 0.9976 0.0649
vn 0.0272 0.9971 0.0714
vn 0.0163 0.9973 0.0714
vn 0.0093 0.9974 0.0721
vn 0.1076 0.9915 0.0732
vn 0.1012 0.9927 0.0662
vn 0.0986 0.9924 0.0739
vn 0.0922 0.9936 0.0651
vn 0.1003 0.9920 0.0769
vn 0.1064 0.9917 0.0727
vn 0.1065 0.9920 0.0674
vn 0.0966 0.9937 0.0574
vn 0.0863 0.9949 0.0518
vn 0.0764 0.9960 0.0472
vn 0.0629 0.9970 0.0444
vn 0.0744 0.9951 0.0646
vn 0.0777 0.9942 0.0746
vn 0.0728 0.9941 0.0798
vn 0.0934 0.9924 0.0799
vn 0.1028 0.9916 0.0784
vn 0.0042 0.9971 0.0764
vn -0.0019 0.9977 0.0677
vn 0.0034 0.9971 0.0760
vn -0.0003 0.9978 0.0665
vn 0.0081 0.9966 0.0820
vn 0.0045 0.9970 0.0772
vn -0.0024 0.9976 0.0699
vn -0.0071 0.9984 0.0554
vn -0.0107 0.9987 0.0494
vn -0.0061 0.9989 0.0464
vn -0.0019 0.9989 0.0466
vn 0.0002 0.9978 0.0665
vn 0.0014 0.9971 0.0759
vn 0.0019 0.9967 0.0816
vn 0.0051 0.9966 0.0817
vn 0.0071 0.9966 0.0818
vn 0.1691 0.9830 0.0720
vn 0.1577 0.9856 0.0604
vn 0.1459 0.9870 0.0674
vn 0.1328 0.9896 0.0560
vn 0.2087 0.9744 0.0838
vn 0.2004 0.9769 0.0738
vn 0.1932 0.9792 0.0622
vn 0.1833 0.9820 0.0454
vn 0.1491 0.9879 0.0427
vn 0.1212 0.9920 0.0359
vn 0.1029 0.9943 0.0289
vn 0.1168 0.9919 0.0506
vn 0.1297 0.9896 0.0614
vn 0.1454 0.9869 0.0701
vn 0.1631 0.9836 0.0770
vn 0.1850 0.9793 0.0823
vn 0.2629 0.9626 0.0647
vn 0.2666 0.9623 0.0536
vn 0.2539 0.9666 0.0349
vn 0.2309 0.9720 0.0425
vn 0.2330 0.9707 0.0592
vn 0.2334 0.9698 0.0710
vn 0.2284 0.9703 0.0801
vn 0.2456 0.9666 0.0729
vn 0.1626 0.9835 0.0793
vn 0.1930 0.9777 0.0822
vn 0.2212 0.9720 0.0797
vn 0.2182 0.9720 0.0877
vn 0.2011 0.9754 0.0904
vn 0.1798 0.9798 0.0872
vn 0.1583 0.9842 0.0791
vn 0.1331 0.9884 0.0730
vn 0.2295 0.9686 0.0953
vn 0.2200 0.9706 0.0976
vn 0.2189 0.9714 0.0922
vn 0.2042 0.9745 0.0931
vn 0.2074 0.9746 0.0840
vn 0.2151 0.9721 0.0936
vn 0.2191 0.9709 0.0968
vn 0.2168 0.9718 0.0930
vn 0.2039 0.9746 0.0925
vn 0.1842 0.9790 0.0871
vn 0.1637 0.9833 0.0793
vn 0.1811 0.9797 0.0855
vn 0.1944 0.9772 0.0860
vn 0.2022 0.9761 0.0800
vn 0.2273 0.9702 0.0842
vn 0.2327 0.9688 0.0859
vn 0.0353 0.9965 0.0755
vn 0.0402 0.9970 0.0656
vn 0.0265 0.9967 0.0762
vn 0.0351 0.9971 0.0668
vn 0.0482 0.9956 0.0808
vn 0.0522 0.9958 0.0754
vn 0.0529 0.9965 0.0651
vn 0.0496 0.9978 0.0442
vn 0.0442 0.9980 0.0447
vn 0.0440 0.9979 0.0467
vn 0.0340 0.9980 0.0530
vn 0.0319 0.9971 0.0689
vn 0.0226 0.9968 0.0772
vn 0.0166 0.9965 0.0819
vn 0.0212 0.9964 0.0817
vn 0.0311 0.9962 0.0814
vn 0.0281 0.9823 0.1853
vn 0.0256 0.9871 0.1582
vn 0.0253 0.9829 0.1826
vn 0.0210 0.9875 0.1565
vn 0.0358 0.9739 0.2241
vn 0.0341 0.9817 0.1871
vn 0.0332 0.9866 0.1595
vn 0.0334 0.9899 0.1377
vn 0.0195 0.9905 0.1361
vn 0.0170 0.9906 0.1355
vn 0.0188 0.9878 0.1543
vn 0.0250 0.9846 0.1730
vn 0.0279 0.9786 0.2038
vn 0.0291 0.9773 0.2097
vn 0.0303 0.9747 0.2215
vn 0.0090 0.9845 0.1753
vn 0.0105 0.9882 0.1528
vn 0.0071 0.9837 0.1795
vn 0.0076 0.9880 0.1543
vn 0.0082 0.9800 0.1990
vn 0.0093 0.9854 0.1699
vn 0.0119 0.9885 0.1506
vn 0.0110 0.9909 0.1343
vn 0.0096 0.9909 0.1342
vn 0.0026 0.9910 0.1339
vn 0.0029 0.9879 0.1550
vn 0.0029 0.9833 0.1818
vn 0.0024 0.9760 0.2176
vn 0.0062 0.9770 0.2131
vn 0.0074 0.9787 0.2050
vn 0.0623 0.9957 0.0689
vn 0.0651 0.9958 0.0642
vn 0.0809 0.9943 0.0695
vn 0.0887 0.9940 0.0643
vn 0.0424 0.9965 0.0719
vn 0.0441 0.9967 0.0684
vn 0.0441 0.9969 0.0644
vn 0.0417 0.9974 0.0581
vn 0.0669 0.9962 0.0560
vn 0.0979 0.9937 0.0546
vn 0.1181 0.9914 0.0568
vn 0.1063 0.9922 0.0657
vn 0.0969 0.9928 0.0706
vn 0.0891 0.9932 0.0745
vn 0.0746 0.9945 0.0736
vn 0.0587 0.9956 0.0727
vn 0.0697 0.9786 0.1938
vn 0.0614 0.9848 0.1627
vn 0.0752 0.9783 0.1933
vn 0.0666 0.9844 0.1629
vn 0.0732 0.9701 0.2313
vn 0.0636 0.9792 0.1929
vn 0.0548 0.9853 0.1619
vn 0.0482 0.9895 0.1363
vn 0.0565 0.9889 0.1375
vn 0.0633 0.9883 0.1386
vn 0.0668 0.9880 0.1392
vn 0.0679 0.9845 0.1615
vn 0.0733 0.9793 0.1884
vn 0.0815 0.9732 0.2152
vn 0.0847 0.9708 0.2244
vn 0.0782 0.9694 0.2326
vn 0.0556 0.9814 0.1837
vn 0.0597 0.9853 0.1601
vn 0.0502 0.9811 0.1870
vn 0.0527 0.9856 0.1609
vn 0.0622 0.9760 0.2087
vn 0.0633 0.9811 0.1827
vn 0.0649 0.9850 0.1599
vn 0.0662 0.9880 0.1394
vn 0.0620 0.9883 0.1394
vn 0.0547 0.9887 0.1393
vn 0.0446 0.9893 0.1387
vn 0.0434 0.9860 0.1607
vn 0.0427 0.9812 0.1881
vn 0.0427 0.9735 0.2246
vn 0.0493 0.9739 0.2216
vn 0.0533 0.9753 0.2142
vn 0.0102 0.9973 0.0731
vn 0.0162 0.9973 0.0719
vn 0.0203 0.9970 0.0746
vn 0.0062 0.9979 0.0639
vn 0.0071 0.9979 0.0641
vn 0.0012 0.9978 0.0669
vn 0.0050 0.9974 0.0725
vn 0.0147 0.9969 0.0779
vn 0.0227 0.9968 0.0762
vn 0.0066 0.9970 0.0765
vn 0.0512 0.9961 0.0724
vn 0.0510 0.9962 0.0713
vn 0.0310 0.9966 0.0766
vn 0.0661 0.9948 0.0771
vn 0.0490 0.9962 0.0719
vn 0.0562 0.9954 0.0779
vn 0.0475 0.9972 0.0579
vn 0.0262 0.9982 0.0547
vn 0.0427 0.9970 0.0650
vn 0.0187 0.9987 0.0481
vn 0.0064 0.9983 0.0576
vn 0.0215 0.9984 0.0530
vn -0.0003 0.9977 0.0672
vn 0.0039 0.9972 0.0750
vn 0.0087 0.9970 0.0766
vn 0.0002 0.9974 0.0714
vn 0.0532 0.9801 0.1911
vn 0.0483 0.9854 0.1633
vn 0.0521 0.9806 0.1890
vn 0.0469 0.9857 0.1620
vn 0.0637 0.9701 0.2342
vn 0.0568 0.9798 0.1919
vn 0.0531 0.9849 0.1647
vn 0.0486 0.9881 0.1461
vn 0.0433 0.9888 0.1429
vn 0.0422 0.9891 0.1411
vn 0.0405 0.9894 0.1396
vn 0.0453 0.9860 0.1602
vn 0.0500 0.9815 0.1846
vn 0.0549 0.9749 0.2157
vn 0.0577 0.9726 0.2251
vn 0.0598 0.9711 0.2309
vn 0.0477 0.9817 0.1845
vn 0.0429 0.9863 0.1593
vn 0.0528 0.9804 0.1896
vn 0.0447 0.9860 0.1606
vn 0.0491 0.9772 0.2066
vn 0.0467 0.9823 0.1812
vn 0.0433 0.9864 0.1588
vn 0.0376 0.9897 0.1379
vn 0.0360 0.9900 0.1365
vn 0.0368 0.9901 0.1356
vn 0.0406 0.9900 0.1354
vn 0.0485 0.9857 0.1612
vn 0.0581 0.9797 0.1920
vn 0.0681 0.9710 0.2292
vn 0.0614 0.9725 0.2245
vn 0.0524 0.9752 0.2151
vn 0.1982 0.9682 0.1524
vn 0.1944 0.9723 0.1298
vn 0.1584 0.9769 0.1434
vn 0.1502 0.9809 0.1237
vn 0.2383 0.9533 0.1858
vn 0.2719 0.9472 0.1697
vn 0.2955 0.9431 0.1525
vn 0.2972 0.9428 0.1512
vn 0.1734 0.9791 0.1065
vn 0.1351 0.9854 0.1037
vn 0.1459 0.9844 0.0986
vn 0.1527 0.9809 0.1201
vn 0.1570 0.9771 0.1435
vn 0.1558 0.9735 0.1675
vn 0.1548 0.9744 0.1633
vn 0.1853 0.9682 0.1678
vn 0.1520 0.9652 0.2130
vn 0.1587 0.9666 0.2014
vn 0.1184 0.9732 0.1969
vn 0.1286 0.9733 0.1900
vn 0.1990 0.9456 0.2575
vn 0.2195 0.9462 0.2379
vn 0.2260 0.9481 0.2236
vn 0.2124 0.9557 0.2040
vn 0.1670 0.9683 0.1855
vn 0.1431 0.9732 0.1800
vn 0.1473 0.9711 0.1877
vn 0.1331 0.9713 0.1969
vn 0.1208 0.9724 0.1997
vn 0.1148 0.9717 0.2067
vn 0.1133 0.9713 0.2092
vn 0.1404 0.9634 0.2283
vn 0.1779 0.9533 0.2442
vn 0.1795 0.9559 0.2324
vn 0.1862 0.9490 0.2544
vn 0.1770 0.9563 0.2326
vn 0.1406 0.9647 0.2229
vn 0.1523 0.9630 0.2223
vn 0.1619 0.9624 0.2180
vn 0.1701 0.9642 0.2035
vn 0.1797 0.9607 0.2117
vn 0.1701 0.9632 0.2081
vn 0.1457 0.9699 0.1949
vn 0.1555 0.9635 0.2177
vn 0.1708 0.9546 0.2441
vn 0.1852 0.9456 0.2675
vn 0.1897 0.9445 0.2682
vn 0.1688 0.9544 0.2464
vn 0.0899 0.9946 0.0524
vn 0.0986 0.9937 0.0525
vn 0.0920 0.9942 0.0549
vn 0.0975 0.9935 0.0589
vn 0.1102 0.9918 0.0651
vn 0.1412 0.9876 0.0684
vn 0.1317 0.9895 0.0601
vn 0.1278 0.9903 0.0549
vn 0.1273 0.9905 0.0524
vn 0.0900 0.9945 0.0533
vn 0.1250 0.9893 0.0751
vn 0.1013 0.9927 0.0651
vn 0.1074 0.9918 0.0692
vn 0.0971 0.9935 0.0599
vn 0.0875 0.9945 0.0575
vn 0.0913 0.9943 0.0547
vn 0.1287 0.9903 0.0528
vn 0.1312 0.9897 0.0572
vn 0.1349 0.9887 0.0660
vn 0.1398 0.9870 0.0799
vn 0.1205 0.9892 0.0838
vn 0.1507 0.9843 0.0918
vn 0.2141 0.9745 0.0666
vn 0.2167 0.9746 0.0570
vn 0.2034 0.9767 0.0681
vn 0.2085 0.9763 0.0585
vn 0.1884 0.9788 0.0799
vn 0.1881 0.9800 0.0656
vn 0.1878 0.9806 0.0564
vn 0.2198 0.9741 0.0522
vn 0.2149 0.9752 0.0537
vn 0.1823 0.9817 0.0558
vn 0.1731 0.9831 0.0603
vn 0.1659 0.9837 0.0698
vn 0.1617 0.9831 0.0855
vn 0.1996 0.9763 0.0835
vn 0.2116 0.9740 0.0815
vn 0.1470 0.9047 0.4000
vn 0.1273 0.9103 0.3938
vn 0.1392 0.9393 0.3135
vn 0.1326 0.9436 0.3034
vn 0.1679 0.9323 0.3203
vn 0.1361 0.9158 0.3778
vn 0.1462 0.8781 0.4556
vn 0.1326 0.8950 0.4260
vn 0.1401 0.8795 0.4547
vn 0.1403 0.9026 0.4069
vn 0.1391 0.8805 0.4532
vn 0.1635 0.9421 0.2928
vn 0.1340 0.9567 0.2586
vn 0.1534 0.9259 0.3451
vn 0.1246 0.9647 0.2321
vn 0.1412 0.9566 0.2550
vn 0.1259 0.9602 0.2491
vn 0.1817 0.9423 0.2813
vn 0.1461 0.9435 0.2975
vn 0.1785 0.9436 0.2790
vn 0.0916 0.9481 0.3044
vn 0.1161 0.9178 0.3797
vn 0.1103 0.9450 0.3079
vn 0.1156 0.9911 0.0665
vn 0.1203 0.9903 0.0693
vn 0.1411 0.9876 0.0686
vn 0.1460 0.9866 0.0724
vn 0.0822 0.9947 0.0613
vn 0.0843 0.9943 0.0659
vn 0.0895 0.9937 0.0670
vn 0.0971 0.9929 0.0681
vn 0.1216 0.9899 0.0722
vn 0.1461 0.9866 0.0731
vn 0.1729 0.9821 0.0745
vn 0.1715 0.9822 0.0761
vn 0.1649 0.9836 0.0726
vn 0.1537 0.9860 0.0648
vn 0.1330 0.9893 0.0602
vn 0.1095 0.9923 0.0586
vn 0.1054 0.9918 0.0721
vn 0.1010 0.9927 0.0656
vn 0.1313 0.9890 0.0688
vn 0.1229 0.9902 0.0665
vn 0.0873 0.9931 0.0777
vn 0.0806 0.9943 0.0702
vn 0.0779 0.9946 0.0684
vn 0.0774 0.9947 0.0684
vn 0.0955 0.9933 0.0655
vn 0.1132 0.9913 0.0665
vn 0.1408 0.9880 0.0630
vn 0.1519 0.9864 0.0634
vn 0.1615 0.9847 0.0655
vn 0.1688 0.9832 0.0694
vn 0.1399 0.9876 0.0715
vn 0.1141 0.9907 0.0747
vn 0.0704 0.9949 0.0717
vn 0.0513 0.9956 0.0787
vn 0.0542 0.9952 0.0810
vn 0.0844 0.9936 0.0750
vn 0.0843 0.9937 0.0743
vn 0.0676 0.9953 0.0698
vn 0.0522 0.9960 0.0727
vn 0.0854 0.9941 0.0670
vn 0.0267 0.9963 0.0813
vn 0.0317 0.9959 0.0850
vn 0.0376 0.9963 0.0767
vn 0.0395 0.9947 0.0951
vn 0.0584 0.9940 0.0924
vn 0.0341 0.9956 0.0868
vn 0.1145 0.9896 0.0876
vn 0.1187 0.9903 0.0717
vn 0.0817 0.9926 0.0899
vn 0.1287 0.9896 0.0643
vn 0.1006 0.9926 0.0687
vn 0.1181 0.9906 0.0683
vn 0.0627 0.9900 0.1261
vn 0.0671 0.9884 0.1366
vn 0.0819 0.9882 0.1293
vn 0.0851 0.9861 0.1430
vn 0.0440 0.9929 0.1106
vn 0.0473 0.9916 0.1203
vn 0.0530 0.9902 0.1290
vn 0.0583 0.9886 0.1385
vn 0.0717 0.9867 0.1461
vn 0.0892 0.9840 0.1542
vn 0.1129 0.9800 0.1636
vn 0.1094 0.9827 0.1491
vn 0.1084 0.9853 0.1319
vn 0.1088 0.9878 0.1116
vn 0.0800 0.9905 0.1118
vn 0.0601 0.9919 0.1118
vn 0.0726 0.9826 0.1708
vn 0.0726 0.9781 0.1951
vn 0.0955 0.9792 0.1788
vn 0.0996 0.9743 0.2020
vn 0.0600 0.9868 0.1504
vn 0.0591 0.9842 0.1672
vn 0.0598 0.9793 0.1932
vn 0.0690 0.9692 0.2363
vn 0.0827 0.9676 0.2386
vn 0.1129 0.9638 0.2416
vn 0.1507 0.9569 0.2484
vn 0.1414 0.9654 0.2193
vn 0.1291 0.9722 0.1952
vn 0.1195 0.9769 0.1774
vn 0.0928 0.9820 0.1644
vn 0.0735 0.9850 0.1561
vn 0.0226 0.9942 0.1054
vn 0.0198 0.9951 0.0971
vn 0.0104 0.9959 0.0902
vn 0.0204 0.9958 0.0887
vn 0.0242 0.9941 0.1059
vn 0.0403 0.9903 0.1327
vn 0.0332 0.9926 0.1171
vn 0.0342 0.9914 0.1265
vn 0.0279 0.9947 0.0991
vn 0.0229 0.9955 0.0920
vn 0.0284 0.9937 0.1083
vn 0.0132 0.9965 0.0821
vn 0.0088 0.9967 0.0813
vn 0.0176 0.9960 0.0880
vn 0.0147 0.9968 0.0782
vn 0.0213 0.9960 0.0868
vn 0.0131 0.9967 0.0799
vn 0.0332 0.9922 0.1197
vn 0.0347 0.9918 0.1226
vn 0.0245 0.9945 0.1020
vn 0.0526 0.9938 0.0983
vn 0.0533 0.9949 0.0857
vn 0.0634 0.9930 0.0995
vn 0.0659 0.9940 0.0868
vn 0.0436 0.9925 0.1145
vn 0.0410 0.9944 0.0971
vn 0.0400 0.9956 0.0847
vn 0.0407 0.9962 0.0767
vn 0.0554 0.9954 0.0776
vn 0.0697 0.9945 0.0786
vn 0.0822 0.9934 0.0796
vn 0.0762 0.9932 0.0879
vn 0.0713 0.9924 0.1007
vn 0.0681 0.9906 0.1183
vn 0.0625 0.9911 0.1172
vn 0.0537 0.9918 0.1158
vn 0.0254 0.9942 0.1042
vn 0.0266 0.9953 0.0934
vn 0.0187 0.9944 0.1039
vn 0.0188 0.9955 0.0933
vn 0.0345 0.9922 0.1194
vn 0.0364 0.9939 0.1044
vn 0.0393 0.9949 0.0933
vn 0.0433 0.9954 0.0859
vn 0.0284 0.9959 0.0862
vn 0.0194 0.9961 0.0863
vn 0.0153 0.9961 0.0863
vn 0.0154 0.9945 0.1038
vn 0.0161 0.9929 0.1182
vn 0.0190 0.9928 0.1185
vn 0.0249 0.9926 0.1189
vn 0.0221 0.9950 0.0973
vn 0.0170 0.9963 0.0846
vn 0.0245 0.9951 0.0963
vn 0.0208 0.9963 0.0839
vn 0.0301 0.9927 0.1171
vn 0.0225 0.9948 0.0992
vn 0.0160 0.9962 0.0861
vn 0.0104 0.9969 0.0779
vn 0.0129 0.9970 0.0766
vn 0.0182 0.9969 0.0760
vn 0.0272 0.9967 0.0760
vn 0.0282 0.9961 0.0839
vn 0.0306 0.9949 0.0963
vn 0.0347 0.9929 0.1136
vn 0.0299 0.9930 0.1138
vn 0.0287 0.9929 0.1150
vn 0.0720 0.9921 0.1031
vn 0.0807 0.9926 0.0906
vn 0.0639 0.9925 0.1040
vn 0.0720 0.9932 0.0920
vn 0.0692 0.9905 0.1191
vn 0.0745 0.9920 0.1019
vn 0.0819 0.9926 0.0892
vn 0.0909 0.9926 0.0808
vn 0.0916 0.9924 0.0822
vn 0.0823 0.9931 0.0838
vn 0.0643 0.9943 0.0851
vn 0.0568 0.9940 0.0929
vn 0.0511 0.9932 0.1045
vn 0.0471 0.9917 0.1199
vn 0.0582 0.9911 0.1201
vn 0.0658 0.9906 0.1198
vn 0.0076 0.9946 0.1033
vn 0.0074 0.9956 0.0930
vn 0.0054 0.9946 0.1032
vn 0.0052 0.9956 0.0930
vn 0.0096 0.9930 0.1176
vn 0.0087 0.9946 0.1034
vn 0.0085 0.9956 0.0930
vn 0.0086 0.9962 0.0862
vn 0.0075 0.9962 0.0862
vn 0.0053 0.9963 0.0863
vn 0.0020 0.9957 0.0930
vn 0.0020 0.9947 0.1031
vn 0.0022 0.9932 0.1168
vn 0.0059 0.9931 0.1170
vn 0.0083 0.9931 0.1173
vn 0.2489 0.9637 0.0962
vn -0.1513 0.8518 0.5015
vn -0.1514 0.8488 0.5065
vn -0.2781 0.9559 0.0940
vn 0.1029 0.8354 0.5400
vn 0.0867 0.8485 0.5220
vn -0.1452 0.8400 0.5229
vn -0.0707 0.7919 0.6066
vn -0.0559 0.7858 0.6159
vn -0.2051 0.9759 0.0746
vn -0.1842 0.9796 0.0800
vn 0.0662 0.7925 0.6062
vn 0.0836 0.8017 0.5919
vn 0.0689 0.8034 0.5914
vn 0.0776 0.8114 0.5793
vn -0.1749 0.9820 0.0718
vn -0.1539 0.9850 0.0777
vn -0.0836 0.8017 0.5919
vn -0.0662 0.7925 0.6062
vn 0.1677 0.8534 0.4935
vn 0.1534 0.8627 0.4819
vn 0.1144 0.9923 0.0466
vn -0.0799 0.8112 0.5793
vn -0.0776 0.8114 0.5793
vn -0.0690 0.8034 0.5914
vn -0.2647 0.9621 0.0648
vn -0.2323 0.9702 0.0694
vn 0.2319 0.9700 0.0731
vn 0.2031 0.9762 0.0757
vn 0.0559 0.7859 0.6159
vn 0.0708 0.7919 0.6066
vn 0.1539 0.9850 0.0777
vn 0.1750 0.9820 0.0718
vn 0.2916 0.9552 0.0507
vn 0.0175 0.7890 0.6142
vn 0.0172 0.7889 0.6143
vn 0.1217 0.9906 0.0618
vn 0.1127 0.8565 0.5037
vn 0.1124 0.8654 0.4882
vn 0.2665 0.9633 0.0331
vn -0.1535 0.8487 0.5060
vn -0.1486 0.8399 0.5220
vn -0.1451 0.8562 0.4959
vn -0.2647 0.9622 0.0647
vn 0.1169 0.9915 0.0572
vn 0.1514 0.8488 0.5065
vn 0.1513 0.8518 0.5015
vn 0.2230 0.9199 0.3224
vn 0.2365 0.9133 0.3316
vn -0.1536 0.8628 0.4816
vn -0.1677 0.8534 0.4935
vn -0.2111 0.9742 0.0798
vn 0.2764 0.9534 0.1211
vn -0.1664 0.8829 0.4392
vn -0.1799 0.8805 0.4386
vn -0.2994 0.8778 0.3739
vn 0.1949 0.9022 0.3847
vn 0.1955 0.9019 0.3851
vn 0.1826 0.9813 0.0607
vn 0.1546 0.9858 0.0652
vn 0.5955 -0.7996 -0.0771
vn 0.5955 -0.7993 -0.0799
vn 0.5696 -0.8177 -0.0833
vn 0.3361 -0.9384 -0.0800
vn 0.5666 -0.8201 -0.0804
vn -0.0121 0.7851 0.6192
vn -0.0128 0.7849 0.6195
vn -0.0000 -0.0000 -1.0000
vn 0.2359 0.9690 0.0742
vn -0.2704 0.9622 0.0310
vn -0.0254 0.7881 0.6150
vn -0.0001 0.8834 -0.4686
vn -0.0080 0.7853 0.6191
vn -0.0253 0.7881 0.6150
vn -0.1073 0.9925 0.0588
vn -0.0977 0.9936 0.0565
vn -0.0374 0.7886 0.6138
vn -0.0338 0.7867 0.6164
vn -0.1030 0.8570 0.5049
vn -0.0973 0.8484 0.5204
vn -0.0954 0.8598 0.5017
vn 0.1486 0.8399 0.5220
vn -0.0594 0.7542 -0.6539
vn 0.1546 0.8487 0.5058
vn 0.0338 0.7867 0.6164
vn 0.0374 0.7886 0.6138
vn 0.0977 0.9936 0.0565
vn 0.1073 0.9925 0.0588
vn -0.0867 0.8485 0.5220
vn -0.1029 0.8354 0.5400
vn 0.1842 0.9796 0.0800
vn 0.2051 0.9759 0.0746
vn -0.1955 0.9019 0.3851
vn -0.1949 0.9022 0.3847
vn -0.1321 0.8634 0.4869
vn -0.1451 0.8619 0.4858
vn 0.0899 0.8219 0.5625
vn 0.0160 0.7850 0.6193
vn 0.0001 0.8833 -0.4688
vn 0.0255 0.7881 0.6150
vn 0.0257 0.7843 0.6198
vn 0.2889 0.9554 0.0609
vn -0.0175 0.7890 0.6142
vn 0.1664 0.8829 0.4392
vn 0.1547 0.8517 0.5006
vn 0.1557 0.8506 0.5022
vn 0.1321 0.8634 0.4869
vn 0.1256 0.8741 0.4692
vn -0.2850 0.9571 0.0521
vn 0.0067 0.7831 0.6218
vn 0.0120 0.7851 0.6192
vn -0.2228 0.9201 0.3222
vn -0.2190 0.9175 0.3320
vn -0.1557 0.8506 0.5022
vn -0.1547 0.8517 0.5006
vn -0.3043 0.9443 0.1251
vn 0.1463 0.9869 0.0685
vn 0.0845 0.8356 0.5428
vn -0.1124 0.8654 0.4882
vn -0.1127 0.8565 0.5037
vn -0.0845 0.8356 0.5428
vn 0.2323 0.9702 0.0694
vn 0.2647 0.9621 0.0649
vn -0.1262 0.9893 0.0731
vn 0.3013 0.8775 0.3732
vn -0.1074 0.9921 0.0651
vn 0.0973 0.8484 0.5204
vn -0.0248 0.8823 -0.4700
vn 0.1059 0.8569 0.5045
vt 0.000000 0.000000
vt 0.602301 0.413632
vt 0.597614 0.421875
vt 0.597481 0.414022
vt 0.605806 0.412488
vt 0.603183 0.421875
vt 0.606436 0.425720
vt 0.606457 0.418030
vt 0.607776 0.421875
vt 0.602272 0.430118
vt 0.605762 0.431262
vt 0.597465 0.429728
vt 0.602116 0.406250
vt 0.597386 0.406250
vt 0.608211 0.406250
vt 0.605655 0.406250
vt 0.608289 0.411370
vt 0.609183 0.424177
vt 0.609198 0.419573
vt 0.609705 0.421875
vt 0.608574 0.427789
vt 0.608609 0.415961
vt 0.605589 0.437500
vt 0.608232 0.432380
vt 0.608135 0.437500
vt 0.602066 0.437500
vt 0.597354 0.437500
vt 0.601973 0.382382
vt 0.597555 0.390625
vt 0.597217 0.382772
vt 0.605536 0.381238
vt 0.603139 0.390625
vt 0.606477 0.394470
vt 0.606400 0.386780
vt 0.607803 0.390625
vt 0.602307 0.398868
vt 0.605819 0.400012
vt 0.597482 0.398478
vt 0.601304 0.375000
vt 0.596734 0.375000
vt 0.607825 0.375000
vt 0.604992 0.375000
vt 0.608127 0.380120
vt 0.609234 0.392927
vt 0.609220 0.388323
vt 0.609782 0.390625
vt 0.608633 0.396539
vt 0.608572 0.384711
vt 0.608302 0.401130
vt 0.383676 0.328662
vt 0.329725 0.279168
vt 0.366906 0.314180
vt 0.349539 0.295948
vt 0.311489 0.258984
vt 0.310748 0.263079
vt 0.350799 0.300257
vt 0.290991 0.241821
vt 0.439982 0.380140
vt 0.426642 0.368262
vt 0.400787 0.343430
vt 0.369849 0.313126
vt 0.333059 0.277003
vt 0.355425 0.295632
vt 0.343065 0.278715
vt 0.321674 0.261042
vt 0.301676 0.244443
vt 0.283152 0.229024
vt 0.271840 0.225761
vt 0.292950 0.247972
vt 0.335676 0.287166
vt 0.400997 0.345394
vt 0.389209 0.334850
vt 0.413561 0.356605
vt 0.586258 0.511557
vt 0.582189 0.508891
vt 0.581011 0.507297
vt 0.588336 0.516431
vt 0.587331 0.514952
vt 0.594189 0.505005
vt 0.585700 0.501922
vt 0.594791 0.502604
vt 0.593880 0.508138
vt 0.585587 0.506807
vt 0.580764 0.507052
vt 0.584441 0.501932
vt 0.593750 0.515625
vt 0.589452 0.515566
vt 0.593766 0.511760
vt 0.591662 0.520957
vt 0.519010 0.439206
vt 0.488675 0.411020
vt 0.502807 0.427404
vt 0.508005 0.426041
vt 0.482532 0.400671
vt 0.469603 0.396154
vt 0.487138 0.416135
vt 0.461785 0.383880
vt 0.546756 0.463901
vt 0.533525 0.454969
vt 0.535486 0.451325
vt 0.527081 0.440880
vt 0.503979 0.418015
vt 0.524678 0.434888
vt 0.509345 0.416557
vt 0.487830 0.398773
vt 0.467978 0.382353
vt 0.449323 0.366760
vt 0.441553 0.367331
vt 0.450462 0.380882
vt 0.471284 0.404229
vt 0.509111 0.439510
vt 0.501298 0.437100
vt 0.520768 0.446593
vt 0.602241 0.444881
vt 0.597499 0.453023
vt 0.597437 0.445259
vt 0.605735 0.443739
vt 0.603083 0.453143
vt 0.607711 0.453144
vt 0.606382 0.449284
vt 0.602003 0.461417
vt 0.606431 0.457126
vt 0.605864 0.462986
vt 0.597151 0.460631
vt 0.608209 0.442620
vt 0.609133 0.455455
vt 0.609121 0.450823
vt 0.609632 0.453125
vt 0.608530 0.447211
vt 0.605648 0.469387
vt 0.608736 0.464412
vt 0.610111 0.471354
vt 0.601375 0.468677
vt 0.608664 0.459258
vt 0.596643 0.467904
vt 0.667497 0.502762
vt 0.663869 0.507094
vt 0.662252 0.503403
vt 0.671883 0.501487
vt 0.671953 0.506156
vt 0.680252 0.506952
vt 0.676332 0.502737
vt 0.681751 0.503303
vt 0.656250 0.500000
vt 0.656847 0.503668
vt 0.660156 0.500000
vt 0.675781 0.500000
vt 0.667969 0.500000
vt 0.671875 0.500000
vt 0.679688 0.500000
vt 0.664063 0.500000
vt 0.687500 0.503429
vt 0.683594 0.500000
vt 0.687500 0.500000
vt 0.687500 0.507118
vt 0.648438 0.500000
vt 0.651619 0.503806
vt 0.646559 0.503876
vt 0.652344 0.500000
vt 0.734375 0.501491
vt 0.734375 0.506187
vt 0.729926 0.502740
vt 0.722656 0.500000
vt 0.718750 0.503429
vt 0.718750 0.500000
vt 0.726563 0.500000
vt 0.724501 0.503304
vt 0.738281 0.500000
vt 0.730469 0.500000
vt 0.734375 0.500000
vt 0.742188 0.500000
vt 0.750000 0.503906
vt 0.746094 0.500000
vt 0.750000 0.500000
vt 0.744249 0.503504
vt 0.698676 0.502733
vt 0.694757 0.506949
vt 0.693251 0.503303
vt 0.707574 0.502733
vt 0.703125 0.501484
vt 0.711494 0.506949
vt 0.712999 0.503303
vt 0.691406 0.500000
vt 0.707031 0.500000
vt 0.699219 0.500000
vt 0.703125 0.500000
vt 0.710938 0.500000
vt 0.695313 0.500000
vt 0.714844 0.500000
vt 0.444174 0.377203
vt 0.317368 0.268738
vt 0.419682 0.354625
vt 0.355760 0.302283
vt 0.215002 0.182892
vt 0.269098 0.226766
vt 0.150510 0.127975
vt 0.214301 0.179225
vt 0.077407 0.065802
vt 0.156250 0.128906
vt 0.256936 0.199380
vt 0.356788 0.272980
vt 0.244562 0.189110
vt 0.269294 0.209636
vt 0.365254 0.279998
vt 0.498250 0.379944
vt 0.373692 0.286993
vt 0.501769 0.382877
vt 0.176189 0.139882
vt 0.232178 0.178833
vt 0.161458 0.127604
vt 0.190915 0.152155
vt 0.205631 0.164421
vt 0.220334 0.176677
vt 0.281624 0.219871
vt 0.382086 0.293953
vt 0.505247 0.385777
vt 0.508662 0.388627
vt 0.650380 0.495275
vt 0.652383 0.496887
vt 0.654330 0.498455
vt 0.494710 0.376994
vt 0.348307 0.265951
vt 0.619571 0.449532
vt 0.621296 0.445414
vt 0.621296 0.449561
vt 0.619571 0.445405
vt 0.621297 0.441419
vt 0.623123 0.449438
vt 0.623123 0.441414
vt 0.623123 0.445378
vt 0.618007 0.453671
vt 0.619576 0.453867
vt 0.618001 0.449449
vt 0.618000 0.445381
vt 0.619573 0.441418
vt 0.618002 0.441415
vt 0.619577 0.437500
vt 0.621300 0.437500
vt 0.623125 0.437500
vt 0.625000 0.437500
vt 0.625000 0.441406
vt 0.625000 0.445313
vt 0.625000 0.449219
vt 0.625000 0.453125
vt 0.623125 0.453645
vt 0.621300 0.453937
vt 0.619605 0.414063
vt 0.621317 0.417969
vt 0.619600 0.417969
vt 0.619609 0.410156
vt 0.621320 0.414063
vt 0.623133 0.417969
vt 0.621323 0.410156
vt 0.623135 0.414063
vt 0.618034 0.417969
vt 0.619595 0.421875
vt 0.618028 0.421875
vt 0.618040 0.414063
vt 0.618046 0.410156
vt 0.619612 0.406250
vt 0.621325 0.406250
vt 0.623136 0.410156
vt 0.623138 0.406250
vt 0.625000 0.410156
vt 0.625000 0.414063
vt 0.625000 0.417969
vt 0.625000 0.421875
vt 0.623131 0.421875
vt 0.621313 0.421875
vt 0.619606 0.382813
vt 0.621325 0.386719
vt 0.619609 0.386719
vt 0.619603 0.378906
vt 0.621324 0.382813
vt 0.623138 0.386719
vt 0.621323 0.378906
vt 0.623138 0.382813
vt 0.618046 0.390625
vt 0.619612 0.390625
vt 0.618040 0.386719
vt 0.618034 0.382813
vt 0.618028 0.378906
vt 0.619601 0.375000
vt 0.621322 0.375000
vt 0.623137 0.375000
vt 0.623137 0.378906
vt 0.625000 0.375000
vt 0.625000 0.378906
vt 0.625000 0.382813
vt 0.625000 0.386719
vt 0.625000 0.390625
vt 0.623138 0.390625
vt 0.621325 0.390625
vt 0.272635 0.232342
vt 0.204556 0.172723
vt 0.260723 0.221965
vt 0.218617 0.184702
vt 0.176588 0.145743
vt 0.190495 0.160743
vt 0.248810 0.211589
vt 0.161415 0.132992
vt 0.349475 0.299051
vt 0.340231 0.290695
vt 0.284547 0.242718
vt 0.232676 0.196680
vt 0.191756 0.158491
vt 0.206919 0.171234
vt 0.146240 0.120239
vt 0.176432 0.148763
vt 0.236898 0.201213
vt 0.312500 0.265625
vt 0.321744 0.273982
vt 0.330987 0.282338
vt 0.471367 0.404236
vt 0.398490 0.340288
vt 0.467113 0.399666
vt 0.382038 0.325490
vt 0.459180 0.391586
vt 0.474856 0.408051
vt 0.408521 0.349568
vt 0.415475 0.356214
vt 0.339514 0.290090
vt 0.325247 0.277501
vt 0.302371 0.257655
vt 0.266579 0.226925
vt 0.489949 0.424147
vt 0.429026 0.369262
vt 0.485059 0.418883
vt 0.422127 0.362624
vt 0.479665 0.413167
vt 0.494675 0.429240
vt 0.436209 0.376149
vt 0.443893 0.383474
vt 0.378370 0.325122
vt 0.368307 0.316061
vt 0.358762 0.307445
vt 0.321751 0.275087
vt 0.261295 0.221055
vt 0.308806 0.263837
vt 0.276553 0.234036
vt 0.237766 0.197155
vt 0.246796 0.208709
vt 0.296513 0.253140
vt 0.222143 0.184028
vt 0.254196 0.210953
vt 0.266101 0.214820
vt 0.250209 0.201578
vt 0.235084 0.188972
vt 0.619614 0.402344
vt 0.621326 0.398438
vt 0.621326 0.402344
vt 0.619614 0.398438
vt 0.621326 0.394531
vt 0.623138 0.398438
vt 0.623138 0.402344
vt 0.623138 0.394531
vt 0.618049 0.406250
vt 0.618051 0.402344
vt 0.618050 0.398438
vt 0.619613 0.394531
vt 0.618048 0.394531
vt 0.625000 0.394531
vt 0.625000 0.398438
vt 0.625000 0.402344
vt 0.625000 0.406250
vt 0.610105 0.401838
vt 0.611476 0.398221
vt 0.611439 0.402195
vt 0.610241 0.397685
vt 0.611548 0.394382
vt 0.612482 0.398410
vt 0.612481 0.402325
vt 0.612485 0.394513
vt 0.610067 0.406250
vt 0.610491 0.393985
vt 0.610781 0.390625
vt 0.612489 0.390625
vt 0.613392 0.390625
vt 0.613400 0.394531
vt 0.613407 0.398438
vt 0.613411 0.402344
vt 0.612479 0.406250
vt 0.613411 0.406250
vt 0.611426 0.406250
vt 0.610473 0.387266
vt 0.611426 0.383030
vt 0.611524 0.386868
vt 0.610192 0.383565
vt 0.611357 0.379056
vt 0.612426 0.382840
vt 0.612457 0.386737
vt 0.612399 0.378925
vt 0.609999 0.379412
vt 0.609864 0.375000
vt 0.611303 0.375000
vt 0.612373 0.375000
vt 0.613303 0.375000
vt 0.613325 0.378906
vt 0.613347 0.382813
vt 0.613369 0.386719
vt 0.611639 0.390625
vt 0.619581 0.433594
vt 0.621306 0.429688
vt 0.621303 0.433594
vt 0.619586 0.429688
vt 0.621309 0.425781
vt 0.623128 0.429688
vt 0.623126 0.433594
vt 0.623130 0.425781
vt 0.618007 0.437500
vt 0.618012 0.433594
vt 0.618016 0.429688
vt 0.619590 0.425781
vt 0.618022 0.425781
vt 0.625000 0.425781
vt 0.625000 0.429688
vt 0.625000 0.433594
vt 0.610034 0.433088
vt 0.611420 0.429471
vt 0.611372 0.433445
vt 0.610180 0.428935
vt 0.611496 0.425632
vt 0.612433 0.429660
vt 0.612422 0.433575
vt 0.612448 0.425763
vt 0.609988 0.437500
vt 0.610425 0.425234
vt 0.611544 0.421875
vt 0.612461 0.421875
vt 0.613377 0.421875
vt 0.613370 0.425781
vt 0.613365 0.429688
vt 0.613360 0.433594
vt 0.612414 0.437500
vt 0.613355 0.437500
vt 0.611354 0.437500
vt 0.610446 0.418516
vt 0.611460 0.414280
vt 0.611517 0.418118
vt 0.610221 0.414815
vt 0.611430 0.410305
vt 0.612470 0.414090
vt 0.612467 0.417987
vt 0.612474 0.410175
vt 0.610577 0.421875
vt 0.610095 0.410662
vt 0.613406 0.410156
vt 0.613397 0.414063
vt 0.613387 0.417969
vt 0.619314 0.462675
vt 0.619345 0.466689
vt 0.618601 0.465966
vt 0.619555 0.458401
vt 0.621278 0.464388
vt 0.623149 0.458003
vt 0.621302 0.458639
vt 0.623115 0.466608
vt 0.623345 0.462202
vt 0.623932 0.465650
vt 0.622061 0.467163
vt 0.622948 0.467706
vt 0.621425 0.467760
vt 0.620592 0.467165
vt 0.619518 0.467714
vt 0.617694 0.465603
vt 0.617731 0.468750
vt 0.617381 0.468750
vt 0.617921 0.462097
vt 0.618069 0.468750
vt 0.618006 0.458012
vt 0.625000 0.457031
vt 0.624626 0.468750
vt 0.625000 0.464844
vt 0.625000 0.468750
vt 0.624253 0.468750
vt 0.625000 0.460938
vt 0.623505 0.468750
vt 0.623879 0.468750
vt 0.622585 0.468750
vt 0.623045 0.468750
vt 0.621665 0.468750
vt 0.622125 0.468750
vt 0.620930 0.468750
vt 0.618724 0.468750
vt 0.619459 0.468750
vt 0.618398 0.468750
vt 0.620195 0.468750
vt 0.610394 0.464857
vt 0.611421 0.460821
vt 0.611464 0.464894
vt 0.610250 0.460347
vt 0.611454 0.456928
vt 0.612404 0.461073
vt 0.612375 0.464948
vt 0.612418 0.457145
vt 0.610803 0.469849
vt 0.610380 0.456509
vt 0.610509 0.453128
vt 0.611487 0.453147
vt 0.612418 0.453198
vt 0.613350 0.453299
vt 0.613358 0.457343
vt 0.613330 0.461306
vt 0.613238 0.465085
vt 0.612337 0.468791
vt 0.613106 0.468750
vt 0.611557 0.469076
vt 0.610371 0.449767
vt 0.611388 0.445532
vt 0.611451 0.449377
vt 0.610142 0.446066
vt 0.611356 0.441556
vt 0.612408 0.445349
vt 0.612413 0.449268
vt 0.612409 0.441426
vt 0.610014 0.441912
vt 0.613349 0.441409
vt 0.613345 0.445334
vt 0.613344 0.449292
vt 0.563618 0.487228
vt 0.575367 0.504065
vt 0.578677 0.503371
vt 0.539003 0.465801
vt 0.557105 0.484838
vt 0.572082 0.504790
vt 0.530090 0.461285
vt 0.550794 0.482691
vt 0.582002 0.502694
vt 0.593750 0.519531
vt 0.570253 0.489763
vt 0.548580 0.471109
vt 0.558505 0.476832
vt 0.521857 0.457587
vt 0.544605 0.480688
vt 0.568813 0.505533
vt 0.583955 0.517148
vt 0.584630 0.517608
vt 0.593750 0.523438
vt 0.591985 0.500674
vt 0.583564 0.494882
vt 0.588657 0.501347
vt 0.590219 0.497441
vt 0.578471 0.488416
vt 0.576908 0.492322
vt 0.585329 0.502021
vt 0.568488 0.482624
vt 0.593750 0.500000
vt 0.593750 0.503906
vt 0.595312 0.500000
vt 0.596874 0.500000
vt 0.588454 0.494208
vt 0.598437 0.500000
vt 0.586688 0.490975
vt 0.573378 0.481951
vt 0.560067 0.472926
vt 0.593750 0.511719
vt 0.593750 0.507813
vt 0.584934 0.487751
vt 0.563937 0.469575
vt 0.568378 0.475555
vt 0.583250 0.484579
vt 0.560429 0.464290
vt 0.545474 0.455204
vt 0.551927 0.463437
vt 0.542100 0.449265
vt 0.599999 0.500000
vt 0.601561 0.500000
vt 0.603123 0.500000
vt 0.581683 0.481494
vt 0.604685 0.500000
vt 0.580186 0.478461
vt 0.557479 0.459422
vt 0.541485 0.445384
vt 0.535558 0.438847
vt 0.510079 0.445286
vt 0.535750 0.469294
vt 0.541888 0.475605
vt 0.461160 0.399779
vt 0.504954 0.440026
vt 0.452258 0.391394
vt 0.499749 0.434611
vt 0.543465 0.477776
vt 0.541961 0.475734
vt 0.515654 0.450996
vt 0.470399 0.408450
vt 0.479869 0.417330
vt 0.557973 0.493810
vt 0.528929 0.464593
vt 0.553660 0.489388
vt 0.535371 0.471005
vt 0.499132 0.435414
vt 0.522135 0.457666
vt 0.548205 0.483271
vt 0.489481 0.426356
vt 0.561643 0.497016
vt 0.541544 0.477045
vt 0.508739 0.444407
vt 0.518312 0.453354
vt 0.480131 0.415887
vt 0.466748 0.403971
vt 0.453365 0.392056
vt 0.453620 0.389325
vt 0.410731 0.347674
vt 0.435584 0.373576
vt 0.430828 0.364633
vt 0.400403 0.333026
vt 0.390331 0.330431
vt 0.418022 0.358317
vt 0.378181 0.314535
vt 0.483415 0.419809
vt 0.421350 0.350537
vt 0.431196 0.351404
vt 0.411680 0.334994
vt 0.389321 0.316590
vt 0.365771 0.297354
vt 0.453486 0.392201
vt 0.467721 0.405133
vt 0.600656 0.475756
vt 0.594720 0.480738
vt 0.596004 0.474767
vt 0.605149 0.475028
vt 0.599455 0.484638
vt 0.605298 0.484458
vt 0.604819 0.480183
vt 0.598092 0.493472
vt 0.602341 0.488939
vt 0.600202 0.494376
vt 0.594570 0.488713
vt 0.595392 0.494525
vt 0.592153 0.484771
vt 0.590013 0.478574
vt 0.590817 0.473373
vt 0.609509 0.473755
vt 0.606035 0.488281
vt 0.608501 0.480509
vt 0.608047 0.484375
vt 0.608980 0.476888
vt 0.598453 0.500041
vt 0.602011 0.496094
vt 0.597005 0.500326
vt 0.604023 0.492188
vt 0.591500 0.495996
vt 0.595752 0.501099
vt 0.590163 0.490877
vt 0.586955 0.484714
vt 0.588546 0.487071
vt 0.588527 0.482407
vt 0.512011 0.391424
vt 0.399001 0.307982
vt 0.515365 0.394228
vt 0.390462 0.300899
vt 0.306619 0.240618
vt 0.407925 0.315385
vt 0.518810 0.397110
vt 0.319882 0.251627
vt 0.648294 0.493597
vt 0.646093 0.491825
vt 0.293976 0.230123
vt 0.334092 0.263420
vt 0.417455 0.323291
vt 0.522433 0.400144
vt 0.641115 0.487819
vt 0.638219 0.485488
vt 0.643720 0.489915
vt 0.526379 0.403439
vt 0.439550 0.341504
vt 0.531022 0.407257
vt 0.427853 0.331903
vt 0.366546 0.290251
vt 0.536794 0.411894
vt 0.385282 0.305561
vt 0.453017 0.352397
vt 0.635017 0.482910
vt 0.349562 0.276246
vt 0.406010 0.322301
vt 0.468724 0.364885
vt 0.544126 0.417649
vt 0.625489 0.475242
vt 0.628432 0.477610
vt 0.631681 0.480226
vt 0.487415 0.379427
vt 0.568631 0.435720
vt 0.553803 0.425025
vt 0.449370 0.357151
vt 0.428468 0.340250
vt 0.463805 0.369690
vt 0.513674 0.399040
vt 0.570299 0.437461
vt 0.511710 0.399906
vt 0.563748 0.433979
vt 0.591565 0.451481
vt 0.623013 0.473249
vt 0.620931 0.471573
vt 0.476549 0.381031
vt 0.616179 0.468750
vt 0.565127 0.436119
vt 0.615686 0.468750
vt 0.616622 0.468750
vt 0.517498 0.405890
vt 0.617031 0.468750
vt 0.619112 0.470109
vt 0.568833 0.439879
vt 0.536537 0.422811
vt 0.573699 0.444393
vt 0.526073 0.413737
vt 0.506681 0.406740
vt 0.548328 0.432640
vt 0.579343 0.449342
vt 0.524180 0.421226
vt 0.615129 0.468750
vt 0.490717 0.393278
vt 0.541399 0.434934
vt 0.560381 0.442219
vt 0.585320 0.454338
vt 0.613834 0.468750
vt 0.614510 0.468750
vt 0.591268 0.459073
vt 0.583472 0.458960
vt 0.597221 0.463626
vt 0.571877 0.450770
vt 0.570649 0.455056
vt 0.595928 0.467594
vt 0.603275 0.468143
vt 0.588697 0.467139
vt 0.555540 0.444982
vt 0.541935 0.441478
vt 0.558379 0.451610
vt 0.581535 0.466742
vt 0.608947 0.476563
vt 0.609397 0.472656
vt 0.610691 0.468750
vt 0.609847 0.468750
vt 0.611524 0.468750
vt 0.614302 0.461698
vt 0.614923 0.465996
vt 0.614097 0.465352
vt 0.615451 0.457885
vt 0.614355 0.457624
vt 0.616656 0.457896
vt 0.615483 0.462669
vt 0.616145 0.466050
vt 0.616714 0.462021
vt 0.616859 0.465568
vt 0.615625 0.467267
vt 0.614341 0.453446
vt 0.615426 0.453562
vt 0.616634 0.453597
vt 0.615865 0.468750
vt 0.616254 0.468750
vt 0.615204 0.468750
vt 0.614339 0.433594
vt 0.615423 0.429688
vt 0.615418 0.433594
vt 0.614344 0.429688
vt 0.615428 0.425781
vt 0.616636 0.429688
vt 0.616631 0.433594
vt 0.616641 0.425781
vt 0.614335 0.437500
vt 0.614349 0.425781
vt 0.614355 0.421875
vt 0.615434 0.421875
vt 0.616647 0.421875
vt 0.616626 0.437500
vt 0.615414 0.437500
vt 0.614386 0.402344
vt 0.615460 0.398438
vt 0.615463 0.402344
vt 0.614383 0.398438
vt 0.615455 0.394531
vt 0.616672 0.398438
vt 0.616673 0.402344
vt 0.616668 0.394531
vt 0.614386 0.406250
vt 0.614376 0.394531
vt 0.614368 0.390625
vt 0.615449 0.390625
vt 0.616664 0.390625
vt 0.616672 0.406250
vt 0.615463 0.406250
vt 0.614330 0.449354
vt 0.615407 0.445367
vt 0.615411 0.449403
vt 0.614327 0.445353
vt 0.615409 0.441413
vt 0.616619 0.445371
vt 0.616622 0.449418
vt 0.616621 0.441414
vt 0.614330 0.441411
vt 0.614364 0.417969
vt 0.615451 0.414063
vt 0.615442 0.417969
vt 0.614373 0.414062
vt 0.615458 0.410156
vt 0.616662 0.414063
vt 0.616654 0.417969
vt 0.616668 0.410156
vt 0.614381 0.410156
vt 0.614348 0.386719
vt 0.615417 0.382812
vt 0.615433 0.386719
vt 0.614327 0.382813
vt 0.615400 0.378906
vt 0.616643 0.382813
vt 0.616653 0.386719
vt 0.616632 0.378906
vt 0.614307 0.378906
vt 0.614287 0.375000
vt 0.615384 0.375000
vt 0.616621 0.375000
vt 0.618022 0.375000
vt 0.597464 0.429728
vt 0.329724 0.279168
vt 0.283152 0.229023
vt 0.589451 0.515566
vt 0.593489 0.519221
vt 0.591598 0.520935
vt 0.482532 0.400672
vt 0.606431 0.457127
vt 0.608663 0.459258
vt 0.657118 0.507465
vt 0.738824 0.502790
vt 0.707574 0.502734
vt 0.244561 0.189110
vt 0.623122 0.445378
vt 0.618003 0.441415
vt 0.621320 0.414062
vt 0.618040 0.414062
vt 0.621324 0.386719
vt 0.621323 0.382812
vt 0.618034 0.382812
vt 0.276552 0.234036
vt 0.611426 0.383029
vt 0.611357 0.379055
vt 0.613347 0.382812
vt 0.618017 0.429688
vt 0.611430 0.410306
vt 0.613397 0.414062
vt 0.618601 0.465967
vt 0.606247 0.500000
vt 0.493514 0.427802
vt 0.590014 0.478574
vt 0.631681 0.480225
vt 0.544126 0.417650
vt 0.511710 0.399907
vt 0.541400 0.434934
vt 0.583473 0.458960
vt 0.615462 0.406250
vt 0.615451 0.414062
vt 0.616662 0.414062
vt 0.566990 0.502011
vt 0.586430 0.478394
vt 0.561393 0.497521
vt 0.593375 0.447881
vt 0.590770 0.469378
vt 0.589434 0.473146
vt 0.593919 0.410688
vt 0.513176 0.443846
vt 0.593767 0.418760
vt 0.593626 0.425826
vt 0.517433 0.448952
vt 0.584503 0.487572
vt 0.546771 0.481046
vt 0.593465 0.437500
vt 0.593626 0.425827
vt 0.499073 0.429023
vt 0.560203 0.496283
vt 0.593918 0.410688
vt 0.517434 0.448953
vt 0.490356 0.420277
vt 0.593992 0.396941
vt 0.529573 0.462716
vt 0.592058 0.463979
vt 0.492116 0.420288
vt 0.588868 0.474176
vt 0.497771 0.427762
vt 0.551985 0.487156
vt 0.585254 0.497381
vt 0.511773 0.441993
vt 0.506901 0.436601
vt 0.577470 0.514462
vt 0.584614 0.488267
vt 0.584540 0.501538
vt 0.585281 0.495016
vt 0.553980 0.489559
vt 0.593655 0.378910
vt 0.593517 0.375000
vt 0.517051 0.439305
vt 0.593916 0.390449
vt 0.593796 0.382811
vt 0.530487 0.463683
vt 0.594002 0.401275
vt 0.592984 0.456322
vt 0.586856 0.477836
vt 0.530488 0.463684
vt 0.591506 0.467185
vt 0.593560 0.429701
vt 0.497771 0.427763
vt 0.584615 0.488267
vt 0.583529 0.481982
vt 0.591115 0.468394
vt 0.585354 0.496701
vt 0.524315 0.456862
vt 0.593465 0.438213
vt 0.499074 0.429024
vt 0.519481 0.451340
vt 0.592692 0.460339
vt 0.585011 0.512056
vt 0.587971 0.515822
vt 0.582775 0.504338
vt 0.703125 0.506125
vt 0.593750 0.523522
vt 0.587971 0.515821
vt 0.584143 0.481331
vt 0.593422 0.445279
vt 0.593242 0.452951
vt 0.593876 0.414047
vt 0.593991 0.406250
vt 0.515580 0.446638
vt 0.593711 0.421875
vt 0.584011 0.484616
vt 0.584545 0.487819
vt 0.547626 0.481968
vt 0.542513 0.476299
vt 0.556524 0.492453
vt 0.515581 0.446639
vt 0.593921 0.390625
vt 0.594011 0.398454
vt 0.588830 0.474246
vt 0.585355 0.496701
vt 0.585091 0.491829
vt 0.585253 0.497381
vt 0.585090 0.491829
vt 0.593796 0.382796
vt 0.593852 0.386641
vt 0.592861 0.457948
s 0
g off
g Body_Cube.002_Gloss_Red
usemtl Gloss_Red
f 3/1/1 1592/1/1 1596/1/1
f 1470/1/2 9/1/2 8/1/2
f 639/2/3 647/3/3 638/4/3
f 640/5/4 637/6/4 639/2/4
f 643/7/5 641/8/5 642/9/5
f 645/10/6 643/7/6 644/11/6
f 646/12/7 637/6/7 645/10/7
f 124/13/8 638/4/8 125/14/8
f 18/15/9 640/5/9 123/16/9
f 162/17/10 641/8/10 640/5/10
f 123/16/11 639/2/11 124/13/11
f 216/18/12 160/19/12 33/20/12
f 215/21/13 642/9/13 216/18/13
f 642/9/14 161/22/14 160/19/14
f 120/23/15 214/24/15 17/25/15
f 121/26/16 644/11/16 120/23/16
f 644/11/17 215/21/17 214/24/17
f 122/27/18 645/10/18 121/26/18
f 650/28/19 658/29/19 649/30/19
f 651/31/20 648/32/20 650/28/20
f 654/33/21 652/34/21 653/35/21
f 656/36/22 654/33/22 655/37/22
f 657/38/23 648/32/23 656/36/23
f 118/39/24 649/30/24 119/40/24
f 65/41/25 651/31/25 117/42/25
f 168/43/26 652/34/26 651/31/26
f 117/42/27 650/28/27 118/39/27
f 222/44/28 166/45/28 34/46/28
f 221/47/29 653/35/29 222/44/29
f 653/35/30 167/48/30 166/45/30
f 123/16/31 220/49/31 18/15/31
f 124/13/32 655/37/32 123/16/32
f 655/37/33 221/47/33 220/49/33
f 125/14/34 656/36/34 124/13/34
f 659/50/35 663/51/35 662/52/35
f 660/53/36 664/54/36 663/51/36
f 662/52/37 666/55/37 665/56/37
f 663/51/38 667/57/38 666/55/38
f 43/58/39 659/50/39 290/59/39
f 301/60/40 660/53/40 659/50/40
f 300/61/41 661/62/41 660/53/41
f 299/63/42 198/64/42 661/62/42
f 661/62/43 197/65/43 664/54/43
f 664/54/44 196/66/44 667/57/44
f 667/57/45 20/67/45 177/68/45
f 666/55/46 177/68/46 176/69/46
f 665/56/47 176/69/47 175/70/47
f 292/71/48 175/70/48 37/72/48
f 291/73/49 665/56/49 292/71/49
f 290/59/50 662/52/50 291/73/50
f 669/74/51 1580/75/51 1579/76/51
f 1593/77/52 1582/78/52 669/74/52
f 190/79/53 107/80/53 14/81/53
f 191/82/54 668/83/54 190/79/54
f 668/83/55 1578/84/55 1576/85/55
f 25/86/56 670/87/56 192/88/56
f 127/89/57 1593/77/57 670/87/57
f 192/88/58 669/74/58 191/82/58
f 671/90/59 675/91/59 674/92/59
f 672/93/60 676/94/60 675/91/60
f 674/92/61 678/95/61 677/96/61
f 675/91/62 679/97/62 678/95/62
f 42/98/63 671/90/63 278/99/63
f 289/100/64 672/93/64 671/90/64
f 288/101/65 673/102/65 672/93/65
f 287/103/66 195/104/66 673/102/66
f 673/102/67 194/105/67 676/94/67
f 676/94/68 193/106/68 679/97/68
f 679/97/69 19/107/69 171/108/69
f 678/95/70 171/108/70 170/109/70
f 677/96/71 170/109/71 169/110/71
f 280/111/72 169/110/72 35/112/72
f 279/113/73 677/96/73 280/111/73
f 278/99/74 674/92/74 279/113/74
f 682/114/75 690/115/75 681/116/75
f 683/117/76 680/118/76 682/114/76
f 685/119/77 680/118/77 684/120/77
f 688/121/78 686/122/78 687/123/78
f 689/124/79 680/118/79 688/121/79
f 121/26/80 681/116/80 122/27/80
f 17/25/81 683/117/81 120/23/81
f 156/125/82 684/120/82 683/117/82
f 120/23/83 682/114/83 121/26/83
f 210/126/84 154/127/84 31/128/84
f 210/126/85 686/122/85 685/119/85
f 685/119/86 155/129/86 154/127/86
f 131/130/87 208/131/87 16/132/87
f 132/133/88 687/123/88 131/130/88
f 687/123/89 209/134/89 208/131/89
f 133/135/90 688/121/90 132/133/90
f 693/136/91 698/137/91 692/138/91
f 694/139/92 691/140/92 693/136/92
f 697/141/93 695/142/93 696/143/93
f 12/144/94 692/138/94 145/145/94
f 110/146/95 693/136/95 692/138/95
f 183/147/96 108/148/96 22/149/96
f 182/150/97 694/139/97 183/147/97
f 694/139/98 109/151/98 108/148/98
f 142/152/99 181/153/99 11/154/99
f 143/155/100 696/143/100 142/152/100
f 696/143/101 182/150/101 181/153/101
f 369/156/102 700/157/102 699/158/102
f 368/159/103 145/145/103 700/157/103
f 704/160/104 701/161/104 703/162/104
f 113/163/105 144/164/105 13/165/105
f 112/166/106 702/167/106 113/163/106
f 186/168/107 111/169/107 23/170/107
f 185/171/108 704/160/108 186/168/108
f 704/160/109 112/166/109 111/169/109
f 141/172/110 184/173/110 56/174/110
f 706/175/111 185/171/111 184/173/111
f 709/176/112 714/177/112 708/178/112
f 711/179/113 709/176/113 710/180/113
f 713/181/114 711/179/114 712/182/114
f 106/183/115 142/152/115 11/154/115
f 106/183/116 709/176/116 708/178/116
f 708/178/117 143/155/117 142/152/117
f 180/184/118 104/185/118 21/186/118
f 179/187/119 710/180/119 180/184/119
f 710/180/120 105/188/120 104/185/120
f 13/165/121 712/182/121 178/189/121
f 178/189/122 711/179/122 179/187/122
f 147/190/123 718/191/123 715/192/123
f 146/193/124 201/194/124 718/191/124
f 717/195/125 201/194/125 200/196/125
f 716/197/126 200/196/126 199/198/126
f 140/199/127 199/198/127 10/1/127
f 720/200/128 722/201/128 719/202/128
f 721/203/129 723/204/129 720/200/129
f 723/204/130 725/205/130 722/201/130
f 724/206/131 726/207/131 723/204/131
f 226/208/132 370/209/132 10/210/132
f 227/211/133 719/202/133 226/208/133
f 228/212/134 720/200/134 227/211/134
f 36/213/135 721/203/135 228/212/135
f 305/214/136 724/206/136 721/203/136
f 306/215/137 727/216/137 724/206/137
f 307/217/138 304/218/138 727/216/138
f 727/216/139 303/219/139 726/207/139
f 726/207/140 302/220/140 725/205/140
f 725/205/141 12/144/141 368/221/141
f 722/201/142 368/221/142 369/222/142
f 719/202/143 369/222/143 370/209/143
f 728/223/144 732/224/144 731/225/144
f 729/226/145 733/227/145 732/224/145
f 732/224/146 734/228/146 731/225/146
f 732/224/147 736/229/147 735/230/147
f 41/231/148 728/223/148 266/232/148
f 277/233/149 729/226/149 728/223/149
f 276/234/150 730/235/150 729/226/150
f 275/236/151 207/237/151 730/235/151
f 730/235/152 206/238/152 733/227/152
f 733/227/153 205/239/153 736/229/153
f 736/229/154 11/240/154 181/241/154
f 736/229/155 182/242/155 735/230/155
f 735/230/156 183/243/156 734/228/156
f 734/228/157 22/244/157 268/245/157
f 731/225/158 268/245/158 267/246/158
f 266/232/159 731/225/159 267/246/159
f 738/247/160 740/248/160 737/249/160
f 739/250/161 741/251/161 738/247/161
f 741/251/162 743/252/162 740/248/162
f 742/253/163 744/254/163 741/251/163
f 265/255/164 254/256/164 40/257/164
f 264/258/165 737/249/165 265/255/165
f 263/259/166 738/247/166 264/258/166
f 263/259/167 213/260/167 739/250/167
f 213/260/168 742/253/168 739/250/168
f 212/261/169 745/262/169 742/253/169
f 211/263/170 178/264/170 745/262/170
f 745/262/171 179/265/171 744/254/171
f 744/254/172 180/266/172 743/252/172
f 743/252/173 21/267/173 256/268/173
f 740/248/174 256/268/174 255/269/174
f 737/249/175 255/269/175 254/256/175
f 747/270/176 749/271/176 746/272/176
f 748/273/177 750/274/177 747/270/177
f 750/274/178 752/275/178 749/271/178
f 751/276/179 753/277/179 750/274/179
f 39/278/180 746/272/180 242/279/180
f 253/280/181 747/270/181 746/272/181
f 252/281/182 748/273/182 747/270/182
f 251/282/183 219/283/183 748/273/183
f 748/273/184 218/284/184 751/276/184
f 751/276/185 217/285/185 754/286/185
f 754/286/186 56/287/186 184/288/186
f 754/286/187 185/289/187 753/277/187
f 753/277/188 186/290/188 752/275/188
f 752/275/189 23/291/189 244/292/189
f 749/271/190 244/292/190 243/293/190
f 746/272/191 243/293/191 242/279/191
f 755/294/192 759/295/192 758/296/192
f 756/297/193 760/298/193 759/295/193
f 758/296/194 762/299/194 761/300/194
f 759/295/195 763/301/195 762/299/195
f 38/302/196 755/294/196 231/303/196
f 241/304/197 756/297/197 755/294/197
f 240/305/198 757/306/198 756/297/198
f 239/307/199 228/212/199 757/306/199
f 757/306/200 227/211/200 760/298/200
f 760/298/201 226/208/201 763/301/201
f 763/301/202 10/210/202 199/308/202
f 762/299/203 199/308/203 200/309/203
f 761/300/204 200/309/204 201/310/204
f 761/300/205 28/311/205 233/312/205
f 232/313/206 761/300/206 233/312/206
f 231/303/207 758/296/207 232/313/207
f 764/314/208 767/315/208 766/316/208
f 766/316/209 769/317/209 768/318/209
f 238/319/210 765/320/210 764/314/210
f 237/321/211 231/322/211 765/320/211
f 765/320/212 232/323/212 767/315/212
f 767/315/213 233/324/213 769/317/213
f 769/317/214 28/325/214 146/193/214
f 768/318/215 146/193/215 147/190/215
f 770/326/216 773/327/216 772/328/216
f 772/328/217 775/329/217 774/330/217
f 229/331/218 771/332/218 770/326/218
f 230/333/219 234/334/219 771/332/219
f 771/332/220 235/335/220 773/327/220
f 773/327/221 236/336/221 775/329/221
f 775/329/222 38/302/222 237/321/222
f 774/330/223 237/321/223 238/319/223
f 776/337/224 780/338/224 779/339/224
f 777/340/225 781/341/225 780/338/225
f 779/339/226 783/342/226 782/343/226
f 780/338/227 784/344/227 783/342/227
f 37/72/228 776/337/228 234/334/228
f 175/70/229 777/340/229 776/337/229
f 176/69/230 778/345/230 777/340/230
f 177/68/231 174/346/231 778/345/231
f 778/345/232 173/347/232 781/341/232
f 781/341/233 172/348/233 784/344/233
f 784/344/234 36/213/234 239/307/234
f 783/342/235 239/307/235 240/305/235
f 782/343/236 240/305/236 241/304/236
f 236/336/237 241/304/237 38/302/237
f 235/335/238 782/343/238 236/336/238
f 234/334/239 779/339/239 235/335/239
f 785/349/240 789/350/240 788/351/240
f 786/352/241 790/353/241 789/350/241
f 788/351/242 792/354/242 791/355/242
f 789/350/243 793/356/243 792/354/243
f 32/357/244 785/349/244 213/260/244
f 250/358/245 786/352/245 785/349/245
f 249/359/246 787/360/246 786/352/246
f 248/361/247 242/279/247 787/360/247
f 787/360/248 243/293/248 790/353/248
f 790/353/249 244/292/249 793/356/249
f 793/356/250 23/291/250 111/362/250
f 792/354/251 111/362/251 112/363/251
f 791/355/252 112/363/252 113/364/252
f 791/355/253 13/365/253 211/263/253
f 788/351/254 211/263/254 212/261/254
f 785/349/255 212/261/255 213/260/255
f 794/366/256 798/367/256 797/368/256
f 795/369/257 799/370/257 798/367/257
f 797/368/258 801/371/258 800/372/258
f 798/367/259 802/373/259 801/371/259
f 18/15/260 794/366/260 159/374/260
f 220/49/261 795/369/261 794/366/261
f 222/44/262 795/369/262 221/47/262
f 34/46/263 796/375/263 222/44/263
f 338/376/264 799/370/264 796/375/264
f 799/370/265 340/377/265 802/373/265
f 802/373/266 51/378/266 358/379/266
f 801/371/267 358/379/267 357/380/267
f 800/372/268 357/380/268 356/381/268
f 157/382/269 356/381/269 52/383/269
f 158/384/270 800/372/270 157/382/270
f 159/374/271 797/368/271 158/384/271
f 803/385/272 807/386/272 806/387/272
f 804/388/273 808/389/273 807/386/273
f 806/387/274 810/390/274 809/391/274
f 807/386/275 811/392/275 810/390/275
f 34/46/276 803/385/276 338/376/276
f 166/45/277 804/388/277 803/385/277
f 167/48/278 805/393/278 804/388/278
f 168/43/279 165/394/279 805/393/279
f 805/393/280 164/395/280 808/389/280
f 808/389/281 163/396/281 811/392/281
f 811/392/282 100/397/282 367/398/282
f 810/390/283 367/398/283 366/399/283
f 809/391/284 366/399/284 365/400/284
f 340/377/285 365/400/285 51/378/285
f 339/401/286 809/391/286 340/377/286
f 338/376/287 806/387/287 339/401/287
f 812/402/288 816/403/288 815/404/288
f 813/405/289 817/406/289 816/403/289
f 815/404/290 819/407/290 818/408/290
f 816/403/291 820/409/291 819/407/291
f 30/410/292 812/402/292 207/237/292
f 262/411/293 813/405/293 812/402/293
f 261/412/294 814/413/294 813/405/294
f 260/414/295 254/256/295 814/413/295
f 814/413/296 255/269/296 817/406/296
f 817/406/297 256/268/297 820/409/297
f 820/409/298 21/267/298 104/415/298
f 819/407/299 104/415/299 105/416/299
f 818/408/300 105/416/300 106/417/300
f 205/239/301 106/417/301 11/240/301
f 206/238/302 818/408/302 205/239/302
f 207/237/303 815/404/303 206/238/303
f 821/418/304 825/419/304 824/420/304
f 822/421/305 826/422/305 825/419/305
f 824/420/306 828/423/306 827/424/306
f 825/419/307 829/425/307 828/423/307
f 17/25/308 821/418/308 153/426/308
f 214/24/309 822/421/309 821/418/309
f 216/18/310 822/421/310 215/21/310
f 33/20/311 823/427/311 216/18/311
f 823/427/312 333/428/312 826/422/312
f 826/422/313 334/429/313 829/425/313
f 829/425/314 49/430/314 355/431/314
f 828/423/315 355/431/315 354/432/315
f 827/424/316 354/432/316 353/433/316
f 151/434/317 353/433/317 50/435/317
f 152/436/318 827/424/318 151/434/318
f 153/426/319 824/420/319 152/436/319
f 830/437/320 834/438/320 833/439/320
f 831/440/321 835/441/321 834/438/321
f 833/439/322 837/442/322 836/443/322
f 834/438/323 838/444/323 837/442/323
f 33/20/324 830/437/324 332/445/324
f 160/19/325 831/440/325 830/437/325
f 161/22/326 832/446/326 831/440/326
f 162/17/327 159/374/327 832/446/327
f 832/446/328 158/384/328 835/441/328
f 835/441/329 157/382/329 838/444/329
f 838/444/330 52/383/330 364/447/330
f 837/442/331 364/447/331 363/448/331
f 836/443/332 363/448/332 362/449/332
f 334/429/333 362/449/333 49/430/333
f 333/428/334 836/443/334 334/429/334
f 332/445/335 833/439/335 333/428/335
f 841/450/336 853/451/336 840/452/336
f 842/453/337 839/454/337 841/450/337
f 844/455/338 839/454/338 843/456/338
f 847/457/339 845/458/339 846/459/339
f 849/460/340 847/457/340 848/461/340
f 850/462/341 839/454/341 849/460/341
f 853/451/342 851/463/342 852/464/342
f 274/465/343 204/466/343 29/467/343
f 273/468/344 840/452/344 274/465/344
f 840/452/345 203/469/345 204/466/345
f 266/232/346 272/470/346 41/231/346
f 267/246/347 842/453/347 266/232/347
f 272/470/348 841/450/348 273/468/348
f 22/244/157 844/455/157 268/245/157
f 108/471/349 845/458/349 844/455/349
f 268/245/350 843/456/350 267/246/350
f 302/472/351 110/473/351 12/474/351
f 303/475/352 846/459/352 302/472/352
f 846/459/353 109/476/353 110/473/353
f 44/477/354 848/461/354 304/478/354
f 309/479/355 848/461/355 308/480/355
f 304/478/356 847/457/356 303/475/356
f 45/481/357 850/462/357 310/482/357
f 314/483/358 851/463/358 850/462/358
f 310/482/359 849/460/359 309/479/359
f 46/484/360 852/464/360 316/485/360
f 202/486/361 853/451/361 852/464/361
f 852/464/362 315/487/362 316/485/362
f 854/488/363 858/489/363 857/490/363
f 855/491/364 859/492/364 858/489/364
f 857/490/365 861/493/365 860/494/365
f 858/489/366 862/495/366 861/493/366
f 16/132/367 854/488/367 150/496/367
f 208/131/368 855/491/368 854/488/368
f 209/134/369 856/497/369 855/491/369
f 210/126/370 347/498/370 856/497/370
f 856/497/371 348/499/371 859/492/371
f 859/492/372 349/500/372 862/495/372
f 862/495/373 53/501/373 352/502/373
f 861/493/374 352/502/374 351/503/374
f 860/494/375 351/503/375 350/504/375
f 148/505/376 350/504/376 48/506/376
f 149/507/377 860/494/377 148/505/377
f 150/496/378 857/490/378 149/507/378
f 863/508/379 867/509/379 866/510/379
f 864/511/380 868/512/380 867/509/380
f 866/510/381 870/513/381 869/514/381
f 867/509/382 871/515/382 870/513/382
f 31/128/383 863/508/383 347/498/383
f 154/127/384 864/511/384 863/508/384
f 155/129/385 865/516/385 864/511/385
f 156/125/386 153/426/386 865/516/386
f 865/516/387 152/436/387 868/512/387
f 868/512/388 151/434/388 871/515/388
f 871/515/389 50/435/389 361/517/389
f 870/513/390 361/517/390 360/518/390
f 869/514/391 360/518/391 359/519/391
f 349/500/392 359/519/392 53/501/392
f 348/499/393 869/514/393 349/500/393
f 347/498/394 866/510/394 348/499/394
f 873/520/395 875/521/395 872/522/395
f 873/520/396 877/523/396 876/524/396
f 876/524/397 878/525/397 875/521/397
f 876/524/398 880/526/398 879/527/398
f 286/528/399 126/529/399 25/86/399
f 286/528/400 873/520/400 872/522/400
f 285/530/401 874/531/401 873/520/401
f 284/532/402 278/99/402 874/531/402
f 874/531/403 279/113/403 877/523/403
f 877/523/404 280/111/404 880/526/404
f 880/526/405 35/112/405 225/533/405
f 879/527/406 225/533/406 224/534/406
f 879/527/407 223/535/407 878/525/407
f 875/521/408 1606/536/408 1597/537/408
f 872/522/409 127/538/409 126/529/409
f 881/539/410 885/540/410 884/541/410
f 882/542/411 886/543/411 885/540/411
f 884/541/412 888/544/412 887/545/412
f 885/540/413 889/546/413 888/544/413
f 14/547/414 881/539/414 190/548/414
f 116/549/415 882/542/415 881/539/415
f 115/550/416 883/551/416 882/542/416
f 114/552/417 281/553/417 883/551/417
f 883/551/418 282/554/418 886/543/418
f 886/543/419 283/555/419 889/546/419
f 889/546/420 42/98/420 284/532/420
f 888/544/421 284/532/421 285/530/421
f 887/545/422 285/530/422 286/528/422
f 192/556/423 286/528/423 25/86/423
f 191/557/424 887/545/424 192/556/424
f 190/548/425 884/541/425 191/557/425
f 890/558/426 894/559/426 893/560/426
f 891/561/427 895/562/427 894/559/427
f 893/560/428 897/563/428 896/564/428
f 894/559/429 898/565/429 897/563/429
f 24/566/430 890/558/430 281/553/430
f 189/567/431 891/561/431 890/558/431
f 188/568/432 892/569/432 891/561/432
f 187/570/433 136/571/433 892/569/433
f 892/569/434 135/572/434 895/562/434
f 895/562/435 134/573/435 898/565/435
f 898/565/436 26/574/436 287/103/436
f 897/563/437 287/103/437 288/101/437
f 896/564/438 288/101/438 289/100/438
f 283/555/439 289/100/439 42/98/439
f 282/554/440 896/564/440 283/555/440
f 281/553/441 893/560/441 282/554/441
f 900/575/442 1599/576/442 1598/577/442
f 900/575/443 903/578/443 902/579/443
f 902/579/444 905/580/444 904/581/444
f 298/582/445 900/575/445 899/583/445
f 297/584/446 901/585/446 900/575/446
f 296/586/447 290/59/447 901/585/447
f 901/585/448 291/73/448 903/578/448
f 903/578/449 292/71/449 905/580/449
f 905/580/450 37/72/450 230/333/450
f 904/581/451 230/333/451 229/331/451
f 906/587/452 910/588/452 909/589/452
f 907/590/453 911/591/453 910/588/453
f 909/589/454 913/592/454 912/593/454
f 910/588/455 914/594/455 913/592/455
f 223/595/456 907/590/456 906/587/456
f 224/596/457 908/597/457 907/590/457
f 225/598/458 293/599/458 908/597/458
f 908/597/459 294/600/459 911/591/459
f 911/591/460 295/601/460 914/594/460
f 914/594/461 43/58/461 296/586/461
f 913/592/462 296/586/462 297/584/462
f 912/593/463 297/584/463 298/582/463
f 915/602/464 919/603/464 918/604/464
f 916/605/465 920/606/465 919/603/465
f 918/604/466 922/607/466 921/608/466
f 919/603/467 923/609/467 922/607/467
f 35/112/468 915/602/468 293/610/468
f 169/110/469 916/605/469 915/602/469
f 170/109/470 917/611/470 916/605/470
f 171/108/471 139/612/471 917/611/471
f 917/611/472 138/613/472 920/606/472
f 920/606/473 137/614/473 923/609/473
f 923/609/474 27/615/474 299/63/474
f 922/607/475 299/63/475 300/61/475
f 921/608/476 300/61/476 301/60/476
f 295/616/477 301/60/477 43/58/477
f 294/617/478 921/608/478 295/616/478
f 293/610/479 918/604/479 294/617/479
f 926/618/480 936/619/480 925/620/480
f 927/621/481 924/622/481 926/618/481
f 929/623/482 924/622/482 928/624/482
f 932/625/483 930/626/483 931/627/483
f 934/628/484 932/625/484 933/629/484
f 935/630/485 924/622/485 934/628/485
f 132/133/486 925/620/486 133/135/486
f 925/620/487 372/631/487 371/632/487
f 16/132/488 927/621/488 131/130/488
f 376/633/489 928/624/489 927/621/489
f 131/130/490 926/618/490 132/133/490
f 187/634/491 374/635/491 15/636/491
f 187/634/492 930/626/492 929/623/492
f 929/623/493 375/637/493 374/635/493
f 114/638/494 189/639/494 24/566/494
f 115/640/495 931/627/495 114/638/495
f 931/627/496 188/641/496 189/639/496
f 130/642/497 116/643/497 14/81/497
f 129/644/498 933/629/498 130/642/498
f 933/629/499 115/640/499 116/643/499
f 54/645/500 935/630/500 128/646/500
f 373/647/501 936/619/501 935/630/501
f 128/646/502 934/628/502 129/644/502
f 937/648/503 941/649/503 940/650/503
f 938/651/504 942/652/504 941/649/504
f 940/650/505 944/653/505 943/654/505
f 941/649/506 945/655/506 944/653/506
f 44/656/507 937/648/507 308/657/507
f 307/217/508 938/651/508 937/648/508
f 306/215/509 939/658/509 938/651/509
f 305/214/510 172/348/510 939/658/510
f 939/658/511 173/347/511 942/652/511
f 942/652/512 174/346/512 945/655/512
f 945/655/513 20/67/513 311/659/513
f 944/653/514 311/659/514 312/660/514
f 943/654/515 312/660/515 313/661/515
f 310/662/516 313/661/516 45/663/516
f 309/664/517 943/654/517 310/662/517
f 308/657/518 940/650/518 309/664/518
f 946/665/519 950/666/519 949/667/519
f 947/668/520 951/669/520 950/666/520
f 950/666/521 952/670/521 949/667/521
f 950/666/522 954/671/522 953/672/522
f 45/663/523 946/665/523 314/673/523
f 313/661/524 947/668/524 946/665/524
f 312/660/525 948/674/525 947/668/525
f 311/659/526 196/66/526 948/674/526
f 948/674/527 197/65/527 951/669/527
f 951/669/528 198/64/528 954/671/528
f 954/671/529 27/615/529 317/675/529
f 953/672/530 317/675/530 318/676/530
f 953/672/531 319/677/531 952/670/531
f 952/670/532 46/678/532 316/679/532
f 949/667/533 316/679/533 315/680/533
f 946/665/534 315/680/534 314/673/534
f 957/681/535 965/682/535 956/683/535
f 959/684/536 957/681/536 958/685/536
f 960/686/537 955/687/537 959/684/537
f 963/688/538 961/689/538 962/690/538
f 964/691/539 955/687/539 963/688/539
f 319/677/540 202/692/540 46/678/540
f 318/676/541 956/683/541 319/677/541
f 956/683/542 203/693/542 202/692/542
f 137/614/543 317/675/543 27/615/543
f 138/613/544 958/685/544 137/614/544
f 958/685/545 318/676/545 317/675/545
f 19/107/546 960/686/546 139/612/546
f 323/694/547 961/689/547 960/686/547
f 139/612/548 959/684/548 138/613/548
f 322/695/549 325/696/549 47/697/549
f 321/698/550 962/690/550 322/695/550
f 962/690/551 324/699/551 325/696/551
f 29/467/552 964/691/552 320/700/552
f 204/701/553 965/682/553 964/691/553
f 320/700/554 963/688/554 321/698/554
f 966/702/555 970/703/555 969/704/555
f 967/705/556 971/706/556 970/703/556
f 969/704/557 973/707/557 972/708/557
f 970/703/558 974/709/558 973/707/558
f 47/697/559 966/702/559 326/710/559
f 325/696/560 967/705/560 966/702/560
f 324/699/561 968/711/561 967/705/561
f 323/694/562 193/106/562 968/711/562
f 968/711/563 194/105/563 971/706/563
f 971/706/564 195/104/564 974/709/564
f 974/709/565 26/574/565 329/712/565
f 973/707/566 329/712/566 330/713/566
f 972/708/567 330/713/567 331/714/567
f 328/715/568 331/714/568 48/506/568
f 327/716/569 972/708/569 328/715/569
f 326/710/570 969/704/570 327/716/570
f 975/717/571 979/718/571 978/719/571
f 976/720/572 980/721/572 979/718/572
f 978/719/573 982/722/573 981/723/573
f 979/718/574 983/724/574 982/722/574
f 48/506/575 975/717/575 148/505/575
f 331/714/576 976/720/576 975/717/576
f 330/713/577 977/725/577 976/720/577
f 329/712/578 134/726/578 977/725/578
f 977/725/579 135/727/579 980/721/579
f 980/721/580 136/728/580 983/724/580
f 983/724/581 15/636/581 374/635/581
f 982/722/582 374/635/582 375/729/582
f 981/723/583 375/729/583 376/730/583
f 150/731/584 376/730/584 16/732/584
f 149/733/585 981/723/585 150/731/585
f 148/505/586 978/719/586 149/733/586
f 986/734/587 994/735/587 985/736/587
f 988/737/588 986/734/588 987/738/588
f 989/739/589 984/740/589 988/737/589
f 992/741/590 990/742/590 991/743/590
f 993/744/591 984/740/591 992/741/591
f 48/506/592 985/736/592 328/715/592
f 350/504/593 986/734/593 985/736/593
f 985/736/594 327/716/594 328/715/594
f 269/745/595 352/502/595 53/501/595
f 270/746/596 987/738/596 269/745/596
f 987/738/597 351/503/597 352/502/597
f 41/231/598 989/739/598 271/747/598
f 272/470/599 990/742/599 989/739/599
f 271/747/600 988/737/600 270/746/600
f 320/700/601 274/465/601 29/467/601
f 321/698/602 991/743/602 320/700/602
f 991/743/603 273/468/603 274/465/603
f 47/748/604 993/744/604 322/749/604
f 326/750/605 994/735/605 993/744/605
f 322/749/606 992/741/606 321/698/606
f 995/751/607 999/752/607 998/753/607
f 996/754/608 1000/755/608 999/752/608
f 998/753/609 1002/756/609 1001/757/609
f 999/752/610 1003/758/610 1002/756/610
f 50/435/611 995/751/611 337/759/611
f 353/433/612 996/754/612 995/751/612
f 354/432/613 997/760/613 996/754/613
f 355/431/614 257/761/614 997/760/614
f 997/760/615 258/762/615 1000/755/615
f 1000/755/616 259/763/616 1003/758/616
f 1003/758/617 40/257/617 260/414/617
f 1002/756/618 260/414/618 261/412/618
f 1001/757/619 261/412/619 262/411/619
f 335/764/620 262/411/620 30/410/620
f 336/765/621 1001/757/621 335/764/621
f 337/759/622 998/753/622 336/765/622
f 1004/766/623 1008/767/623 1007/768/623
f 1005/769/624 1009/770/624 1008/767/624
f 1007/768/625 1011/771/625 1010/772/625
f 1008/767/626 1012/773/626 1011/771/626
f 52/383/627 1004/766/627 346/774/627
f 356/381/628 1005/769/628 1004/766/628
f 357/380/629 1006/775/629 1005/769/629
f 358/379/630 245/776/630 1006/775/630
f 1006/775/631 246/777/631 1009/770/631
f 1009/770/632 247/778/632 1012/773/632
f 1012/773/633 39/278/633 248/361/633
f 1011/771/634 248/361/634 249/359/634
f 1010/772/635 249/359/635 250/358/635
f 344/779/636 250/358/636 32/357/636
f 345/780/637 1010/772/637 344/779/637
f 346/774/638 1007/768/638 345/780/638
f 1013/781/639 1017/782/639 1016/783/639
f 1014/784/640 1018/785/640 1017/782/640
f 1016/783/641 1020/786/641 1019/787/641
f 1017/782/642 1021/788/642 1020/786/642
f 53/501/643 1013/781/643 269/745/643
f 359/519/644 1014/784/644 1013/781/644
f 360/518/645 1015/789/645 1014/784/645
f 361/517/646 337/759/646 1015/789/646
f 1015/789/647 336/765/647 1018/785/647
f 1018/785/648 335/764/648 1021/788/648
f 1021/788/649 30/410/649 275/236/649
f 1020/786/650 275/236/650 276/234/650
f 1019/787/651 276/234/651 277/233/651
f 271/747/652 277/233/652 41/231/652
f 270/746/653 1019/787/653 271/747/653
f 269/745/654 1016/783/654 270/746/654
f 1022/790/655 1026/791/655 1025/792/655
f 1023/793/656 1027/794/656 1026/791/656
f 1025/792/657 1029/795/657 1028/796/657
f 1026/791/658 1030/797/658 1029/795/658
f 49/430/659 1022/790/659 257/761/659
f 362/449/660 1023/793/660 1022/790/660
f 363/448/661 1024/798/661 1023/793/661
f 364/447/662 346/774/662 1024/798/662
f 1024/798/663 345/780/663 1027/794/663
f 1027/794/664 344/779/664 1030/797/664
f 1030/797/665 32/357/665 263/259/665
f 1029/795/666 263/259/666 264/258/666
f 1028/796/667 264/258/667 265/255/667
f 259/763/668 265/255/668 40/257/668
f 258/762/669 1028/796/669 259/763/669
f 257/761/670 1025/792/670 258/762/670
f 1031/799/671 1035/800/671 1034/801/671
f 1032/802/672 1036/803/672 1035/800/672
f 1034/801/673 1038/804/673 1037/805/673
f 1035/800/674 1039/806/674 1038/804/674
f 51/378/675 1031/799/675 245/776/675
f 365/400/676 1032/802/676 1031/799/676
f 366/399/677 1033/807/677 1032/802/677
f 367/398/678 343/808/678 1033/807/678
f 1033/807/679 342/809/679 1036/803/679
f 1036/803/680 341/810/680 1039/806/680
f 1039/806/681 81/811/681 251/282/681
f 1038/804/682 251/282/682 252/281/682
f 1037/805/683 252/281/683 253/280/683
f 247/778/684 253/280/684 39/278/684
f 246/777/685 1037/805/685 247/778/685
f 245/776/686 1034/801/686 246/777/686
f 1042/3/687 1050/2/687 1041/4/687
f 1043/812/688 1040/6/688 1042/3/688
f 1046/7/689 1044/10/689 1045/11/689
f 1048/8/690 1046/7/690 1047/9/690
f 1049/5/691 1040/6/691 1048/8/691
f 1041/4/692 394/13/692 395/14/692
f 392/27/693 1044/10/693 1043/812/693
f 480/24/694 390/23/694 63/25/694
f 481/21/695 1045/11/695 480/24/695
f 1045/11/696 391/26/696 390/23/696
f 429/19/697 482/18/697 80/20/697
f 430/22/698 1047/9/698 429/19/698
f 1047/9/699 481/21/699 482/18/699
f 64/15/700 1049/5/700 431/17/700
f 393/16/701 1050/2/701 1049/5/701
f 431/17/702 1048/8/702 430/22/702
f 1053/29/703 1061/28/703 1052/30/703
f 1054/38/704 1051/32/704 1053/29/704
f 1057/33/705 1055/36/705 1056/37/705
f 1059/34/706 1057/33/706 1058/35/706
f 1060/31/707 1051/32/707 1059/34/707
f 1052/30/708 118/39/708 119/40/708
f 395/14/709 1055/36/709 1054/38/709
f 483/49/710 393/16/710 64/15/710
f 484/47/711 1056/37/711 483/49/711
f 1056/37/712 394/13/712 393/16/712
f 432/45/713 485/44/713 82/46/713
f 433/48/714 1058/35/714 432/45/714
f 1058/35/715 484/47/715 485/44/715
f 65/41/716 1060/31/716 434/43/716
f 117/42/717 1061/28/717 1060/31/717
f 434/43/718 1059/34/718 433/48/718
f 1062/50/719 1066/813/719 1065/53/719
f 1063/52/720 1067/55/720 1066/813/720
f 1065/53/721 1069/54/721 1068/62/721
f 1066/813/722 1070/57/722 1069/54/722
f 91/58/723 1062/50/723 564/60/723
f 553/59/724 1063/52/724 1062/50/724
f 554/73/725 1064/56/725 1063/52/725
f 555/71/726 441/70/726 1064/56/726
f 1064/56/727 442/69/727 1067/55/727
f 1067/55/728 443/68/728 1070/57/728
f 1070/57/729 67/814/729 462/66/729
f 1069/54/730 462/66/730 463/65/730
f 1068/62/731 463/65/731 464/64/731
f 562/63/732 464/64/732 74/615/732
f 563/61/733 1068/62/733 562/63/733
f 564/60/734 1065/53/734 563/61/734
f 1072/74/735 1462/78/735 1467/77/735
f 1465/76/736 1466/75/736 1072/74/736
f 72/86/737 1071/815/737 396/816/737
f 458/88/738 1072/74/738 1071/815/738
f 1071/815/739 1468/817/739 397/89/739
f 380/80/740 456/79/740 60/81/740
f 1458/85/741 1460/84/741 1073/83/741
f 1073/83/742 457/82/742 456/79/742
f 1074/90/743 1078/91/743 1077/93/743
f 1075/92/744 1079/95/744 1078/91/744
f 1077/93/745 1081/818/745 1080/102/745
f 1078/91/746 1082/97/746 1081/818/746
f 90/98/747 1074/90/747 552/100/747
f 541/99/748 1075/92/748 1074/90/748
f 542/113/749 1076/96/749 1075/92/749
f 543/111/750 435/110/750 1076/96/750
f 1076/96/751 436/109/751 1079/95/751
f 1079/95/752 437/108/752 1082/97/752
f 1082/97/753 66/107/753 459/106/753
f 1081/818/754 459/106/754 460/105/754
f 1080/102/755 460/105/755 461/104/755
f 550/103/756 461/104/756 73/574/756
f 551/101/757 1080/102/757 550/103/757
f 552/100/758 1077/93/758 551/101/758
f 1085/115/759 1093/114/759 1084/116/759
f 1086/124/760 1083/118/760 1085/115/760
f 1089/819/761 1087/121/761 1088/123/761
f 1090/119/762 1083/118/762 1089/819/762
f 1092/117/763 1083/118/763 1091/120/763
f 1084/116/764 391/26/764 392/27/764
f 403/135/765 1087/121/765 1086/124/765
f 474/131/766 401/130/766 62/132/766
f 475/820/767 1088/123/767 474/131/767
f 1088/123/768 402/133/768 401/130/768
f 423/127/769 476/126/769 78/128/769
f 424/129/770 1090/119/770 423/127/770
f 476/126/771 1089/819/771 475/820/771
f 63/25/772 1092/117/772 425/125/772
f 390/23/773 1093/114/773 1092/117/773
f 425/125/774 1091/120/774 424/129/774
f 1096/137/775 1101/136/775 1095/138/775
f 1099/142/776 1097/141/776 1098/143/776
f 1100/139/777 1094/140/777 1099/142/777
f 58/144/778 1095/138/778 383/146/778
f 414/821/779 1095/138/779 413/145/779
f 383/146/780 1101/136/780 382/151/780
f 447/153/781 410/152/781 57/154/781
f 448/150/782 1098/143/782 447/153/782
f 1098/143/783 411/155/783 410/152/783
f 381/148/784 449/147/784 69/149/784
f 382/151/785 1100/139/785 381/148/785
f 1100/139/786 448/150/786 449/147/786
f 628/159/787 413/145/787 58/144/787
f 629/156/788 1103/157/788 628/159/788
f 1108/160/789 1104/161/789 1107/822/789
f 412/164/790 386/163/790 59/165/790
f 1105/167/791 385/166/791 386/163/791
f 450/173/792 141/172/792 56/174/792
f 451/171/793 1106/175/793 450/173/793
f 384/169/794 452/168/794 70/170/794
f 385/166/795 1108/160/795 384/169/795
f 1108/160/796 451/171/796 452/168/796
f 1112/177/797 1117/176/797 1111/178/797
f 1115/823/798 1113/181/798 1114/182/798
f 1117/176/799 1115/823/799 1116/180/799
f 410/152/800 379/183/800 57/154/800
f 411/155/801 1111/178/801 410/152/801
f 379/183/802 1117/176/802 378/188/802
f 59/165/803 1114/182/803 412/164/803
f 444/189/804 1115/823/804 1114/182/804
f 377/185/805 446/184/805 68/186/805
f 378/188/806 1116/180/806 377/185/806
f 1116/180/807 445/187/807 446/184/807
f 1118/195/808 467/194/808 1120/191/808
f 467/194/809 415/193/809 1120/191/809
f 1120/191/810 416/190/810 1119/192/810
f 1122/201/811 1124/200/811 1121/824/811
f 1123/205/812 1125/204/812 1122/201/812
f 1125/204/813 1127/203/813 1124/200/813
f 1126/207/814 1128/206/814 1125/204/814
f 630/209/815 489/208/815 55/210/815
f 629/222/816 1121/824/816 630/209/816
f 628/221/817 1122/201/817 629/222/817
f 58/144/818 1123/205/818 628/221/818
f 565/220/819 1126/207/819 1123/205/819
f 566/219/820 1129/216/820 1126/207/820
f 567/218/821 570/217/821 1129/216/821
f 1129/216/822 569/215/822 1128/206/822
f 1128/206/823 568/214/823 1127/203/823
f 1127/203/824 84/213/824 491/212/824
f 1124/200/825 491/212/825 490/211/825
f 1121/824/826 490/211/826 489/208/826
f 1130/223/827 1134/224/827 1133/226/827
f 1132/228/828 1134/224/828 1131/225/828
f 1133/226/829 1137/227/829 1136/235/829
f 1134/224/830 1138/229/830 1137/227/830
f 89/231/831 1130/223/831 540/233/831
f 529/232/832 1131/225/832 1130/223/832
f 531/245/833 1131/225/833 530/246/833
f 69/244/834 1132/228/834 531/245/834
f 449/243/835 1135/825/835 1132/228/835
f 448/242/836 1138/229/836 1135/825/836
f 1138/229/837 57/240/837 471/239/837
f 1137/227/838 471/239/838 472/238/838
f 1136/235/839 472/238/839 473/237/839
f 538/826/840 473/237/840 77/410/840
f 539/234/841 1136/235/841 538/826/841
f 540/233/842 1133/226/842 539/234/842
f 1140/248/843 1142/247/843 1139/249/843
f 1141/252/844 1143/827/844 1140/248/844
f 1143/827/845 1145/250/845 1142/247/845
f 1144/254/846 1146/253/846 1143/827/846
f 517/256/847 528/255/847 88/257/847
f 518/269/848 1139/249/848 517/256/848
f 519/268/849 1140/248/849 518/269/849
f 68/267/850 1141/252/850 519/268/850
f 446/266/851 1144/254/851 1141/252/851
f 445/265/852 1147/262/852 1144/254/852
f 444/264/853 477/263/853 1147/262/853
f 1147/262/854 478/261/854 1146/253/854
f 1146/253/855 479/260/855 1145/250/855
f 526/259/856 479/260/856 79/357/856
f 1142/247/857 526/259/857 527/828/857
f 1139/249/858 527/828/858 528/255/858
f 1149/829/859 1151/270/859 1148/272/859
f 1150/275/860 1152/830/860 1149/829/860
f 1152/830/861 1154/273/861 1151/270/861
f 1153/277/862 1155/276/862 1152/830/862
f 87/278/863 1148/272/863 516/280/863
f 506/293/864 1148/272/864 505/279/864
f 507/292/865 1149/829/865 506/293/865
f 70/291/866 1150/275/866 507/292/866
f 452/290/867 1153/277/867 1150/275/867
f 451/289/868 1156/286/868 1153/277/868
f 1156/286/869 56/287/869 217/285/869
f 1155/276/870 217/285/870 218/284/870
f 1154/273/871 218/284/871 219/283/871
f 514/282/872 219/283/872 81/811/872
f 515/831/873 1154/273/873 514/282/873
f 516/280/874 1151/270/874 515/831/874
f 1157/294/875 1161/295/875 1160/297/875
f 1158/296/876 1162/299/876 1161/295/876
f 1160/297/877 1164/298/877 1163/306/877
f 1161/295/878 1165/301/878 1164/298/878
f 86/302/879 1157/294/879 504/304/879
f 494/303/880 1158/296/880 1157/294/880
f 495/313/881 1159/300/881 1158/296/881
f 75/311/882 1159/300/882 496/312/882
f 1159/300/883 466/309/883 1162/299/883
f 1162/299/884 465/308/884 1165/301/884
f 1165/301/885 55/210/885 489/208/885
f 1164/298/886 489/208/886 490/211/886
f 1163/306/887 490/211/887 491/212/887
f 502/307/888 491/212/888 84/213/888
f 503/305/889 1163/306/889 502/307/889
f 504/304/890 1160/297/890 503/305/890
f 1166/314/891 1170/315/891 1169/320/891
f 1167/316/892 1171/317/892 1170/315/892
f 1168/318/893 415/193/893 1171/317/893
f 1171/317/894 75/325/894 496/324/894
f 1170/315/895 496/324/895 495/323/895
f 1169/320/896 495/323/896 494/322/896
f 500/321/897 494/322/897 86/302/897
f 501/319/898 1169/320/898 500/321/898
f 1172/326/899 1176/327/899 1175/332/899
f 1173/328/900 1177/329/900 1176/327/900
f 1174/330/901 500/321/901 1177/329/901
f 1177/329/902 86/302/902 499/336/902
f 1176/327/903 499/336/903 498/335/903
f 1175/332/904 498/335/904 497/334/904
f 493/333/905 497/334/905 85/72/905
f 492/331/906 1175/332/906 493/333/906
f 1178/337/907 1182/338/907 1181/832/907
f 1179/339/908 1183/342/908 1182/338/908
f 1181/832/909 1185/341/909 1184/345/909
f 1182/338/910 1186/344/910 1185/341/910
f 85/72/911 1178/337/911 441/70/911
f 497/334/912 1179/339/912 1178/337/912
f 498/335/913 1180/343/913 1179/339/913
f 499/336/914 504/304/914 1180/343/914
f 1180/343/915 503/305/915 1183/342/915
f 1183/342/916 502/307/916 1186/344/916
f 1186/344/917 84/213/917 438/348/917
f 1185/341/918 438/348/918 439/347/918
f 1184/345/919 439/347/919 440/346/919
f 443/68/920 440/346/920 67/814/920
f 442/69/921 1184/345/921 443/68/921
f 441/70/922 1181/832/922 442/69/922
f 1187/349/923 1191/350/923 1190/352/923
f 1188/351/924 1192/354/924 1191/350/924
f 1190/352/925 1194/353/925 1193/360/925
f 1191/350/926 1195/356/926 1194/353/926
f 79/357/927 1187/349/927 513/358/927
f 478/261/928 1187/349/928 479/260/928
f 477/263/929 1188/351/929 478/261/929
f 59/365/930 1189/355/930 477/263/930
f 1189/355/931 385/363/931 1192/354/931
f 1192/354/932 384/362/932 1195/356/932
f 1195/356/933 70/291/933 507/292/933
f 1194/353/934 507/292/934 506/293/934
f 1193/360/935 506/293/935 505/279/935
f 511/361/936 505/279/936 87/278/936
f 512/359/937 1193/360/937 511/361/937
f 513/358/938 1190/352/938 512/359/938
f 1196/366/939 1200/367/939 1199/369/939
f 1197/368/940 1201/371/940 1200/367/940
f 1199/369/941 1203/370/941 1202/375/941
f 1200/367/942 1204/373/942 1203/370/942
f 64/15/943 1196/366/943 483/49/943
f 428/374/944 1197/368/944 1196/366/944
f 427/384/945 1198/372/945 1197/368/945
f 426/382/946 616/381/946 1198/372/946
f 1198/372/947 617/380/947 1201/371/947
f 1201/371/948 618/379/948 1204/373/948
f 1204/373/949 99/378/949 603/377/949
f 1203/370/950 603/377/950 602/401/950
f 1203/370/951 601/376/951 1202/375/951
f 1202/375/952 82/46/952 485/44/952
f 1199/369/953 485/44/953 484/47/953
f 483/49/954 1199/369/954 484/47/954
f 1205/385/955 1209/833/955 1208/388/955
f 1206/387/956 1210/390/956 1209/833/956
f 1208/388/957 1212/834/957 1211/393/957
f 1209/833/958 1213/392/958 1212/834/958
f 82/46/959 1205/385/959 432/45/959
f 601/376/960 1206/387/960 1205/385/960
f 602/401/961 1207/391/961 1206/387/961
f 603/377/962 625/400/962 1207/391/962
f 1207/391/963 626/835/963 1210/390/963
f 1210/390/964 627/398/964 1213/392/964
f 1213/392/965 100/397/965 163/396/965
f 1212/834/966 163/396/966 164/395/966
f 1211/393/967 164/395/967 165/394/967
f 434/43/968 165/394/968 65/41/968
f 433/48/969 1211/393/969 434/43/969
f 432/45/970 1208/388/970 433/48/970
f 1214/402/971 1218/403/971 1217/405/971
f 1215/404/972 1219/407/972 1218/403/972
f 1217/405/973 1221/406/973 1220/413/973
f 1218/403/974 1222/409/974 1221/406/974
f 77/410/975 1214/402/975 525/411/975
f 473/237/976 1215/404/976 1214/402/976
f 472/238/977 1216/408/977 1215/404/977
f 471/239/978 379/417/978 1216/408/978
f 1216/408/979 378/416/979 1219/407/979
f 1219/407/980 377/415/980 1222/409/980
f 1222/409/981 68/267/981 519/268/981
f 1221/406/982 519/268/982 518/269/982
f 1220/413/983 518/269/983 517/256/983
f 523/414/984 517/256/984 88/257/984
f 524/836/985 1220/413/985 523/414/985
f 525/411/986 1217/405/986 524/836/986
f 1223/418/987 1227/419/987 1226/421/987
f 1224/420/988 1228/423/988 1227/419/988
f 1226/421/989 1230/422/989 1229/427/989
f 1227/419/990 1231/425/990 1230/422/990
f 63/25/991 1223/418/991 480/24/991
f 422/426/992 1224/420/992 1223/418/992
f 421/436/993 1225/424/993 1224/420/993
f 420/434/994 613/433/994 1225/424/994
f 1225/424/995 614/432/995 1228/423/995
f 1228/423/996 615/431/996 1231/425/996
f 1231/425/997 97/430/997 597/429/997
f 1230/422/998 597/429/998 596/428/998
f 1229/427/999 596/428/999 595/445/999
f 1229/427/1000 80/20/1000 482/18/1000
f 1226/421/1001 482/18/1001 481/21/1001
f 480/24/1002 1226/421/1002 481/21/1002
f 1232/437/1003 1236/438/1003 1235/440/1003
f 1233/439/1004 1237/442/1004 1236/438/1004
f 1235/440/1005 1239/837/1005 1238/446/1005
f 1236/438/1006 1240/444/1006 1239/837/1006
f 80/20/1007 1232/437/1007 429/19/1007
f 595/445/1008 1233/439/1008 1232/437/1008
f 596/428/1009 1234/443/1009 1233/439/1009
f 597/429/1010 622/449/1010 1234/443/1010
f 1234/443/1011 623/838/1011 1237/442/1011
f 1237/442/1012 624/447/1012 1240/444/1012
f 1240/444/1013 101/383/1013 426/382/1013
f 1239/837/1014 426/382/1014 427/384/1014
f 1238/446/1015 427/384/1015 428/374/1015
f 431/17/1016 428/374/1016 64/15/1016
f 430/22/1017 1238/446/1017 431/17/1017
f 429/19/1018 1235/440/1018 430/22/1018
f 1243/451/1019 1255/450/1019 1242/839/1019
f 1245/463/1020 1243/451/1020 1244/464/1020
f 1246/462/1021 1241/454/1021 1245/463/1021
f 1249/457/1022 1247/460/1022 1248/461/1022
f 1251/458/1023 1249/457/1023 1250/459/1023
f 1252/455/1024 1241/454/1024 1251/458/1024
f 1254/453/1025 1241/454/1025 1253/456/1025
f 470/466/1026 537/465/1026 76/467/1026
f 469/469/1027 1242/839/1027 470/466/1027
f 1242/839/1028 536/468/1028 537/465/1028
f 94/484/1029 1244/464/1029 468/486/1029
f 578/487/1030 1244/464/1030 579/485/1030
f 468/486/1031 1243/451/1031 469/469/1031
f 93/481/1032 1246/462/1032 577/483/1032
f 573/482/1033 1247/460/1033 1246/462/1033
f 577/483/1034 1245/463/1034 578/487/1034
f 92/477/1035 1248/461/1035 571/480/1035
f 567/478/1036 1249/457/1036 1248/461/1036
f 1248/461/1037 572/479/1037 571/480/1037
f 383/473/1038 565/472/1038 58/474/1038
f 382/476/1039 1250/459/1039 383/473/1039
f 1250/459/1040 566/475/1040 565/472/1040
f 69/244/1041 1252/455/1041 381/471/1041
f 531/245/1042 1253/456/1042 1252/455/1042
f 381/471/1043 1251/458/1043 382/476/1043
f 535/470/1044 529/232/1044 89/231/1044
f 535/470/1045 1255/450/1045 1254/453/1045
f 1254/453/1046 530/246/1046 529/232/1046
f 1256/488/1047 1260/489/1047 1259/491/1047
f 1257/490/1048 1261/493/1048 1260/489/1048
f 1259/491/1049 1263/492/1049 1262/497/1049
f 1260/489/1050 1264/495/1050 1263/492/1050
f 62/132/1051 1256/488/1051 474/131/1051
f 419/496/1052 1257/490/1052 1256/488/1052
f 418/507/1053 1258/494/1053 1257/490/1053
f 417/505/1054 610/504/1054 1258/494/1054
f 1258/494/1055 611/503/1055 1261/493/1055
f 1261/493/1056 612/502/1056 1264/495/1056
f 1264/495/1057 102/501/1057 609/500/1057
f 1263/492/1058 609/500/1058 608/499/1058
f 1262/497/1059 608/499/1059 607/498/1059
f 476/126/1060 607/498/1060 78/128/1060
f 475/820/1061 1262/497/1061 476/126/1061
f 474/131/1062 1259/491/1062 475/820/1062
f 1265/508/1063 1269/509/1063 1268/511/1063
f 1266/510/1064 1270/513/1064 1269/509/1064
f 1268/511/1065 1272/512/1065 1271/516/1065
f 1269/509/1066 1273/515/1066 1272/512/1066
f 78/128/1067 1265/508/1067 423/127/1067
f 607/498/1068 1266/510/1068 1265/508/1068
f 608/499/1069 1267/514/1069 1266/510/1069
f 609/500/1070 619/519/1070 1267/514/1070
f 1267/514/1071 620/518/1071 1270/513/1071
f 1270/513/1072 621/517/1072 1273/515/1072
f 1273/515/1073 98/435/1073 420/434/1073
f 1272/512/1074 420/434/1074 421/436/1074
f 1271/516/1075 421/436/1075 422/426/1075
f 425/125/1076 422/426/1076 63/25/1076
f 424/129/1077 1271/516/1077 425/125/1077
f 423/127/1078 1268/511/1078 424/129/1078
f 1275/521/1079 1277/520/1079 1274/522/1079
f 1276/525/1080 1278/524/1080 1275/521/1080
f 1277/520/1081 1281/523/1081 1280/531/1081
f 1278/524/1082 1282/526/1082 1281/523/1082
f 396/529/1083 549/528/1083 72/86/1083
f 397/538/1084 1274/522/1084 396/529/1084
f 1471/537/1085 1276/525/1085 1275/521/1085
f 486/535/1086 1279/527/1086 1276/525/1086
f 1279/527/1087 488/533/1087 1282/526/1087
f 1282/526/1088 83/112/1088 543/111/1088
f 1281/523/1089 543/111/1089 542/113/1089
f 1280/531/1090 542/113/1090 541/99/1090
f 547/532/1091 541/99/1091 90/98/1091
f 548/530/1092 1280/531/1092 547/532/1092
f 549/528/1093 1277/520/1093 548/530/1093
f 1283/539/1094 1287/540/1094 1286/542/1094
f 1284/541/1095 1288/544/1095 1287/540/1095
f 1286/542/1096 1290/543/1096 1289/551/1096
f 1287/540/1097 1291/546/1097 1290/543/1097
f 60/547/1098 1283/539/1098 389/549/1098
f 456/548/1099 1284/541/1099 1283/539/1099
f 457/557/1100 1285/545/1100 1284/541/1100
f 458/556/1101 549/528/1101 1285/545/1101
f 1285/545/1102 548/530/1102 1288/544/1102
f 1288/544/1103 547/532/1103 1291/546/1103
f 1291/546/1104 90/98/1104 546/555/1104
f 1290/543/1105 546/555/1105 545/554/1105
f 1289/551/1106 545/554/1106 544/553/1106
f 387/552/1107 544/553/1107 71/566/1107
f 388/550/1108 1289/551/1108 387/552/1108
f 389/549/1109 1286/542/1109 388/550/1109
f 1292/558/1110 1296/559/1110 1295/561/1110
f 1293/560/1111 1297/563/1111 1296/559/1111
f 1295/561/1112 1299/562/1112 1298/569/1112
f 1296/559/1113 1300/565/1113 1299/562/1113
f 71/566/1114 1292/558/1114 455/567/1114
f 544/553/1115 1293/560/1115 1292/558/1115
f 545/554/1116 1294/564/1116 1293/560/1116
f 546/555/1117 552/100/1117 1294/564/1117
f 1294/564/1118 551/101/1118 1297/563/1118
f 1297/563/1119 550/103/1119 1300/565/1119
f 1300/565/1120 73/574/1120 404/573/1120
f 1299/562/1121 404/573/1121 405/572/1121
f 1298/569/1122 405/572/1122 406/571/1122
f 453/570/1123 406/571/1123 61/840/1123
f 454/568/1124 1298/569/1124 453/570/1124
f 455/567/1125 1295/561/1125 454/568/1125
f 1487/577/1126 1303/579/1126 1302/575/1126
f 1302/575/1127 1306/578/1127 1305/585/1127
f 1303/579/1128 1307/580/1128 1306/578/1128
f 1304/581/1129 493/333/1129 1307/580/1129
f 1307/580/1130 85/72/1130 555/71/1130
f 1306/578/1131 555/71/1131 554/73/1131
f 1305/585/1132 554/73/1132 553/59/1132
f 559/586/1133 553/59/1133 91/58/1133
f 560/584/1134 1305/585/1134 559/586/1134
f 561/582/1135 1302/575/1135 560/584/1135
f 1308/587/1136 1312/588/1136 1311/590/1136
f 1309/589/1137 1313/592/1137 1312/588/1137
f 1311/590/1138 1315/591/1138 1314/597/1138
f 1312/588/1139 1316/594/1139 1315/591/1139
f 1310/593/1140 560/584/1140 1313/592/1140
f 1313/592/1141 559/586/1141 1316/594/1141
f 1316/594/1142 91/58/1142 558/601/1142
f 1315/591/1143 558/601/1143 557/600/1143
f 1314/597/1144 557/600/1144 556/599/1144
f 488/598/1145 556/599/1145 83/841/1145
f 487/596/1146 1314/597/1146 488/598/1146
f 486/595/1147 1311/590/1147 487/596/1147
f 1317/602/1148 1321/603/1148 1320/605/1148
f 1318/604/1149 1322/607/1149 1321/603/1149
f 1320/605/1150 1324/606/1150 1323/611/1150
f 1321/603/1151 1325/609/1151 1324/606/1151
f 83/112/1152 1317/602/1152 435/110/1152
f 556/610/1153 1318/604/1153 1317/602/1153
f 557/617/1154 1319/608/1154 1318/604/1154
f 558/616/1155 564/60/1155 1319/608/1155
f 1319/608/1156 563/61/1156 1322/607/1156
f 1322/607/1157 562/63/1157 1325/609/1157
f 1325/609/1158 74/615/1158 407/614/1158
f 1324/606/1159 407/614/1159 408/613/1159
f 1323/611/1160 408/613/1160 409/612/1160
f 437/108/1161 409/612/1161 66/107/1161
f 436/109/1162 1323/611/1162 437/108/1162
f 435/110/1163 1320/605/1163 436/109/1163
f 1328/619/1164 1338/618/1164 1327/620/1164
f 1329/630/1165 1326/622/1165 1328/619/1165
f 1332/625/1166 1330/628/1166 1331/629/1166
f 1334/626/1167 1332/625/1167 1333/627/1167
f 1335/623/1168 1326/622/1168 1334/626/1168
f 1337/621/1169 1326/622/1169 1336/624/1169
f 632/842/1170 1327/620/1170 631/632/1170
f 1327/620/1171 402/133/1171 403/135/1171
f 103/645/1172 1329/630/1172 633/647/1172
f 398/646/1173 1330/628/1173 1329/630/1173
f 633/647/1174 1328/619/1174 632/842/1174
f 389/643/1175 400/642/1175 60/81/1175
f 388/640/1176 1331/629/1176 389/643/1176
f 1331/629/1177 399/644/1177 400/642/1177
f 455/639/1178 387/638/1178 71/566/1178
f 454/641/1179 1333/627/1179 455/639/1179
f 1333/627/1180 388/640/1180 387/638/1180
f 634/635/1181 453/634/1181 61/636/1181
f 635/637/1182 1335/623/1182 634/635/1182
f 453/634/1183 1334/626/1183 454/641/1183
f 62/132/1184 1337/621/1184 636/633/1184
f 401/130/1185 1338/618/1185 1337/621/1185
f 636/633/1186 1336/624/1186 635/637/1186
f 1339/648/1187 1343/649/1187 1342/651/1187
f 1340/650/1188 1344/653/1188 1343/649/1188
f 1342/651/1189 1346/652/1189 1345/658/1189
f 1343/649/1190 1347/655/1190 1346/652/1190
f 92/656/1191 1339/648/1191 570/217/1191
f 571/657/1192 1340/650/1192 1339/648/1192
f 572/664/1193 1341/654/1193 1340/650/1193
f 573/662/1194 576/661/1194 1341/654/1194
f 1341/654/1195 575/660/1195 1344/653/1195
f 1344/653/1196 574/659/1196 1347/655/1196
f 1347/655/1197 67/814/1197 440/346/1197
f 1346/652/1198 440/346/1198 439/347/1198
f 1345/658/1199 439/347/1199 438/348/1199
f 568/214/1200 438/348/1200 84/213/1200
f 569/215/1201 1345/658/1201 568/214/1201
f 570/217/1202 1342/651/1202 569/215/1202
f 1348/665/1203 1352/666/1203 1351/668/1203
f 1350/670/1204 1352/666/1204 1349/667/1204
f 1351/668/1205 1355/669/1205 1354/674/1205
f 1352/666/1206 1356/671/1206 1355/669/1206
f 93/663/1207 1348/665/1207 576/661/1207
f 578/843/1208 1348/665/1208 577/673/1208
f 579/679/1209 1349/667/1209 578/843/1209
f 94/678/1210 1350/670/1210 579/679/1210
f 582/844/1211 1353/672/1211 1350/670/1211
f 1353/672/1212 580/675/1212 1356/671/1212
f 1356/671/1213 74/615/1213 464/64/1213
f 1355/669/1214 464/64/1214 463/65/1214
f 1354/674/1215 463/65/1215 462/66/1215
f 574/659/1216 462/66/1216 67/814/1216
f 575/660/1217 1354/674/1217 574/659/1217
f 576/661/1218 1351/668/1218 575/660/1218
f 1359/682/1219 1367/681/1219 1358/683/1219
f 1360/691/1220 1357/687/1220 1359/682/1220
f 1363/845/1221 1361/688/1221 1362/690/1221
f 1364/686/1222 1357/687/1222 1363/845/1222
f 1367/681/1223 1365/684/1223 1366/685/1223
f 468/692/1224 582/844/1224 94/678/1224
f 469/693/1225 1358/683/1225 468/692/1225
f 1358/683/1226 581/676/1226 582/844/1226
f 76/467/1227 1360/691/1227 470/701/1227
f 583/700/1228 1361/688/1228 1360/691/1228
f 470/701/1229 1359/682/1229 469/693/1229
f 588/696/1230 585/695/1230 95/697/1230
f 587/699/1231 1362/690/1231 588/696/1231
f 1362/690/1232 584/698/1232 585/695/1232
f 66/107/1233 1364/686/1233 586/694/1233
f 409/612/1234 1365/684/1234 1364/686/1234
f 586/694/1235 1363/845/1235 587/699/1235
f 580/675/1236 407/614/1236 74/615/1236
f 581/676/1237 1366/685/1237 580/675/1237
f 1366/685/1238 408/613/1238 407/614/1238
f 1368/702/1239 1372/703/1239 1371/705/1239
f 1369/704/1240 1373/707/1240 1372/703/1240
f 1371/705/1241 1375/706/1241 1374/711/1241
f 1372/703/1242 1376/709/1242 1375/706/1242
f 95/697/1243 1368/702/1243 588/696/1243
f 589/710/1244 1369/704/1244 1368/702/1244
f 590/716/1245 1370/708/1245 1369/704/1245
f 591/715/1246 594/714/1246 1370/708/1246
f 1370/708/1247 593/713/1247 1373/707/1247
f 1373/707/1248 592/846/1248 1376/709/1248
f 1376/709/1249 73/574/1249 461/104/1249
f 1375/706/1250 461/104/1250 460/105/1250
f 1374/711/1251 460/105/1251 459/106/1251
f 586/694/1252 459/106/1252 66/107/1252
f 587/699/1253 1374/711/1253 586/694/1253
f 588/696/1254 1371/705/1254 587/699/1254
f 1377/717/1255 1381/847/1255 1380/720/1255
f 1378/719/1256 1382/722/1256 1381/847/1256
f 1380/720/1257 1384/721/1257 1383/725/1257
f 1381/847/1258 1385/724/1258 1384/721/1258
f 96/506/1259 1377/717/1259 594/714/1259
f 417/505/1260 1378/719/1260 1377/717/1260
f 418/733/1261 1379/723/1261 1378/719/1261
f 419/731/1262 636/730/1262 1379/723/1262
f 1379/723/1263 635/729/1263 1382/722/1263
f 1382/722/1264 634/635/1264 1385/724/1264
f 1385/724/1265 61/636/1265 406/728/1265
f 1384/721/1266 406/728/1266 405/727/1266
f 1383/725/1267 405/727/1267 404/726/1267
f 592/846/1268 404/726/1268 73/574/1268
f 593/713/1269 1383/725/1269 592/846/1269
f 594/714/1270 1380/720/1270 593/713/1270
f 1388/735/1271 1396/734/1271 1387/736/1271
f 1389/744/1272 1386/740/1272 1388/735/1272
f 1392/742/1273 1390/741/1273 1391/743/1273
f 1393/739/1274 1386/740/1274 1392/742/1274
f 1396/734/1275 1394/737/1275 1395/738/1275
f 96/506/1276 1387/736/1276 610/504/1276
f 590/716/1277 1387/736/1277 591/715/1277
f 610/504/1278 1396/734/1278 611/503/1278
f 95/748/1279 1389/744/1279 589/750/1279
f 585/749/1280 1390/741/1280 1389/744/1280
f 589/750/1281 1388/735/1281 590/716/1281
f 537/465/1282 583/700/1282 76/467/1282
f 536/468/1283 1391/743/1283 537/465/1283
f 1391/743/1284 584/698/1284 583/700/1284
f 89/231/1285 1393/739/1285 535/470/1285
f 534/747/1286 1394/737/1286 1393/739/1286
f 535/470/1287 1392/742/1287 536/468/1287
f 612/502/1288 532/745/1288 102/501/1288
f 611/503/1289 1395/738/1289 612/502/1289
f 1395/738/1290 533/746/1290 532/745/1290
f 1397/751/1291 1401/752/1291 1400/754/1291
f 1398/753/1292 1402/756/1292 1401/752/1292
f 1400/754/1293 1404/755/1293 1403/760/1293
f 1401/752/1294 1405/758/1294 1404/755/1294
f 98/435/1295 1397/751/1295 613/433/1295
f 600/759/1296 1398/753/1296 1397/751/1296
f 599/765/1297 1399/757/1297 1398/753/1297
f 598/764/1298 525/411/1298 1399/757/1298
f 1399/757/1299 524/836/1299 1402/756/1299
f 1402/756/1300 523/414/1300 1405/758/1300
f 1405/758/1301 88/257/1301 522/763/1301
f 1404/755/1302 522/763/1302 521/762/1302
f 1403/760/1303 521/762/1303 520/761/1303
f 615/431/1304 520/761/1304 97/430/1304
f 614/432/1305 1403/760/1305 615/431/1305
f 613/433/1306 1400/754/1306 614/432/1306
f 1406/766/1307 1410/767/1307 1409/769/1307
f 1407/768/1308 1411/771/1308 1410/767/1308
f 1409/769/1309 1413/770/1309 1412/775/1309
f 1410/767/1310 1414/773/1310 1413/770/1310
f 101/383/1311 1406/766/1311 616/381/1311
f 606/774/1312 1407/768/1312 1406/766/1312
f 605/848/1313 1408/772/1313 1407/768/1313
f 604/779/1314 513/358/1314 1408/772/1314
f 1408/772/1315 512/359/1315 1411/771/1315
f 1411/771/1316 511/361/1316 1414/773/1316
f 1414/773/1317 87/278/1317 510/778/1317
f 1413/770/1318 510/778/1318 509/777/1318
f 1412/775/1319 509/777/1319 508/776/1319
f 618/379/1320 508/776/1320 99/378/1320
f 617/380/1321 1412/775/1321 618/379/1321
f 616/381/1322 1409/769/1322 617/380/1322
f 1415/781/1323 1419/782/1323 1418/784/1323
f 1416/783/1324 1420/786/1324 1419/782/1324
f 1418/784/1325 1422/785/1325 1421/789/1325
f 1419/782/1326 1423/788/1326 1422/785/1326
f 102/501/1327 1415/781/1327 619/519/1327
f 532/745/1328 1416/783/1328 1415/781/1328
f 533/746/1329 1417/787/1329 1416/783/1329
f 534/747/1330 540/233/1330 1417/787/1330
f 1417/787/1331 539/234/1331 1420/786/1331
f 1420/786/1332 538/826/1332 1423/788/1332
f 1423/788/1333 77/410/1333 598/764/1333
f 1422/785/1334 598/764/1334 599/765/1334
f 1421/789/1335 599/765/1335 600/759/1335
f 621/517/1336 600/759/1336 98/435/1336
f 620/518/1337 1421/789/1337 621/517/1337
f 619/519/1338 1418/784/1338 620/518/1338
f 1424/790/1339 1428/849/1339 1427/793/1339
f 1425/792/1340 1429/850/1340 1428/849/1340
f 1427/793/1341 1431/794/1341 1430/798/1341
f 1428/849/1342 1432/797/1342 1431/794/1342
f 97/430/1343 1424/790/1343 622/449/1343
f 520/761/1344 1425/792/1344 1424/790/1344
f 521/762/1345 1426/796/1345 1425/792/1345
f 522/763/1346 528/255/1346 1426/796/1346
f 1426/796/1347 527/828/1347 1429/850/1347
f 1429/850/1348 526/259/1348 1432/797/1348
f 1432/797/1349 79/357/1349 604/779/1349
f 1431/794/1350 604/779/1350 605/848/1350
f 1430/798/1351 605/848/1351 606/774/1351
f 624/447/1352 606/774/1352 101/383/1352
f 623/838/1353 1430/798/1353 624/447/1353
f 622/449/1354 1427/793/1354 623/838/1354
f 1433/799/1355 1437/800/1355 1436/802/1355
f 1434/801/1356 1438/804/1356 1437/800/1356
f 1436/802/1357 1440/803/1357 1439/807/1357
f 1437/800/1358 1441/806/1358 1440/803/1358
f 99/378/1359 1433/799/1359 625/400/1359
f 508/776/1360 1434/801/1360 1433/799/1360
f 509/777/1361 1435/805/1361 1434/801/1361
f 510/778/1362 516/280/1362 1435/805/1362
f 1435/805/1363 515/831/1363 1438/804/1363
f 1438/804/1364 514/282/1364 1441/806/1364
f 1441/806/1365 81/811/1365 341/810/1365
f 1440/803/1366 341/810/1366 342/809/1366
f 1439/807/1367 342/809/1367 343/808/1367
f 627/398/1368 343/808/1368 100/397/1368
f 626/835/1369 1439/807/1369 627/398/1369
f 625/400/1370 1436/802/1370 626/835/1370
f 1473/851/1371 1308/587/1371 486/595/1371
f 1547/852/1372 372/631/1372 373/647/1372
f 1607/851/1373 906/587/1373 1608/853/1373
f 1528/854/1374 1085/115/1374 1084/116/1374
f 1552/855/1375 371/632/1375 1551/856/1375
f 1569/857/1376 125/14/1376 638/4/1376
f 1585/858/1377 772/328/1377 774/330/1377
f 1521/859/1378 1042/3/1378 1041/4/1378
f 1522/860/1379 1043/812/1379 1042/3/1379
f 1583/861/1380 770/326/1380 772/328/1380
f 1567/859/1381 638/4/1381 647/3/1381
f 1450/862/1382 398/646/1382 103/645/1382
f 1485/863/1383 1301/583/1383 561/582/1383
f 1563/864/1384 646/12/1384 122/27/1384
f 1565/865/1385 647/3/1385 646/12/1385
f 1587/866/1386 238/319/1386 764/314/1386
f 1475/867/1387 1309/589/1387 1308/587/1387
f 1519/868/1388 1041/4/1388 395/14/1388
f 1493/869/1389 1173/328/1389 1172/326/1389
f 1501/870/1390 1168/318/1390 1167/316/1390
f 1515/871/1391 1054/38/1391 1053/29/1391
f 1490/872/1392 492/331/1392 1304/581/1392
f 1533/873/1393 403/135/1393 1086/124/1393
f 1499/874/1394 416/190/1394 1168/318/1394
f 1549/875/1395 371/632/1395 372/631/1395
f 1588/876/1396 766/316/1396 1589/870/1396
f 1478/877/1397 561/582/1397 1310/593/1397
f 1446/852/1398 633/647/1398 632/842/1398
f 1456/878/1399 60/81/1399 400/642/1399
f 1542/862/1400 54/645/1400 128/646/1400
f 1604/879/1401 238/319/1401 1605/880/1401
f 1473/881/1402 1276/525/1402 1472/536/1402
f 1536/882/1403 128/646/1403 129/644/1403
f 1539/883/1404 107/80/1404 1576/85/1404
f 1454/884/1405 400/642/1405 399/644/1405
f 1479/885/1406 1310/593/1406 1309/589/1406
f 1/1/1407 1482/1/1407 1477/1/1407
f 1506/886/1408 1509/887/1408 119/40/1408
f 1496/879/1409 501/319/1409 1174/330/1409
f 1586/874/1410 147/190/1410 1590/888/1410
f 1574/889/1411 1504/890/1411 649/30/1411
f 1600/891/1412 902/579/1412 904/581/1412
f 1571/892/1413 657/38/1413 125/14/1413
f 1557/893/1414 690/115/1414 689/124/1414
f 1443/875/1415 1445/894/1415 631/632/1415
f 1517/892/1416 395/14/1416 1054/38/1416
f 1489/895/1417 1304/581/1417 1303/579/1417
f 1560/854/1418 681/116/1418 690/115/1418
f 1495/858/1419 1174/330/1419 1173/328/1419
f 1537/884/1420 129/644/1420 130/642/1420
f 1553/896/1421 925/620/1421 371/632/1421
f 1525/864/1422 1043/812/1422 1524/897/1422
f 1511/890/1423 1513/889/1423 1053/29/1423
f 1500/898/1424 1167/316/1424 1166/314/1424
f 1572/871/1425 658/29/1425 657/38/1425
f 1452/899/1426 399/644/1426 398/646/1426
f 1448/900/1427 103/645/1427 633/647/1427
f 1535/901/1428 1327/620/1428 403/135/1428
f 1589/870/1429 768/318/1429 1586/874/1429
f 1508/886/1430 1052/30/1430 119/40/1430
f 1541/902/1431 14/81/1431 107/80/1431
f 1544/900/1432 373/647/1432 54/645/1432
f 1607/881/1433 878/525/1433 223/535/1433
f 1491/903/1434 1172/326/1434 492/331/1434
f 1526/904/1435 1084/116/1435 392/27/1435
f 1555/873/1436 689/124/1436 133/135/1436
f 1562/904/1437 122/27/1437 681/116/1437
f 1498/905/1438 1166/314/1438 501/319/1438
f 1602/903/1439 770/326/1439 1603/906/1439
f 1457/883/1440 380/80/1440 1456/878/1440
f 1601/872/1441 229/331/1441 1602/903/1441
f 1530/893/1442 1532/907/1442 1085/115/1442
f 1596/1/1443 2/1/1443 3/1/1443
f 3/1/1444 4/1/1444 1592/1/1444
f 8/1/1445 7/1/1445 1470/1/1445
f 1470/1/1446 1464/1/1446 9/1/1446
f 639/2/1447 637/6/1447 647/3/1447
f 640/5/1448 641/8/1448 637/6/1448
f 643/7/1449 637/6/1449 641/8/1449
f 645/10/1450 637/6/1450 643/7/1450
f 646/12/1451 647/3/1451 637/6/1451
f 124/13/1452 639/2/1452 638/4/1452
f 18/15/1453 162/17/1453 640/5/1453
f 162/17/1454 161/22/1454 641/8/1454
f 123/16/1455 640/5/1455 639/2/1455
f 216/18/1456 642/9/1456 160/19/1456
f 215/21/1457 643/7/1457 642/9/1457
f 642/9/1458 641/8/1458 161/22/1458
f 120/23/1459 644/11/1459 214/24/1459
f 121/26/1460 645/10/1460 644/11/1460
f 644/11/1461 643/7/1461 215/21/1461
f 122/27/1462 646/12/1462 645/10/1462
f 650/28/1463 648/32/1463 658/29/1463
f 651/31/1464 652/34/1464 648/32/1464
f 654/33/1465 648/32/1465 652/34/1465
f 656/36/1466 648/32/1466 654/33/1466
f 657/38/1467 658/29/1467 648/32/1467
f 118/39/1468 650/28/1468 649/30/1468
f 65/41/1469 168/43/1469 651/31/1469
f 168/43/1470 167/48/1470 652/34/1470
f 117/42/1471 651/31/1471 650/28/1471
f 222/44/1472 653/35/1472 166/45/1472
f 221/47/1473 654/33/1473 653/35/1473
f 653/35/1474 652/34/1474 167/48/1474
f 123/16/1475 655/37/1475 220/49/1475
f 124/13/1476 656/36/1476 655/37/1476
f 655/37/1477 654/33/1477 221/47/1477
f 125/14/1478 657/38/1478 656/36/1478
f 659/50/1479 660/53/1479 663/51/1479
f 660/53/1480 661/62/1480 664/54/1480
f 662/52/1481 663/51/1481 666/55/1481
f 663/51/1482 664/54/1482 667/57/1482
f 43/58/477 301/60/477 659/50/477
f 301/60/1483 300/61/1483 660/53/1483
f 300/61/1484 299/63/1484 661/62/1484
f 299/63/1485 27/615/1485 198/64/1485
f 661/62/1486 198/64/1486 197/65/1486
f 664/54/1487 197/65/1487 196/66/1487
f 667/57/1488 196/66/1488 20/67/1488
f 666/55/1489 667/57/1489 177/68/1489
f 665/56/1490 666/55/1490 176/69/1490
f 292/71/1491 665/56/1491 175/70/1491
f 291/73/1492 662/52/1492 665/56/1492
f 290/59/1493 659/50/1493 662/52/1493
f 1579/76/51 668/83/51 669/74/51
f 669/74/1494 1581/908/1494 1580/75/1494
f 669/74/1495 670/87/1495 1593/77/1495
f 1593/77/1496 1591/909/1496 1582/78/1496
f 1582/78/1497 1581/908/1497 669/74/1497
f 190/79/1498 668/83/1498 107/80/1498
f 191/82/1499 669/74/1499 668/83/1499
f 1576/85/1500 107/80/1500 668/83/1500
f 668/83/1501 1579/76/1501 1578/84/1501
f 1578/84/1502 1577/910/1502 1576/85/1502
f 25/86/1503 126/816/1503 670/87/1503
f 670/87/1504 126/816/1504 127/89/1504
f 127/89/1505 1594/817/1505 1593/77/1505
f 192/88/1506 670/87/1506 669/74/1506
f 671/90/1507 672/93/1507 675/91/1507
f 672/93/1508 673/102/1508 676/94/1508
f 674/92/1509 675/91/1509 678/95/1509
f 675/91/1510 676/94/1510 679/97/1510
f 42/98/1511 289/100/1511 671/90/1511
f 289/100/1512 288/101/1512 672/93/1512
f 288/101/1513 287/103/1513 673/102/1513
f 287/103/1514 26/574/1514 195/104/1514
f 673/102/1515 195/104/1515 194/105/1515
f 676/94/1516 194/105/1516 193/106/1516
f 679/97/1517 193/106/1517 19/107/1517
f 678/95/1518 679/97/1518 171/108/1518
f 677/96/1519 678/95/1519 170/109/1519
f 280/111/1520 677/96/1520 169/110/1520
f 279/113/1521 674/92/1521 677/96/1521
f 278/99/1522 671/90/1522 674/92/1522
f 682/114/1523 680/118/1523 690/115/1523
f 683/117/1524 684/120/1524 680/118/1524
f 685/119/1525 686/122/1525 680/118/1525
f 688/121/1526 680/118/1526 686/122/1526
f 689/124/1527 690/115/1527 680/118/1527
f 121/26/1528 682/114/1528 681/116/1528
f 17/25/1529 156/125/1529 683/117/1529
f 156/125/1530 155/129/1530 684/120/1530
f 120/23/1531 683/117/1531 682/114/1531
f 210/126/1532 685/119/1532 154/127/1532
f 210/126/1533 209/134/1533 686/122/1533
f 685/119/1534 684/120/1534 155/129/1534
f 131/130/1535 687/123/1535 208/131/1535
f 132/133/1536 688/121/1536 687/123/1536
f 687/123/1537 686/122/1537 209/134/1537
f 133/135/1538 689/124/1538 688/121/1538
f 693/136/1539 691/140/1539 698/137/1539
f 694/139/1540 695/142/1540 691/140/1540
f 697/141/1541 691/140/1541 695/142/1541
f 12/144/1542 110/146/1542 692/138/1542
f 110/146/1543 109/151/1543 693/136/1543
f 183/147/1544 694/139/1544 108/148/1544
f 182/150/1545 695/142/1545 694/139/1545
f 694/139/1546 693/136/1546 109/151/1546
f 142/152/1547 696/143/1547 181/153/1547
f 143/155/1548 697/141/1548 696/143/1548
f 696/143/1549 695/142/1549 182/150/1549
f 369/156/1550 368/159/1550 700/157/1550
f 368/159/1551 12/144/1551 145/145/1551
f 704/160/1552 705/822/1552 701/161/1552
f 113/163/1553 702/167/1553 144/164/1553
f 112/166/1554 703/162/1554 702/167/1554
f 186/168/1555 704/160/1555 111/169/1555
f 185/171/1556 705/822/1556 704/160/1556
f 704/160/1557 703/162/1557 112/166/1557
f 141/172/1558 706/175/1558 184/173/1558
f 706/175/1559 705/822/1559 185/171/1559
f 709/176/1560 707/911/1560 714/177/1560
f 711/179/1561 707/911/1561 709/176/1561
f 713/181/1562 707/911/1562 711/179/1562
f 106/183/1563 708/178/1563 142/152/1563
f 106/183/1564 105/188/1564 709/176/1564
f 708/178/1565 714/177/1565 143/155/1565
f 180/184/1566 710/180/1566 104/185/1566
f 179/187/1567 711/179/1567 710/180/1567
f 710/180/1568 709/176/1568 105/188/1568
f 13/165/1569 144/164/1569 712/182/1569
f 178/189/1570 712/182/1570 711/179/1570
f 147/190/1571 146/193/1571 718/191/1571
f 146/193/1572 28/325/1572 201/194/1572
f 717/195/1573 718/191/1573 201/194/1573
f 716/197/1574 717/195/1574 200/196/1574
f 140/199/1575 716/197/1575 199/198/1575
f 720/200/1576 723/204/1576 722/201/1576
f 721/203/1577 724/206/1577 723/204/1577
f 723/204/1578 726/207/1578 725/205/1578
f 724/206/1579 727/216/1579 726/207/1579
f 226/208/1580 719/202/1580 370/209/1580
f 227/211/1581 720/200/1581 719/202/1581
f 228/212/1582 721/203/1582 720/200/1582
f 36/213/1583 305/214/1583 721/203/1583
f 305/214/1584 306/215/1584 724/206/1584
f 306/215/1585 307/217/1585 727/216/1585
f 307/217/1586 44/656/1586 304/218/1586
f 727/216/1587 304/218/1587 303/219/1587
f 726/207/1588 303/219/1588 302/220/1588
f 725/205/1589 302/220/1589 12/144/1589
f 722/201/1590 725/205/1590 368/221/1590
f 719/202/1591 722/201/1591 369/222/1591
f 728/223/1592 729/226/1592 732/224/1592
f 729/226/1593 730/235/1593 733/227/1593
f 732/224/1594 735/230/1594 734/228/1594
f 732/224/1595 733/227/1595 736/229/1595
f 41/231/1596 277/233/1596 728/223/1596
f 277/233/1597 276/234/1597 729/226/1597
f 276/234/1598 275/236/1598 730/235/1598
f 275/236/1599 30/410/1599 207/237/1599
f 730/235/152 207/237/152 206/238/152
f 733/227/1600 206/238/1600 205/239/1600
f 736/229/1601 205/239/1601 11/240/1601
f 736/229/1602 181/241/1602 182/242/1602
f 735/230/1603 182/242/1603 183/243/1603
f 734/228/1604 183/243/1604 22/244/1604
f 731/225/1605 734/228/1605 268/245/1605
f 266/232/1606 728/223/1606 731/225/1606
f 738/247/1607 741/251/1607 740/248/1607
f 739/250/1608 742/253/1608 741/251/1608
f 741/251/1609 744/254/1609 743/252/1609
f 742/253/1610 745/262/1610 744/254/1610
f 265/255/1611 737/249/1611 254/256/1611
f 264/258/1612 738/247/1612 737/249/1612
f 263/259/1613 739/250/1613 738/247/1613
f 263/259/1614 32/357/1614 213/260/1614
f 213/260/1615 212/261/1615 742/253/1615
f 212/261/1616 211/263/1616 745/262/1616
f 211/263/1617 13/365/1617 178/264/1617
f 745/262/1618 178/264/1618 179/265/1618
f 744/254/1619 179/265/1619 180/266/1619
f 743/252/1620 180/266/1620 21/267/1620
f 740/248/1621 743/252/1621 256/268/1621
f 737/249/1622 740/248/1622 255/269/1622
f 747/270/1623 750/274/1623 749/271/1623
f 748/273/1624 751/276/1624 750/274/1624
f 750/274/1625 753/277/1625 752/275/1625
f 751/276/1626 754/286/1626 753/277/1626
f 39/278/1627 253/280/1627 746/272/1627
f 253/280/1628 252/281/1628 747/270/1628
f 252/281/1629 251/282/1629 748/273/1629
f 251/282/1630 81/811/1630 219/283/1630
f 748/273/1631 219/283/1631 218/284/1631
f 751/276/1632 218/284/1632 217/285/1632
f 754/286/1633 217/285/1633 56/287/1633
f 754/286/1634 184/288/1634 185/289/1634
f 753/277/1635 185/289/1635 186/290/1635
f 752/275/1636 186/290/1636 23/291/1636
f 749/271/1637 752/275/1637 244/292/1637
f 746/272/1638 749/271/1638 243/293/1638
f 755/294/1639 756/297/1639 759/295/1639
f 756/297/1640 757/306/1640 760/298/1640
f 758/296/1641 759/295/1641 762/299/1641
f 759/295/1642 760/298/1642 763/301/1642
f 38/302/1643 241/304/1643 755/294/1643
f 241/304/1644 240/305/1644 756/297/1644
f 240/305/1645 239/307/1645 757/306/1645
f 239/307/1646 36/213/1646 228/212/1646
f 757/306/1647 228/212/1647 227/211/1647
f 760/298/1648 227/211/1648 226/208/1648
f 763/301/1649 226/208/1649 10/210/1649
f 762/299/1650 763/301/1650 199/308/1650
f 761/300/1651 762/299/1651 200/309/1651
f 761/300/1652 201/310/1652 28/311/1652
f 232/313/1653 758/296/1653 761/300/1653
f 231/303/1654 755/294/1654 758/296/1654
f 764/314/1655 765/320/1655 767/315/1655
f 766/316/1656 767/315/1656 769/317/1656
f 238/319/1657 237/321/1657 765/320/1657
f 237/321/1658 38/302/1658 231/322/1658
f 765/320/1659 231/322/1659 232/323/1659
f 767/315/1660 232/323/1660 233/324/1660
f 769/317/1661 233/324/1661 28/325/1661
f 768/318/1662 769/317/1662 146/193/1662
f 770/326/1663 771/332/1663 773/327/1663
f 772/328/1664 773/327/1664 775/329/1664
f 229/331/1665 230/333/1665 771/332/1665
f 230/333/1666 37/72/1666 234/334/1666
f 771/332/1667 234/334/1667 235/335/1667
f 773/327/1668 235/335/1668 236/336/1668
f 775/329/1669 236/336/1669 38/302/1669
f 774/330/1670 775/329/1670 237/321/1670
f 776/337/1671 777/340/1671 780/338/1671
f 777/340/1672 778/345/1672 781/341/1672
f 779/339/1673 780/338/1673 783/342/1673
f 780/338/1674 781/341/1674 784/344/1674
f 37/72/1675 175/70/1675 776/337/1675
f 175/70/1676 176/69/1676 777/340/1676
f 176/69/1677 177/68/1677 778/345/1677
f 177/68/1678 20/67/1678 174/346/1678
f 778/345/1679 174/346/1679 173/347/1679
f 781/341/1680 173/347/1680 172/348/1680
f 784/344/1681 172/348/1681 36/213/1681
f 783/342/1682 784/344/1682 239/307/1682
f 782/343/1683 783/342/1683 240/305/1683
f 236/336/1684 782/343/1684 241/304/1684
f 235/335/1685 779/339/1685 782/343/1685
f 234/334/1686 776/337/1686 779/339/1686
f 785/349/1687 786/352/1687 789/350/1687
f 786/352/1688 787/360/1688 790/353/1688
f 788/351/1689 789/350/1689 792/354/1689
f 789/350/1690 790/353/1690 793/356/1690
f 32/357/1691 250/358/1691 785/349/1691
f 250/358/1692 249/359/1692 786/352/1692
f 249/359/1693 248/361/1693 787/360/1693
f 248/361/1694 39/278/1694 242/279/1694
f 787/360/1695 242/279/1695 243/293/1695
f 790/353/1696 243/293/1696 244/292/1696
f 793/356/1697 244/292/1697 23/291/1697
f 792/354/1698 793/356/1698 111/362/1698
f 791/355/1699 792/354/1699 112/363/1699
f 791/355/1700 113/364/1700 13/365/1700
f 788/351/1701 791/355/1701 211/263/1701
f 785/349/1702 788/351/1702 212/261/1702
f 794/366/1703 795/369/1703 798/367/1703
f 795/369/1704 796/375/1704 799/370/1704
f 797/368/1705 798/367/1705 801/371/1705
f 798/367/1706 799/370/1706 802/373/1706
f 18/15/1707 220/49/1707 794/366/1707
f 220/49/1708 221/47/1708 795/369/1708
f 222/44/1709 796/375/1709 795/369/1709
f 34/46/1710 338/376/1710 796/375/1710
f 338/376/1711 339/401/1711 799/370/1711
f 799/370/1712 339/401/1712 340/377/1712
f 802/373/1713 340/377/1713 51/378/1713
f 801/371/1714 802/373/1714 358/379/1714
f 800/372/268 801/371/268 357/380/268
f 157/382/1715 800/372/1715 356/381/1715
f 158/384/1716 797/368/1716 800/372/1716
f 159/374/1717 794/366/1717 797/368/1717
f 803/385/955 804/388/955 807/386/955
f 804/388/1718 805/393/1718 808/389/1718
f 806/387/1719 807/386/1719 810/390/1719
f 807/386/1720 808/389/1720 811/392/1720
f 34/46/1721 166/45/1721 803/385/1721
f 166/45/1722 167/48/1722 804/388/1722
f 167/48/1723 168/43/1723 805/393/1723
f 168/43/1724 65/41/1724 165/394/1724
f 805/393/1725 165/394/1725 164/395/1725
f 808/389/1726 164/395/1726 163/396/1726
f 811/392/1727 163/396/1727 100/397/1727
f 810/390/283 811/392/283 367/398/283
f 809/391/1728 810/390/1728 366/399/1728
f 340/377/1729 809/391/1729 365/400/1729
f 339/401/1730 806/387/1730 809/391/1730
f 338/376/1731 803/385/1731 806/387/1731
f 812/402/1732 813/405/1732 816/403/1732
f 813/405/1733 814/413/1733 817/406/1733
f 815/404/1734 816/403/1734 819/407/1734
f 816/403/1735 817/406/1735 820/409/1735
f 30/410/1736 262/411/1736 812/402/1736
f 262/411/1737 261/412/1737 813/405/1737
f 261/412/1738 260/414/1738 814/413/1738
f 260/414/1739 40/257/1739 254/256/1739
f 814/413/1740 254/256/1740 255/269/1740
f 817/406/1741 255/269/1741 256/268/1741
f 820/409/1742 256/268/1742 21/267/1742
f 819/407/1743 820/409/1743 104/415/1743
f 818/408/1744 819/407/1744 105/416/1744
f 205/239/1745 818/408/1745 106/417/1745
f 206/238/1746 815/404/1746 818/408/1746
f 207/237/1747 812/402/1747 815/404/1747
f 821/418/1748 822/421/1748 825/419/1748
f 822/421/1749 823/427/1749 826/422/1749
f 824/420/1750 825/419/1750 828/423/1750
f 825/419/1751 826/422/1751 829/425/1751
f 17/25/1752 214/24/1752 821/418/1752
f 214/24/1753 215/21/1753 822/421/1753
f 216/18/1754 823/427/1754 822/421/1754
f 33/20/1755 332/445/1755 823/427/1755
f 823/427/1756 332/445/1756 333/428/1756
f 826/422/1757 333/428/1757 334/429/1757
f 829/425/1758 334/429/1758 49/430/1758
f 828/423/1759 829/425/1759 355/431/1759
f 827/424/1760 828/423/1760 354/432/1760
f 151/434/1761 827/424/1761 353/433/1761
f 152/436/1762 824/420/1762 827/424/1762
f 153/426/1763 821/418/1763 824/420/1763
f 830/437/1764 831/440/1764 834/438/1764
f 831/440/1765 832/446/1765 835/441/1765
f 833/439/1766 834/438/1766 837/442/1766
f 834/438/1767 835/441/1767 838/444/1767
f 33/20/1768 160/19/1768 830/437/1768
f 160/19/1769 161/22/1769 831/440/1769
f 161/22/1770 162/17/1770 832/446/1770
f 162/17/1771 18/15/1771 159/374/1771
f 832/446/1772 159/374/1772 158/384/1772
f 835/441/1773 158/384/1773 157/382/1773
f 838/444/1774 157/382/1774 52/383/1774
f 837/442/1775 838/444/1775 364/447/1775
f 836/443/1776 837/442/1776 363/448/1776
f 334/429/1777 836/443/1777 362/449/1777
f 333/428/1778 833/439/1778 836/443/1778
f 332/445/1779 830/437/1779 833/439/1779
f 841/450/1780 839/454/1780 853/451/1780
f 842/453/1781 843/456/1781 839/454/1781
f 844/455/1782 845/458/1782 839/454/1782
f 847/457/1783 839/454/1783 845/458/1783
f 849/460/1784 839/454/1784 847/457/1784
f 850/462/1785 851/463/1785 839/454/1785
f 853/451/1786 839/454/1786 851/463/1786
f 274/465/1787 840/452/1787 204/466/1787
f 273/468/1788 841/450/1788 840/452/1788
f 840/452/1789 853/451/1789 203/469/1789
f 266/232/1790 842/453/1790 272/470/1790
f 267/246/1791 843/456/1791 842/453/1791
f 272/470/1792 842/453/1792 841/450/1792
f 22/244/349 108/471/349 844/455/349
f 108/471/1793 109/476/1793 845/458/1793
f 268/245/1042 844/455/1042 843/456/1042
f 302/472/1794 846/459/1794 110/473/1794
f 303/475/1795 847/457/1795 846/459/1795
f 846/459/1796 845/458/1796 109/476/1796
f 44/477/1797 308/480/1797 848/461/1797
f 309/479/1798 849/460/1798 848/461/1798
f 304/478/1799 848/461/1799 847/457/1799
f 45/481/1800 314/483/1800 850/462/1800
f 314/483/1801 315/487/1801 851/463/1801
f 310/482/1802 850/462/1802 849/460/1802
f 46/484/1803 202/486/1803 852/464/1803
f 202/486/1804 203/469/1804 853/451/1804
f 852/464/1805 851/463/1805 315/487/1805
f 854/488/1806 855/491/1806 858/489/1806
f 855/491/1807 856/497/1807 859/492/1807
f 857/490/1808 858/489/1808 861/493/1808
f 858/489/1809 859/492/1809 862/495/1809
f 16/132/1810 208/131/1810 854/488/1810
f 208/131/1811 209/134/1811 855/491/1811
f 209/134/1812 210/126/1812 856/497/1812
f 210/126/1813 31/128/1813 347/498/1813
f 856/497/1814 347/498/1814 348/499/1814
f 859/492/1815 348/499/1815 349/500/1815
f 862/495/1816 349/500/1816 53/501/1816
f 861/493/1817 862/495/1817 352/502/1817
f 860/494/1818 861/493/1818 351/503/1818
f 148/505/1819 860/494/1819 350/504/1819
f 149/507/1820 857/490/1820 860/494/1820
f 150/496/1821 854/488/1821 857/490/1821
f 863/508/1822 864/511/1822 867/509/1822
f 864/511/1823 865/516/1823 868/512/1823
f 866/510/1824 867/509/1824 870/513/1824
f 867/509/1825 868/512/1825 871/515/1825
f 31/128/1826 154/127/1826 863/508/1826
f 154/127/1827 155/129/1827 864/511/1827
f 155/129/1828 156/125/1828 865/516/1828
f 156/125/1829 17/25/1829 153/426/1829
f 865/516/1830 153/426/1830 152/436/1830
f 868/512/1831 152/436/1831 151/434/1831
f 871/515/1832 151/434/1832 50/435/1832
f 870/513/1833 871/515/1833 361/517/1833
f 869/514/1834 870/513/1834 360/518/1834
f 349/500/1835 869/514/1835 359/519/1835
f 348/499/1836 866/510/1836 869/514/1836
f 347/498/1837 863/508/1837 866/510/1837
f 873/520/1838 876/524/1838 875/521/1838
f 873/520/1839 874/531/1839 877/523/1839
f 876/524/1840 879/527/1840 878/525/1840
f 876/524/1841 877/523/1841 880/526/1841
f 286/528/1842 872/522/1842 126/529/1842
f 286/528/1843 285/530/1843 873/520/1843
f 285/530/1844 284/532/1844 874/531/1844
f 284/532/1845 42/98/1845 278/99/1845
f 874/531/1846 278/99/1846 279/113/1846
f 877/523/1847 279/113/1847 280/111/1847
f 880/526/1848 280/111/1848 35/112/1848
f 879/527/1849 880/526/1849 225/533/1849
f 879/527/1850 224/534/1850 223/535/1850
f 1595/912/1851 127/538/1851 875/521/1851
f 875/521/1852 878/525/1852 1606/536/1852
f 1597/537/1853 1595/912/1853 875/521/1853
f 872/522/1854 875/521/1854 127/538/1854
f 881/539/1855 882/542/1855 885/540/1855
f 882/542/1856 883/551/1856 886/543/1856
f 884/541/1857 885/540/1857 888/544/1857
f 885/540/1858 886/543/1858 889/546/1858
f 14/547/1859 116/549/1859 881/539/1859
f 116/549/1860 115/550/1860 882/542/1860
f 115/550/1861 114/552/1861 883/551/1861
f 114/552/1862 24/566/1862 281/553/1862
f 883/551/1863 281/553/1863 282/554/1863
f 886/543/1864 282/554/1864 283/555/1864
f 889/546/1865 283/555/1865 42/98/1865
f 888/544/1866 889/546/1866 284/532/1866
f 887/545/1867 888/544/1867 285/530/1867
f 192/556/1868 887/545/1868 286/528/1868
f 191/557/1869 884/541/1869 887/545/1869
f 190/548/1870 881/539/1870 884/541/1870
f 890/558/1871 891/561/1871 894/559/1871
f 891/561/1872 892/569/1872 895/562/1872
f 893/560/1873 894/559/1873 897/563/1873
f 894/559/1874 895/562/1874 898/565/1874
f 24/566/1875 189/567/1875 890/558/1875
f 189/567/1876 188/568/1876 891/561/1876
f 188/568/1877 187/570/1877 892/569/1877
f 187/570/1878 15/840/1878 136/571/1878
f 892/569/1879 136/571/1879 135/572/1879
f 895/562/1880 135/572/1880 134/573/1880
f 898/565/1881 134/573/1881 26/574/1881
f 897/563/1882 898/565/1882 287/103/1882
f 896/564/1883 897/563/1883 288/101/1883
f 283/555/1884 896/564/1884 289/100/1884
f 282/554/1885 893/560/1885 896/564/1885
f 281/553/1886 890/558/1886 893/560/1886
f 1598/577/1887 899/583/1887 900/575/1887
f 900/575/1888 902/579/1888 1599/576/1888
f 900/575/1889 901/585/1889 903/578/1889
f 902/579/1890 903/578/1890 905/580/1890
f 298/582/1891 297/584/1891 900/575/1891
f 297/584/1892 296/586/1892 901/585/1892
f 296/586/1893 43/58/1893 290/59/1893
f 901/585/1894 290/59/1894 291/73/1894
f 903/578/1895 291/73/1895 292/71/1895
f 905/580/1896 292/71/1896 37/72/1896
f 904/581/1897 905/580/1897 230/333/1897
f 906/587/1898 907/590/1898 910/588/1898
f 907/590/1899 908/597/1899 911/591/1899
f 909/589/1900 910/588/1900 913/592/1900
f 910/588/1901 911/591/1901 914/594/1901
f 223/595/1902 224/596/1902 907/590/1902
f 224/596/1903 225/598/1903 908/597/1903
f 225/598/1904 35/841/1904 293/599/1904
f 908/597/1905 293/599/1905 294/600/1905
f 911/591/1906 294/600/1906 295/601/1906
f 914/594/1907 295/601/1907 43/58/1907
f 913/592/1908 914/594/1908 296/586/1908
f 912/593/1909 913/592/1909 297/584/1909
f 915/602/1910 916/605/1910 919/603/1910
f 916/605/1911 917/611/1911 920/606/1911
f 918/604/1912 919/603/1912 922/607/1912
f 919/603/1913 920/606/1913 923/609/1913
f 35/112/1914 169/110/1914 915/602/1914
f 169/110/1915 170/109/1915 916/605/1915
f 170/109/1916 171/108/1916 917/611/1916
f 171/108/1917 19/107/1917 139/612/1917
f 917/611/1918 139/612/1918 138/613/1918
f 920/606/1919 138/613/1919 137/614/1919
f 923/609/1920 137/614/1920 27/615/1920
f 922/607/1921 923/609/1921 299/63/1921
f 921/608/1922 922/607/1922 300/61/1922
f 295/616/1923 921/608/1923 301/60/1923
f 294/617/1924 918/604/1924 921/608/1924
f 293/610/1925 915/602/1925 918/604/1925
f 926/618/1926 924/622/1926 936/619/1926
f 927/621/1927 928/624/1927 924/622/1927
f 929/623/1928 930/626/1928 924/622/1928
f 932/625/1929 924/622/1929 930/626/1929
f 934/628/1930 924/622/1930 932/625/1930
f 935/630/1931 936/619/1931 924/622/1931
f 132/133/1932 926/618/1932 925/620/1932
f 925/620/1933 936/619/1933 372/631/1933
f 16/132/1934 376/633/1934 927/621/1934
f 376/633/1935 375/637/1935 928/624/1935
f 131/130/1936 927/621/1936 926/618/1936
f 187/634/1937 929/623/1937 374/635/1937
f 187/634/1938 188/641/1938 930/626/1938
f 929/623/1939 928/624/1939 375/637/1939
f 114/638/1940 931/627/1940 189/639/1940
f 115/640/1941 932/625/1941 931/627/1941
f 931/627/1942 930/626/1942 188/641/1942
f 130/642/1943 933/629/1943 116/643/1943
f 129/644/1944 934/628/1944 933/629/1944
f 933/629/1945 932/625/1945 115/640/1945
f 54/645/1946 373/647/1946 935/630/1946
f 373/647/1947 372/631/1947 936/619/1947
f 128/646/1948 935/630/1948 934/628/1948
f 937/648/1949 938/651/1949 941/649/1949
f 938/651/1950 939/658/1950 942/652/1950
f 940/650/1951 941/649/1951 944/653/1951
f 941/649/1952 942/652/1952 945/655/1952
f 44/656/1953 307/217/1953 937/648/1953
f 307/217/1954 306/215/1954 938/651/1954
f 306/215/1955 305/214/1955 939/658/1955
f 305/214/1956 36/213/1956 172/348/1956
f 939/658/1957 172/348/1957 173/347/1957
f 942/652/1958 173/347/1958 174/346/1958
f 945/655/1959 174/346/1959 20/67/1959
f 944/653/1960 945/655/1960 311/659/1960
f 943/654/1961 944/653/1961 312/660/1961
f 310/662/1962 943/654/1962 313/661/1962
f 309/664/1963 940/650/1963 943/654/1963
f 308/657/1964 937/648/1964 940/650/1964
f 946/665/1965 947/668/1965 950/666/1965
f 947/668/1966 948/674/1966 951/669/1966
f 950/666/1967 953/672/1967 952/670/1967
f 950/666/1968 951/669/1968 954/671/1968
f 45/663/1969 313/661/1969 946/665/1969
f 313/661/1970 312/660/1970 947/668/1970
f 312/660/1971 311/659/1971 948/674/1971
f 311/659/1972 20/67/1972 196/66/1972
f 948/674/1973 196/66/1973 197/65/1973
f 951/669/1974 197/65/1974 198/64/1974
f 954/671/1975 198/64/1975 27/615/1975
f 953/672/1976 954/671/1976 317/675/1976
f 953/672/1977 318/676/1977 319/677/1977
f 952/670/1978 319/677/1978 46/678/1978
f 949/667/1979 952/670/1979 316/679/1979
f 946/665/1980 949/667/1980 315/680/1980
f 957/681/1981 955/687/1981 965/682/1981
f 959/684/1982 955/687/1982 957/681/1982
f 960/686/1983 961/689/1983 955/687/1983
f 963/688/1984 955/687/1984 961/689/1984
f 964/691/1985 965/682/1985 955/687/1985
f 319/677/1986 956/683/1986 202/692/1986
f 318/676/1987 957/681/1987 956/683/1987
f 956/683/1988 965/682/1988 203/693/1988
f 137/614/1989 958/685/1989 317/675/1989
f 138/613/1990 959/684/1990 958/685/1990
f 958/685/1991 957/681/1991 318/676/1991
f 19/107/1992 323/694/1992 960/686/1992
f 323/694/1993 324/699/1993 961/689/1993
f 139/612/1994 960/686/1994 959/684/1994
f 322/695/1995 962/690/1995 325/696/1995
f 321/698/1996 963/688/1996 962/690/1996
f 962/690/1997 961/689/1997 324/699/1997
f 29/467/1998 204/701/1998 964/691/1998
f 204/701/1999 203/693/1999 965/682/1999
f 320/700/2000 964/691/2000 963/688/2000
f 966/702/2001 967/705/2001 970/703/2001
f 967/705/2002 968/711/2002 971/706/2002
f 969/704/2003 970/703/2003 973/707/2003
f 970/703/2004 971/706/2004 974/709/2004
f 47/697/2005 325/696/2005 966/702/2005
f 325/696/2006 324/699/2006 967/705/2006
f 324/699/2007 323/694/2007 968/711/2007
f 323/694/2008 19/107/2008 193/106/2008
f 968/711/2009 193/106/2009 194/105/2009
f 971/706/2010 194/105/2010 195/104/2010
f 974/709/2011 195/104/2011 26/574/2011
f 973/707/2012 974/709/2012 329/712/2012
f 972/708/2013 973/707/2013 330/713/2013
f 328/715/2014 972/708/2014 331/714/2014
f 327/716/2015 969/704/2015 972/708/2015
f 326/710/2016 966/702/2016 969/704/2016
f 975/717/2017 976/720/2017 979/718/2017
f 976/720/2018 977/725/2018 980/721/2018
f 978/719/2019 979/718/2019 982/722/2019
f 979/718/2020 980/721/2020 983/724/2020
f 48/506/2021 331/714/2021 975/717/2021
f 331/714/2022 330/713/2022 976/720/2022
f 330/713/2023 329/712/2023 977/725/2023
f 329/712/2024 26/574/2024 134/726/2024
f 977/725/2025 134/726/2025 135/727/2025
f 980/721/2026 135/727/2026 136/728/2026
f 983/724/2027 136/728/2027 15/636/2027
f 982/722/2028 983/724/2028 374/635/2028
f 981/723/2029 982/722/2029 375/729/2029
f 150/731/2030 981/723/2030 376/730/2030
f 149/733/2031 978/719/2031 981/723/2031
f 148/505/2032 975/717/2032 978/719/2032
f 986/734/2033 984/740/2033 994/735/2033
f 988/737/2034 984/740/2034 986/734/2034
f 989/739/2035 990/742/2035 984/740/2035
f 992/741/2036 984/740/2036 990/742/2036
f 993/744/2037 994/735/2037 984/740/2037
f 48/506/2038 350/504/2038 985/736/2038
f 350/504/2039 351/503/2039 986/734/2039
f 985/736/2040 994/735/2040 327/716/2040
f 269/745/2041 987/738/2041 352/502/2041
f 270/746/2042 988/737/2042 987/738/2042
f 987/738/2043 986/734/2043 351/503/2043
f 41/231/2044 272/470/2044 989/739/2044
f 272/470/2045 273/468/2045 990/742/2045
f 271/747/2046 989/739/2046 988/737/2046
f 320/700/2047 991/743/2047 274/465/2047
f 321/698/2048 992/741/2048 991/743/2048
f 991/743/2049 990/742/2049 273/468/2049
f 47/748/2050 326/750/2050 993/744/2050
f 326/750/2051 327/716/2051 994/735/2051
f 322/749/2052 993/744/2052 992/741/2052
f 995/751/2053 996/754/2053 999/752/2053
f 996/754/2054 997/760/2054 1000/755/2054
f 998/753/2055 999/752/2055 1002/756/2055
f 999/752/2056 1000/755/2056 1003/758/2056
f 50/435/2057 353/433/2057 995/751/2057
f 353/433/2058 354/432/2058 996/754/2058
f 354/432/2059 355/431/2059 997/760/2059
f 355/431/2060 49/430/2060 257/761/2060
f 997/760/2061 257/761/2061 258/762/2061
f 1000/755/2062 258/762/2062 259/763/2062
f 1003/758/2063 259/763/2063 40/257/2063
f 1002/756/2064 1003/758/2064 260/414/2064
f 1001/757/2065 1002/756/2065 261/412/2065
f 335/764/2066 1001/757/2066 262/411/2066
f 336/765/2067 998/753/2067 1001/757/2067
f 337/759/2068 995/751/2068 998/753/2068
f 1004/766/2069 1005/769/2069 1008/767/2069
f 1005/769/2070 1006/775/2070 1009/770/2070
f 1007/768/2071 1008/767/2071 1011/771/2071
f 1008/767/2072 1009/770/2072 1012/773/2072
f 52/383/2073 356/381/2073 1004/766/2073
f 356/381/2074 357/380/2074 1005/769/2074
f 357/380/2075 358/379/2075 1006/775/2075
f 358/379/2076 51/378/2076 245/776/2076
f 1006/775/2077 245/776/2077 246/777/2077
f 1009/770/632 246/777/632 247/778/632
f 1012/773/2078 247/778/2078 39/278/2078
f 1011/771/2079 1012/773/2079 248/361/2079
f 1010/772/2080 1011/771/2080 249/359/2080
f 344/779/2081 1010/772/2081 250/358/2081
f 345/780/2082 1007/768/2082 1010/772/2082
f 346/774/2083 1004/766/2083 1007/768/2083
f 1013/781/2084 1014/784/2084 1017/782/2084
f 1014/784/2085 1015/789/2085 1018/785/2085
f 1016/783/2086 1017/782/2086 1020/786/2086
f 1017/782/2087 1018/785/2087 1021/788/2087
f 53/501/2088 359/519/2088 1013/781/2088
f 359/519/2089 360/518/2089 1014/784/2089
f 360/518/2090 361/517/2090 1015/789/2090
f 361/517/2091 50/435/2091 337/759/2091
f 1015/789/2092 337/759/2092 336/765/2092
f 1018/785/2093 336/765/2093 335/764/2093
f 1021/788/2094 335/764/2094 30/410/2094
f 1020/786/2095 1021/788/2095 275/236/2095
f 1019/787/2096 1020/786/2096 276/234/2096
f 271/747/2097 1019/787/2097 277/233/2097
f 270/746/2098 1016/783/2098 1019/787/2098
f 269/745/2099 1013/781/2099 1016/783/2099
f 1022/790/2100 1023/793/2100 1026/791/2100
f 1023/793/2101 1024/798/2101 1027/794/2101
f 1025/792/2102 1026/791/2102 1029/795/2102
f 1026/791/2103 1027/794/2103 1030/797/2103
f 49/430/2104 362/449/2104 1022/790/2104
f 362/449/2105 363/448/2105 1023/793/2105
f 363/448/2106 364/447/2106 1024/798/2106
f 364/447/2107 52/383/2107 346/774/2107
f 1024/798/2108 346/774/2108 345/780/2108
f 1027/794/2109 345/780/2109 344/779/2109
f 1030/797/2110 344/779/2110 32/357/2110
f 1029/795/2111 1030/797/2111 263/259/2111
f 1028/796/2112 1029/795/2112 264/258/2112
f 259/763/2113 1028/796/2113 265/255/2113
f 258/762/2114 1025/792/2114 1028/796/2114
f 257/761/2115 1022/790/2115 1025/792/2115
f 1031/799/2116 1032/802/2116 1035/800/2116
f 1032/802/2117 1033/807/2117 1036/803/2117
f 1034/801/2118 1035/800/2118 1038/804/2118
f 1035/800/2119 1036/803/2119 1039/806/2119
f 51/378/2120 365/400/2120 1031/799/2120
f 365/400/2121 366/399/2121 1032/802/2121
f 366/399/2122 367/398/2122 1033/807/2122
f 367/398/2123 100/397/2123 343/808/2123
f 1033/807/2124 343/808/2124 342/809/2124
f 1036/803/2125 342/809/2125 341/810/2125
f 1039/806/681 341/810/681 81/811/681
f 1038/804/2126 1039/806/2126 251/282/2126
f 1037/805/2127 1038/804/2127 252/281/2127
f 247/778/2128 1037/805/2128 253/280/2128
f 246/777/2129 1034/801/2129 1037/805/2129
f 245/776/2130 1031/799/2130 1034/801/2130
f 1042/3/2131 1040/6/2131 1050/2/2131
f 1043/812/2132 1044/10/2132 1040/6/2132
f 1046/7/2133 1040/6/2133 1044/10/2133
f 1048/8/2134 1040/6/2134 1046/7/2134
f 1049/5/2135 1050/2/2135 1040/6/2135
f 1041/4/2136 1050/2/2136 394/13/2136
f 392/27/2137 391/26/2137 1044/10/2137
f 480/24/2138 1045/11/2138 390/23/2138
f 481/21/2139 1046/7/2139 1045/11/2139
f 1045/11/2140 1044/10/2140 391/26/2140
f 429/19/2141 1047/9/2141 482/18/2141
f 430/22/2142 1048/8/2142 1047/9/2142
f 1047/9/2143 1046/7/2143 481/21/2143
f 64/15/2144 393/16/2144 1049/5/2144
f 393/16/2145 394/13/2145 1050/2/2145
f 431/17/2146 1049/5/2146 1048/8/2146
f 1053/29/2147 1051/32/2147 1061/28/2147
f 1054/38/2148 1055/36/2148 1051/32/2148
f 1057/33/2149 1051/32/2149 1055/36/2149
f 1059/34/2150 1051/32/2150 1057/33/2150
f 1060/31/2151 1061/28/2151 1051/32/2151
f 1052/30/2152 1061/28/2152 118/39/2152
f 395/14/2153 394/13/2153 1055/36/2153
f 483/49/2154 1056/37/2154 393/16/2154
f 484/47/2155 1057/33/2155 1056/37/2155
f 1056/37/2156 1055/36/2156 394/13/2156
f 432/45/2157 1058/35/2157 485/44/2157
f 433/48/2158 1059/34/2158 1058/35/2158
f 1058/35/2159 1057/33/2159 484/47/2159
f 65/41/2160 117/42/2160 1060/31/2160
f 117/42/2161 118/39/2161 1061/28/2161
f 434/43/2162 1060/31/2162 1059/34/2162
f 1062/50/2163 1063/52/2163 1066/813/2163
f 1063/52/2164 1064/56/2164 1067/55/2164
f 1065/53/2165 1066/813/2165 1069/54/2165
f 1066/813/2166 1067/55/2166 1070/57/2166
f 91/58/2167 553/59/2167 1062/50/2167
f 553/59/2168 554/73/2168 1063/52/2168
f 554/73/2169 555/71/2169 1064/56/2169
f 555/71/2170 85/72/2170 441/70/2170
f 1064/56/2171 441/70/2171 442/69/2171
f 1067/55/2172 442/69/2172 443/68/2172
f 1070/57/2173 443/68/2173 67/814/2173
f 1069/54/2174 1070/57/2174 462/66/2174
f 1068/62/2175 1069/54/2175 463/65/2175
f 562/63/2176 1068/62/2176 464/64/2176
f 563/61/2177 1065/53/2177 1068/62/2177
f 564/60/2178 1062/50/2178 1065/53/2178
f 1467/77/2179 1071/815/2179 1072/74/2179
f 1072/74/2180 1461/908/2180 1462/78/2180
f 1462/78/2181 1463/913/2181 1467/77/2181
f 1072/74/736 1073/83/736 1465/76/736
f 1466/75/2182 1461/908/2182 1072/74/2182
f 72/86/2183 458/88/2183 1071/815/2183
f 458/88/2184 457/82/2184 1072/74/2184
f 397/89/2185 396/816/2185 1071/815/2185
f 1071/815/2186 1467/77/2186 1468/817/2186
f 380/80/2187 1073/83/2187 456/79/2187
f 1073/83/2188 380/80/2188 1458/85/2188
f 1458/85/2189 1459/910/2189 1460/84/2189
f 1460/84/2190 1465/76/2190 1073/83/2190
f 1073/83/2191 1072/74/2191 457/82/2191
f 1074/90/2192 1075/92/2192 1078/91/2192
f 1075/92/2193 1076/96/2193 1079/95/2193
f 1077/93/2194 1078/91/2194 1081/818/2194
f 1078/91/2195 1079/95/2195 1082/97/2195
f 90/98/2196 541/99/2196 1074/90/2196
f 541/99/2197 542/113/2197 1075/92/2197
f 542/113/2198 543/111/2198 1076/96/2198
f 543/111/2199 83/112/2199 435/110/2199
f 1076/96/2200 435/110/2200 436/109/2200
f 1079/95/2201 436/109/2201 437/108/2201
f 1082/97/2202 437/108/2202 66/107/2202
f 1081/818/2203 1082/97/2203 459/106/2203
f 1080/102/2204 1081/818/2204 460/105/2204
f 550/103/2205 1080/102/2205 461/104/2205
f 551/101/2206 1077/93/2206 1080/102/2206
f 552/100/2207 1074/90/2207 1077/93/2207
f 1085/115/2208 1083/118/2208 1093/114/2208
f 1086/124/2209 1087/121/2209 1083/118/2209
f 1089/819/2210 1083/118/2210 1087/121/2210
f 1090/119/2211 1091/120/2211 1083/118/2211
f 1092/117/2212 1093/114/2212 1083/118/2212
f 1084/116/2213 1093/114/2213 391/26/2213
f 403/135/2214 402/133/2214 1087/121/2214
f 474/131/2215 1088/123/2215 401/130/2215
f 475/820/2216 1089/819/2216 1088/123/2216
f 1088/123/2217 1087/121/2217 402/133/2217
f 423/127/2218 1090/119/2218 476/126/2218
f 424/129/2219 1091/120/2219 1090/119/2219
f 476/126/2220 1090/119/2220 1089/819/2220
f 63/25/2221 390/23/2221 1092/117/2221
f 390/23/2222 391/26/2222 1093/114/2222
f 425/125/2223 1092/117/2223 1091/120/2223
f 1096/137/2224 1094/140/2224 1101/136/2224
f 1099/142/2225 1094/140/2225 1097/141/2225
f 1100/139/2226 1101/136/2226 1094/140/2226
f 58/144/2227 413/145/2227 1095/138/2227
f 414/821/2228 1096/137/2228 1095/138/2228
f 383/146/2229 1095/138/2229 1101/136/2229
f 447/153/2230 1098/143/2230 410/152/2230
f 448/150/2231 1099/142/2231 1098/143/2231
f 1098/143/2232 1097/141/2232 411/155/2232
f 381/148/2233 1100/139/2233 449/147/2233
f 382/151/2234 1101/136/2234 1100/139/2234
f 1100/139/2235 1099/142/2235 448/150/2235
f 628/159/2236 1103/157/2236 413/145/2236
f 629/156/2237 1102/158/2237 1103/157/2237
f 1108/160/2238 1109/162/2238 1104/161/2238
f 412/164/2239 1105/167/2239 386/163/2239
f 1105/167/2240 1109/162/2240 385/166/2240
f 450/173/2241 1106/175/2241 141/172/2241
f 451/171/2242 1107/822/2242 1106/175/2242
f 384/169/2243 1108/160/2243 452/168/2243
f 385/166/2244 1109/162/2244 1108/160/2244
f 1108/160/2245 1107/822/2245 451/171/2245
f 1112/177/2246 1110/911/2246 1117/176/2246
f 1115/823/2247 1110/911/2247 1113/181/2247
f 1117/176/2248 1110/911/2248 1115/823/2248
f 410/152/2249 1111/178/2249 379/183/2249
f 411/155/2250 1112/177/2250 1111/178/2250
f 379/183/2251 1111/178/2251 1117/176/2251
f 59/165/2252 444/189/2252 1114/182/2252
f 444/189/2253 445/187/2253 1115/823/2253
f 377/185/2254 1116/180/2254 446/184/2254
f 378/188/2255 1117/176/2255 1116/180/2255
f 1116/180/2256 1115/823/2256 445/187/2256
f 1118/195/2257 466/196/2257 467/194/2257
f 467/194/2258 75/325/2258 415/193/2258
f 1120/191/2259 415/193/2259 416/190/2259
f 1122/201/2260 1125/204/2260 1124/200/2260
f 1123/205/2261 1126/207/2261 1125/204/2261
f 1125/204/2262 1128/206/2262 1127/203/2262
f 1126/207/2263 1129/216/2263 1128/206/2263
f 630/209/2264 1121/824/2264 489/208/2264
f 629/222/2265 1122/201/2265 1121/824/2265
f 628/221/2266 1123/205/2266 1122/201/2266
f 58/144/2267 565/220/2267 1123/205/2267
f 565/220/2268 566/219/2268 1126/207/2268
f 566/219/2269 567/218/2269 1129/216/2269
f 567/218/2270 92/656/2270 570/217/2270
f 1129/216/2271 570/217/2271 569/215/2271
f 1128/206/2272 569/215/2272 568/214/2272
f 1127/203/2273 568/214/2273 84/213/2273
f 1124/200/2274 1127/203/2274 491/212/2274
f 1121/824/2275 1124/200/2275 490/211/2275
f 1130/223/2276 1131/225/2276 1134/224/2276
f 1132/228/2277 1135/825/2277 1134/224/2277
f 1133/226/2278 1134/224/2278 1137/227/2278
f 1134/224/2279 1135/825/2279 1138/229/2279
f 89/231/2280 529/232/2280 1130/223/2280
f 529/232/2281 530/246/2281 1131/225/2281
f 531/245/2282 1132/228/2282 1131/225/2282
f 69/244/2283 449/243/2283 1132/228/2283
f 449/243/2284 448/242/2284 1135/825/2284
f 448/242/2285 447/241/2285 1138/229/2285
f 1138/229/2286 447/241/2286 57/240/2286
f 1137/227/2287 1138/229/2287 471/239/2287
f 1136/235/839 1137/227/839 472/238/839
f 538/826/2288 1136/235/2288 473/237/2288
f 539/234/2289 1133/226/2289 1136/235/2289
f 540/233/2290 1130/223/2290 1133/226/2290
f 1140/248/2291 1143/827/2291 1142/247/2291
f 1141/252/2292 1144/254/2292 1143/827/2292
f 1143/827/2293 1146/253/2293 1145/250/2293
f 1144/254/2294 1147/262/2294 1146/253/2294
f 517/256/2295 1139/249/2295 528/255/2295
f 518/269/2296 1140/248/2296 1139/249/2296
f 519/268/2297 1141/252/2297 1140/248/2297
f 68/267/2298 446/266/2298 1141/252/2298
f 446/266/2299 445/265/2299 1144/254/2299
f 445/265/2300 444/264/2300 1147/262/2300
f 444/264/2301 59/365/2301 477/263/2301
f 1147/262/2302 477/263/2302 478/261/2302
f 1146/253/2303 478/261/2303 479/260/2303
f 526/259/2304 1145/250/2304 479/260/2304
f 1142/247/2305 1145/250/2305 526/259/2305
f 1139/249/2306 1142/247/2306 527/828/2306
f 1149/829/2307 1152/830/2307 1151/270/2307
f 1150/275/2308 1153/277/2308 1152/830/2308
f 1152/830/2309 1155/276/2309 1154/273/2309
f 1153/277/2310 1156/286/2310 1155/276/2310
f 87/278/2311 505/279/2311 1148/272/2311
f 506/293/2312 1149/829/2312 1148/272/2312
f 507/292/2313 1150/275/2313 1149/829/2313
f 70/291/2314 452/290/2314 1150/275/2314
f 452/290/2315 451/289/2315 1153/277/2315
f 451/289/2316 450/288/2316 1156/286/2316
f 1156/286/2317 450/288/2317 56/287/2317
f 1155/276/2318 1156/286/2318 217/285/2318
f 1154/273/2319 1155/276/2319 218/284/2319
f 514/282/2320 1154/273/2320 219/283/2320
f 515/831/2321 1151/270/2321 1154/273/2321
f 516/280/2322 1148/272/2322 1151/270/2322
f 1157/294/2323 1158/296/2323 1161/295/2323
f 1158/296/2324 1159/300/2324 1162/299/2324
f 1160/297/2325 1161/295/2325 1164/298/2325
f 1161/295/2326 1162/299/2326 1165/301/2326
f 86/302/2327 494/303/2327 1157/294/2327
f 494/303/2328 495/313/2328 1158/296/2328
f 495/313/2329 496/312/2329 1159/300/2329
f 75/311/2330 467/310/2330 1159/300/2330
f 1159/300/2331 467/310/2331 466/309/2331
f 1162/299/2332 466/309/2332 465/308/2332
f 1165/301/2333 465/308/2333 55/210/2333
f 1164/298/2334 1165/301/2334 489/208/2334
f 1163/306/2335 1164/298/2335 490/211/2335
f 502/307/2336 1163/306/2336 491/212/2336
f 503/305/2337 1160/297/2337 1163/306/2337
f 504/304/2338 1157/294/2338 1160/297/2338
f 1166/314/2339 1167/316/2339 1170/315/2339
f 1167/316/2340 1168/318/2340 1171/317/2340
f 1168/318/2341 416/190/2341 415/193/2341
f 1171/317/2342 415/193/2342 75/325/2342
f 1170/315/2343 1171/317/2343 496/324/2343
f 1169/320/2344 1170/315/2344 495/323/2344
f 500/321/2345 1169/320/2345 494/322/2345
f 501/319/2346 1166/314/2346 1169/320/2346
f 1172/326/2347 1173/328/2347 1176/327/2347
f 1173/328/2348 1174/330/2348 1177/329/2348
f 1174/330/2349 501/319/2349 500/321/2349
f 1177/329/2350 500/321/2350 86/302/2350
f 1176/327/2351 1177/329/2351 499/336/2351
f 1175/332/2352 1176/327/2352 498/335/2352
f 493/333/2353 1175/332/2353 497/334/2353
f 492/331/2354 1172/326/2354 1175/332/2354
f 1178/337/2355 1179/339/2355 1182/338/2355
f 1179/339/2356 1180/343/2356 1183/342/2356
f 1181/832/2357 1182/338/2357 1185/341/2357
f 1182/338/2358 1183/342/2358 1186/344/2358
f 85/72/2359 497/334/2359 1178/337/2359
f 497/334/2360 498/335/2360 1179/339/2360
f 498/335/2361 499/336/2361 1180/343/2361
f 499/336/2362 86/302/2362 504/304/2362
f 1180/343/2363 504/304/2363 503/305/2363
f 1183/342/2364 503/305/2364 502/307/2364
f 1186/344/2365 502/307/2365 84/213/2365
f 1185/341/2366 1186/344/2366 438/348/2366
f 1184/345/2367 1185/341/2367 439/347/2367
f 443/68/2368 1184/345/2368 440/346/2368
f 442/69/2369 1181/832/2369 1184/345/2369
f 441/70/2370 1178/337/2370 1181/832/2370
f 1187/349/2371 1188/351/2371 1191/350/2371
f 1188/351/2372 1189/355/2372 1192/354/2372
f 1190/352/2373 1191/350/2373 1194/353/2373
f 1191/350/2374 1192/354/2374 1195/356/2374
f 79/357/2375 479/260/2375 1187/349/2375
f 478/261/2376 1188/351/2376 1187/349/2376
f 477/263/2377 1189/355/2377 1188/351/2377
f 59/365/2378 386/364/2378 1189/355/2378
f 1189/355/2379 386/364/2379 385/363/2379
f 1192/354/2380 385/363/2380 384/362/2380
f 1195/356/2381 384/362/2381 70/291/2381
f 1194/353/2382 1195/356/2382 507/292/2382
f 1193/360/2383 1194/353/2383 506/293/2383
f 511/361/2384 1193/360/2384 505/279/2384
f 512/359/2385 1190/352/2385 1193/360/2385
f 513/358/2386 1187/349/2386 1190/352/2386
f 1196/366/2387 1197/368/2387 1200/367/2387
f 1197/368/2388 1198/372/2388 1201/371/2388
f 1199/369/2389 1200/367/2389 1203/370/2389
f 1200/367/2390 1201/371/2390 1204/373/2390
f 64/15/2391 428/374/2391 1196/366/2391
f 428/374/2392 427/384/2392 1197/368/2392
f 427/384/2393 426/382/2393 1198/372/2393
f 426/382/2394 101/383/2394 616/381/2394
f 1198/372/947 616/381/947 617/380/947
f 1201/371/2395 617/380/2395 618/379/2395
f 1204/373/2396 618/379/2396 99/378/2396
f 1203/370/2397 1204/373/2397 603/377/2397
f 1203/370/2398 602/401/2398 601/376/2398
f 1202/375/2399 601/376/2399 82/46/2399
f 1199/369/2400 1202/375/2400 485/44/2400
f 483/49/2401 1196/366/2401 1199/369/2401
f 1205/385/2402 1206/387/2402 1209/833/2402
f 1206/387/2403 1207/391/2403 1210/390/2403
f 1208/388/2404 1209/833/2404 1212/834/2404
f 1209/833/2405 1210/390/2405 1213/392/2405
f 82/46/2406 601/376/2406 1205/385/2406
f 601/376/2407 602/401/2407 1206/387/2407
f 602/401/2408 603/377/2408 1207/391/2408
f 603/377/2409 99/378/2409 625/400/2409
f 1207/391/2410 625/400/2410 626/835/2410
f 1210/390/964 626/835/964 627/398/964
f 1213/392/2411 627/398/2411 100/397/2411
f 1212/834/2412 1213/392/2412 163/396/2412
f 1211/393/2413 1212/834/2413 164/395/2413
f 434/43/2414 1211/393/2414 165/394/2414
f 433/48/2415 1208/388/2415 1211/393/2415
f 432/45/2416 1205/385/2416 1208/388/2416
f 1214/402/2417 1215/404/2417 1218/403/2417
f 1215/404/2418 1216/408/2418 1219/407/2418
f 1217/405/2419 1218/403/2419 1221/406/2419
f 1218/403/2420 1219/407/2420 1222/409/2420
f 77/410/2421 473/237/2421 1214/402/2421
f 473/237/2422 472/238/2422 1215/404/2422
f 472/238/2423 471/239/2423 1216/408/2423
f 471/239/2424 57/240/2424 379/417/2424
f 1216/408/2425 379/417/2425 378/416/2425
f 1219/407/2426 378/416/2426 377/415/2426
f 1222/409/2427 377/415/2427 68/267/2427
f 1221/406/2428 1222/409/2428 519/268/2428
f 1220/413/2429 1221/406/2429 518/269/2429
f 523/414/2430 1220/413/2430 517/256/2430
f 524/836/2431 1217/405/2431 1220/413/2431
f 525/411/2432 1214/402/2432 1217/405/2432
f 1223/418/2433 1224/420/2433 1227/419/2433
f 1224/420/2434 1225/424/2434 1228/423/2434
f 1226/421/2435 1227/419/2435 1230/422/2435
f 1227/419/2436 1228/423/2436 1231/425/2436
f 63/25/2437 422/426/2437 1223/418/2437
f 422/426/2438 421/436/2438 1224/420/2438
f 421/436/2439 420/434/2439 1225/424/2439
f 420/434/2440 98/435/2440 613/433/2440
f 1225/424/2441 613/433/2441 614/432/2441
f 1228/423/2442 614/432/2442 615/431/2442
f 1231/425/2443 615/431/2443 97/430/2443
f 1230/422/2444 1231/425/2444 597/429/2444
f 1229/427/2445 1230/422/2445 596/428/2445
f 1229/427/2446 595/445/2446 80/20/2446
f 1226/421/2447 1229/427/2447 482/18/2447
f 480/24/2448 1223/418/2448 1226/421/2448
f 1232/437/2449 1233/439/2449 1236/438/2449
f 1233/439/2450 1234/443/2450 1237/442/2450
f 1235/440/2451 1236/438/2451 1239/837/2451
f 1236/438/2452 1237/442/2452 1240/444/2452
f 80/20/2453 595/445/2453 1232/437/2453
f 595/445/2454 596/428/2454 1233/439/2454
f 596/428/2455 597/429/2455 1234/443/2455
f 597/429/2456 97/430/2456 622/449/2456
f 1234/443/2457 622/449/2457 623/838/2457
f 1237/442/2458 623/838/2458 624/447/2458
f 1240/444/2459 624/447/2459 101/383/2459
f 1239/837/2460 1240/444/2460 426/382/2460
f 1238/446/2461 1239/837/2461 427/384/2461
f 431/17/2462 1238/446/2462 428/374/2462
f 430/22/2463 1235/440/2463 1238/446/2463
f 429/19/2464 1232/437/2464 1235/440/2464
f 1243/451/2465 1241/454/2465 1255/450/2465
f 1245/463/2466 1241/454/2466 1243/451/2466
f 1246/462/2467 1247/460/2467 1241/454/2467
f 1249/457/2468 1241/454/2468 1247/460/2468
f 1251/458/2469 1241/454/2469 1249/457/2469
f 1252/455/2470 1253/456/2470 1241/454/2470
f 1254/453/2471 1255/450/2471 1241/454/2471
f 470/466/2472 1242/839/2472 537/465/2472
f 469/469/2473 1243/451/2473 1242/839/2473
f 1242/839/2474 1255/450/2474 536/468/2474
f 94/484/2475 579/485/2475 1244/464/2475
f 578/487/2476 1245/463/2476 1244/464/2476
f 468/486/2477 1244/464/2477 1243/451/2477
f 93/481/2478 573/482/2478 1246/462/2478
f 573/482/2479 572/479/2479 1247/460/2479
f 577/483/2480 1246/462/2480 1245/463/2480
f 92/477/2481 567/478/2481 1248/461/2481
f 567/478/2482 566/475/2482 1249/457/2482
f 1248/461/2483 1247/460/2483 572/479/2483
f 383/473/2484 1250/459/2484 565/472/2484
f 382/476/2485 1251/458/2485 1250/459/2485
f 1250/459/2486 1249/457/2486 566/475/2486
f 69/244/834 531/245/834 1252/455/834
f 531/245/2487 530/246/2487 1253/456/2487
f 381/471/1041 1252/455/1041 1251/458/1041
f 535/470/2488 1254/453/2488 529/232/2488
f 535/470/2489 536/468/2489 1255/450/2489
f 1254/453/2490 1253/456/2490 530/246/2490
f 1256/488/2491 1257/490/2491 1260/489/2491
f 1257/490/2492 1258/494/2492 1261/493/2492
f 1259/491/2493 1260/489/2493 1263/492/2493
f 1260/489/2494 1261/493/2494 1264/495/2494
f 62/132/2495 419/496/2495 1256/488/2495
f 419/496/2496 418/507/2496 1257/490/2496
f 418/507/2497 417/505/2497 1258/494/2497
f 417/505/2498 96/506/2498 610/504/2498
f 1258/494/2499 610/504/2499 611/503/2499
f 1261/493/2500 611/503/2500 612/502/2500
f 1264/495/2501 612/502/2501 102/501/2501
f 1263/492/2502 1264/495/2502 609/500/2502
f 1262/497/2503 1263/492/2503 608/499/2503
f 476/126/2504 1262/497/2504 607/498/2504
f 475/820/2505 1259/491/2505 1262/497/2505
f 474/131/2506 1256/488/2506 1259/491/2506
f 1265/508/2507 1266/510/2507 1269/509/2507
f 1266/510/2508 1267/514/2508 1270/513/2508
f 1268/511/2509 1269/509/2509 1272/512/2509
f 1269/509/2510 1270/513/2510 1273/515/2510
f 78/128/2511 607/498/2511 1265/508/2511
f 607/498/2512 608/499/2512 1266/510/2512
f 608/499/2513 609/500/2513 1267/514/2513
f 609/500/2514 102/501/2514 619/519/2514
f 1267/514/2515 619/519/2515 620/518/2515
f 1270/513/2516 620/518/2516 621/517/2516
f 1273/515/2517 621/517/2517 98/435/2517
f 1272/512/2518 1273/515/2518 420/434/2518
f 1271/516/2519 1272/512/2519 421/436/2519
f 425/125/2520 1271/516/2520 422/426/2520
f 424/129/2521 1268/511/2521 1271/516/2521
f 423/127/2522 1265/508/2522 1268/511/2522
f 1275/521/2523 1278/524/2523 1277/520/2523
f 1276/525/2524 1279/527/2524 1278/524/2524
f 1277/520/2525 1278/524/2525 1281/523/2525
f 1278/524/2526 1279/527/2526 1282/526/2526
f 396/529/2527 1274/522/2527 549/528/2527
f 397/538/2528 1275/521/2528 1274/522/2528
f 1275/521/2529 397/538/2529 1469/912/2529
f 1471/537/1085 1472/536/1085 1276/525/1085
f 1275/521/2530 1469/912/2530 1471/537/2530
f 486/535/2531 487/534/2531 1279/527/2531
f 1279/527/2532 487/534/2532 488/533/2532
f 1282/526/2533 488/533/2533 83/112/2533
f 1281/523/2534 1282/526/2534 543/111/2534
f 1280/531/2535 1281/523/2535 542/113/2535
f 547/532/2536 1280/531/2536 541/99/2536
f 548/530/2537 1277/520/2537 1280/531/2537
f 549/528/2538 1274/522/2538 1277/520/2538
f 1283/539/2539 1284/541/2539 1287/540/2539
f 1284/541/2540 1285/545/2540 1288/544/2540
f 1286/542/2541 1287/540/2541 1290/543/2541
f 1287/540/2542 1288/544/2542 1291/546/2542
f 60/547/2543 456/548/2543 1283/539/2543
f 456/548/2544 457/557/2544 1284/541/2544
f 457/557/2545 458/556/2545 1285/545/2545
f 458/556/2546 72/86/2546 549/528/2546
f 1285/545/2547 549/528/2547 548/530/2547
f 1288/544/2548 548/530/2548 547/532/2548
f 1291/546/2549 547/532/2549 90/98/2549
f 1290/543/2550 1291/546/2550 546/555/2550
f 1289/551/2551 1290/543/2551 545/554/2551
f 387/552/2552 1289/551/2552 544/553/2552
f 388/550/2553 1286/542/2553 1289/551/2553
f 389/549/2554 1283/539/2554 1286/542/2554
f 1292/558/2555 1293/560/2555 1296/559/2555
f 1293/560/2556 1294/564/2556 1297/563/2556
f 1295/561/2557 1296/559/2557 1299/562/2557
f 1296/559/2558 1297/563/2558 1300/565/2558
f 71/566/2559 544/553/2559 1292/558/2559
f 544/553/2560 545/554/2560 1293/560/2560
f 545/554/2561 546/555/2561 1294/564/2561
f 546/555/2562 90/98/2562 552/100/2562
f 1294/564/2563 552/100/2563 551/101/2563
f 1297/563/2564 551/101/2564 550/103/2564
f 1300/565/2565 550/103/2565 73/574/2565
f 1299/562/2566 1300/565/2566 404/573/2566
f 1298/569/2567 1299/562/2567 405/572/2567
f 453/570/2568 1298/569/2568 406/571/2568
f 454/568/2569 1295/561/2569 1298/569/2569
f 455/567/2570 1292/558/2570 1295/561/2570
f 1302/575/2571 1301/583/2571 1487/577/2571
f 1487/577/2572 1488/576/2572 1303/579/2572
f 1302/575/2573 1303/579/2573 1306/578/2573
f 1303/579/2574 1304/581/2574 1307/580/2574
f 1304/581/2575 492/331/2575 493/333/2575
f 1307/580/2576 493/333/2576 85/72/2576
f 1306/578/2577 1307/580/2577 555/71/2577
f 1305/585/2578 1306/578/2578 554/73/2578
f 559/586/2579 1305/585/2579 553/59/2579
f 560/584/2580 1302/575/2580 1305/585/2580
f 561/582/2571 1301/583/2571 1302/575/2571
f 1308/587/2581 1309/589/2581 1312/588/2581
f 1309/589/2582 1310/593/2582 1313/592/2582
f 1311/590/2583 1312/588/2583 1315/591/2583
f 1312/588/2584 1313/592/2584 1316/594/2584
f 1310/593/2585 561/582/2585 560/584/2585
f 1313/592/2586 560/584/2586 559/586/2586
f 1316/594/2587 559/586/2587 91/58/2587
f 1315/591/2588 1316/594/2588 558/601/2588
f 1314/597/2589 1315/591/2589 557/600/2589
f 488/598/2590 1314/597/2590 556/599/2590
f 487/596/2591 1311/590/2591 1314/597/2591
f 486/595/2592 1308/587/2592 1311/590/2592
f 1317/602/2593 1318/604/2593 1321/603/2593
f 1318/604/2594 1319/608/2594 1322/607/2594
f 1320/605/2595 1321/603/2595 1324/606/2595
f 1321/603/2596 1322/607/2596 1325/609/2596
f 83/112/2597 556/610/2597 1317/602/2597
f 556/610/2598 557/617/2598 1318/604/2598
f 557/617/2599 558/616/2599 1319/608/2599
f 558/616/723 91/58/723 564/60/723
f 1319/608/2600 564/60/2600 563/61/2600
f 1322/607/2601 563/61/2601 562/63/2601
f 1325/609/2602 562/63/2602 74/615/2602
f 1324/606/2603 1325/609/2603 407/614/2603
f 1323/611/2604 1324/606/2604 408/613/2604
f 437/108/2605 1323/611/2605 409/612/2605
f 436/109/2606 1320/605/2606 1323/611/2606
f 435/110/2607 1317/602/2607 1320/605/2607
f 1328/619/2608 1326/622/2608 1338/618/2608
f 1329/630/2609 1330/628/2609 1326/622/2609
f 1332/625/2610 1326/622/2610 1330/628/2610
f 1334/626/2611 1326/622/2611 1332/625/2611
f 1335/623/2612 1336/624/2612 1326/622/2612
f 1337/621/2613 1338/618/2613 1326/622/2613
f 632/842/2614 1328/619/2614 1327/620/2614
f 1327/620/2615 1338/618/2615 402/133/2615
f 103/645/2616 398/646/2616 1329/630/2616
f 398/646/2617 399/644/2617 1330/628/2617
f 633/647/2618 1329/630/2618 1328/619/2618
f 389/643/2619 1331/629/2619 400/642/2619
f 388/640/2620 1332/625/2620 1331/629/2620
f 1331/629/2621 1330/628/2621 399/644/2621
f 455/639/2622 1333/627/2622 387/638/2622
f 454/641/2623 1334/626/2623 1333/627/2623
f 1333/627/2624 1332/625/2624 388/640/2624
f 634/635/2625 1335/623/2625 453/634/2625
f 635/637/2626 1336/624/2626 1335/623/2626
f 453/634/2627 1335/623/2627 1334/626/2627
f 62/132/2628 401/130/2628 1337/621/2628
f 401/130/2629 402/133/2629 1338/618/2629
f 636/633/2630 1337/621/2630 1336/624/2630
f 1339/648/2631 1340/650/2631 1343/649/2631
f 1340/650/2632 1341/654/2632 1344/653/2632
f 1342/651/2633 1343/649/2633 1346/652/2633
f 1343/649/2634 1344/653/2634 1347/655/2634
f 92/656/2635 571/657/2635 1339/648/2635
f 571/657/2636 572/664/2636 1340/650/2636
f 572/664/2637 573/662/2637 1341/654/2637
f 573/662/2638 93/663/2638 576/661/2638
f 1341/654/2639 576/661/2639 575/660/2639
f 1344/653/2640 575/660/2640 574/659/2640
f 1347/655/2641 574/659/2641 67/814/2641
f 1346/652/2642 1347/655/2642 440/346/2642
f 1345/658/2643 1346/652/2643 439/347/2643
f 568/214/2644 1345/658/2644 438/348/2644
f 569/215/2645 1342/651/2645 1345/658/2645
f 570/217/2646 1339/648/2646 1342/651/2646
f 1348/665/2647 1349/667/2647 1352/666/2647
f 1350/670/2648 1353/672/2648 1352/666/2648
f 1351/668/2649 1352/666/2649 1355/669/2649
f 1352/666/2650 1353/672/2650 1356/671/2650
f 93/663/2651 577/673/2651 1348/665/2651
f 578/843/2652 1349/667/2652 1348/665/2652
f 579/679/2653 1350/670/2653 1349/667/2653
f 94/678/2654 582/844/2654 1350/670/2654
f 582/844/2655 581/676/2655 1353/672/2655
f 1353/672/2656 581/676/2656 580/675/2656
f 1356/671/2657 580/675/2657 74/615/2657
f 1355/669/2658 1356/671/2658 464/64/2658
f 1354/674/2659 1355/669/2659 463/65/2659
f 574/659/2660 1354/674/2660 462/66/2660
f 575/660/2661 1351/668/2661 1354/674/2661
f 576/661/2662 1348/665/2662 1351/668/2662
f 1359/682/2663 1357/687/2663 1367/681/2663
f 1360/691/2664 1361/688/2664 1357/687/2664
f 1363/845/2665 1357/687/2665 1361/688/2665
f 1364/686/2666 1365/684/2666 1357/687/2666
f 1367/681/2667 1357/687/2667 1365/684/2667
f 468/692/2668 1358/683/2668 582/844/2668
f 469/693/2669 1359/682/2669 1358/683/2669
f 1358/683/2670 1367/681/2670 581/676/2670
f 76/467/2671 583/700/2671 1360/691/2671
f 583/700/2672 584/698/2672 1361/688/2672
f 470/701/2673 1360/691/2673 1359/682/2673
f 588/696/2674 1362/690/2674 585/695/2674
f 587/699/2675 1363/845/2675 1362/690/2675
f 1362/690/2676 1361/688/2676 584/698/2676
f 66/107/2677 409/612/2677 1364/686/2677
f 409/612/2678 408/613/2678 1365/684/2678
f 586/694/2679 1364/686/2679 1363/845/2679
f 580/675/2680 1366/685/2680 407/614/2680
f 581/676/2681 1367/681/2681 1366/685/2681
f 1366/685/2682 1365/684/2682 408/613/2682
f 1368/702/2683 1369/704/2683 1372/703/2683
f 1369/704/2684 1370/708/2684 1373/707/2684
f 1371/705/2685 1372/703/2685 1375/706/2685
f 1372/703/2686 1373/707/2686 1376/709/2686
f 95/697/2687 589/710/2687 1368/702/2687
f 589/710/2688 590/716/2688 1369/704/2688
f 590/716/2689 591/715/2689 1370/708/2689
f 591/715/2690 96/506/2690 594/714/2690
f 1370/708/2691 594/714/2691 593/713/2691
f 1373/707/2692 593/713/2692 592/846/2692
f 1376/709/2693 592/846/2693 73/574/2693
f 1375/706/2694 1376/709/2694 461/104/2694
f 1374/711/2695 1375/706/2695 460/105/2695
f 586/694/2696 1374/711/2696 459/106/2696
f 587/699/2697 1371/705/2697 1374/711/2697
f 588/696/2698 1368/702/2698 1371/705/2698
f 1377/717/2699 1378/719/2699 1381/847/2699
f 1378/719/2700 1379/723/2700 1382/722/2700
f 1380/720/2701 1381/847/2701 1384/721/2701
f 1381/847/2702 1382/722/2702 1385/724/2702
f 96/506/2703 417/505/2703 1377/717/2703
f 417/505/2704 418/733/2704 1378/719/2704
f 418/733/2705 419/731/2705 1379/723/2705
f 419/731/2706 62/732/2706 636/730/2706
f 1379/723/2707 636/730/2707 635/729/2707
f 1382/722/2708 635/729/2708 634/635/2708
f 1385/724/2709 634/635/2709 61/636/2709
f 1384/721/2710 1385/724/2710 406/728/2710
f 1383/725/2711 1384/721/2711 405/727/2711
f 592/846/2712 1383/725/2712 404/726/2712
f 593/713/2713 1380/720/2713 1383/725/2713
f 594/714/2714 1377/717/2714 1380/720/2714
f 1388/735/2715 1386/740/2715 1396/734/2715
f 1389/744/2716 1390/741/2716 1386/740/2716
f 1392/742/2717 1386/740/2717 1390/741/2717
f 1393/739/2718 1394/737/2718 1386/740/2718
f 1396/734/2719 1386/740/2719 1394/737/2719
f 96/506/2720 591/715/2720 1387/736/2720
f 590/716/2721 1388/735/2721 1387/736/2721
f 610/504/2722 1387/736/2722 1396/734/2722
f 95/748/2723 585/749/2723 1389/744/2723
f 585/749/2724 584/698/2724 1390/741/2724
f 589/750/2725 1389/744/2725 1388/735/2725
f 537/465/2726 1391/743/2726 583/700/2726
f 536/468/2727 1392/742/2727 1391/743/2727
f 1391/743/2728 1390/741/2728 584/698/2728
f 89/231/2729 534/747/2729 1393/739/2729
f 534/747/2730 533/746/2730 1394/737/2730
f 535/470/2731 1393/739/2731 1392/742/2731
f 612/502/2732 1395/738/2732 532/745/2732
f 611/503/2733 1396/734/2733 1395/738/2733
f 1395/738/2734 1394/737/2734 533/746/2734
f 1397/751/2735 1398/753/2735 1401/752/2735
f 1398/753/2736 1399/757/2736 1402/756/2736
f 1400/754/2737 1401/752/2737 1404/755/2737
f 1401/752/2738 1402/756/2738 1405/758/2738
f 98/435/2739 600/759/2739 1397/751/2739
f 600/759/2740 599/765/2740 1398/753/2740
f 599/765/2741 598/764/2741 1399/757/2741
f 598/764/2742 77/410/2742 525/411/2742
f 1399/757/2743 525/411/2743 524/836/2743
f 1402/756/2744 524/836/2744 523/414/2744
f 1405/758/2745 523/414/2745 88/257/2745
f 1404/755/2746 1405/758/2746 522/763/2746
f 1403/760/2747 1404/755/2747 521/762/2747
f 615/431/2748 1403/760/2748 520/761/2748
f 614/432/2749 1400/754/2749 1403/760/2749
f 613/433/2750 1397/751/2750 1400/754/2750
f 1406/766/2751 1407/768/2751 1410/767/2751
f 1407/768/2752 1408/772/2752 1411/771/2752
f 1409/769/2753 1410/767/2753 1413/770/2753
f 1410/767/2754 1411/771/2754 1414/773/2754
f 101/383/2755 606/774/2755 1406/766/2755
f 606/774/2756 605/848/2756 1407/768/2756
f 605/848/2757 604/779/2757 1408/772/2757
f 604/779/2758 79/357/2758 513/358/2758
f 1408/772/2759 513/358/2759 512/359/2759
f 1411/771/2760 512/359/2760 511/361/2760
f 1414/773/2761 511/361/2761 87/278/2761
f 1413/770/1318 1414/773/1318 510/778/1318
f 1412/775/2762 1413/770/2762 509/777/2762
f 618/379/2763 1412/775/2763 508/776/2763
f 617/380/2764 1409/769/2764 1412/775/2764
f 616/381/2765 1406/766/2765 1409/769/2765
f 1415/781/2766 1416/783/2766 1419/782/2766
f 1416/783/2767 1417/787/2767 1420/786/2767
f 1418/784/2768 1419/782/2768 1422/785/2768
f 1419/782/2769 1420/786/2769 1423/788/2769
f 102/501/2770 532/745/2770 1415/781/2770
f 532/745/2771 533/746/2771 1416/783/2771
f 533/746/2772 534/747/2772 1417/787/2772
f 534/747/2773 89/231/2773 540/233/2773
f 1417/787/2774 540/233/2774 539/234/2774
f 1420/786/2775 539/234/2775 538/826/2775
f 1423/788/2776 538/826/2776 77/410/2776
f 1422/785/2777 1423/788/2777 598/764/2777
f 1421/789/2778 1422/785/2778 599/765/2778
f 621/517/2779 1421/789/2779 600/759/2779
f 620/518/2780 1418/784/2780 1421/789/2780
f 619/519/2781 1415/781/2781 1418/784/2781
f 1424/790/2782 1425/792/2782 1428/849/2782
f 1425/792/2783 1426/796/2783 1429/850/2783
f 1427/793/2784 1428/849/2784 1431/794/2784
f 1428/849/2785 1429/850/2785 1432/797/2785
f 97/430/2786 520/761/2786 1424/790/2786
f 520/761/2787 521/762/2787 1425/792/2787
f 521/762/2788 522/763/2788 1426/796/2788
f 522/763/2789 88/257/2789 528/255/2789
f 1426/796/2790 528/255/2790 527/828/2790
f 1429/850/2791 527/828/2791 526/259/2791
f 1432/797/2792 526/259/2792 79/357/2792
f 1431/794/2793 1432/797/2793 604/779/2793
f 1430/798/2794 1431/794/2794 605/848/2794
f 624/447/2795 1430/798/2795 606/774/2795
f 623/838/2796 1427/793/2796 1430/798/2796
f 622/449/2797 1424/790/2797 1427/793/2797
f 1433/799/2798 1434/801/2798 1437/800/2798
f 1434/801/2799 1435/805/2799 1438/804/2799
f 1436/802/2800 1437/800/2800 1440/803/2800
f 1437/800/2801 1438/804/2801 1441/806/2801
f 99/378/2802 508/776/2802 1433/799/2802
f 508/776/2803 509/777/2803 1434/801/2803
f 509/777/2804 510/778/2804 1435/805/2804
f 510/778/2805 87/278/2805 516/280/2805
f 1435/805/2806 516/280/2806 515/831/2806
f 1438/804/2807 515/831/2807 514/282/2807
f 1441/806/1365 514/282/1365 81/811/1365
f 1440/803/2808 1441/806/2808 341/810/2808
f 1439/807/2809 1440/803/2809 342/809/2809
f 627/398/2810 1439/807/2810 343/808/2810
f 626/835/2811 1436/802/2811 1439/807/2811
f 625/400/2812 1433/799/2812 1436/802/2812
f 1473/851/2813 1474/853/2813 1308/587/2813
f 373/647/2814 1546/914/2814 1547/852/2814
f 1547/852/2815 1550/894/2815 372/631/2815
f 1607/851/2816 223/595/2816 906/587/2816
f 1084/116/2817 1527/915/2817 1528/854/2817
f 1528/854/2818 1529/916/2818 1085/115/2818
f 1552/855/2819 1554/901/2819 371/632/2819
f 638/4/2820 1568/917/2820 1569/857/2820
f 1569/857/2821 1570/918/2821 125/14/2821
f 774/330/2822 1604/879/2822 1585/858/2822
f 1585/858/2823 1584/919/2823 772/328/2823
f 1041/4/2824 1520/917/2824 1521/859/2824
f 1521/859/2825 1523/920/2825 1042/3/2825
f 1042/3/2826 1523/920/2826 1522/860/2826
f 1522/860/2827 1524/897/2827 1043/812/2827
f 772/328/2828 1584/919/2828 1583/861/2828
f 1583/861/2829 1603/906/2829 770/326/2829
f 647/3/2830 1566/920/2830 1567/859/2830
f 1567/859/2831 1568/917/2831 638/4/2831
f 103/645/2832 1449/921/2832 1450/862/2832
f 1450/862/2833 1451/922/2833 398/646/2833
f 561/582/2834 1484/923/2834 1485/863/2834
f 1485/863/1383 1486/924/1383 1301/583/1383
f 1563/864/2835 1564/897/2835 646/12/2835
f 646/12/2836 1564/897/2836 1565/865/2836
f 1565/865/2837 1566/920/2837 647/3/2837
f 764/314/2838 1588/876/2838 1587/866/2838
f 1587/866/2839 1605/880/2839 238/319/2839
f 1308/587/2840 1474/853/2840 1475/867/2840
f 1475/867/2841 1480/925/2841 1309/589/2841
f 395/14/2842 1518/918/2842 1519/868/2842
f 1519/868/2843 1520/917/2843 1041/4/2843
f 1172/326/2844 1492/906/2844 1493/869/2844
f 1493/869/2845 1494/926/2845 1173/328/2845
f 1501/870/2846 1499/874/2846 1168/318/2846
f 1053/29/2847 1514/927/2847 1515/871/2847
f 1515/871/2848 1516/928/2848 1054/38/2848
f 1490/872/2849 1491/903/2849 492/331/2849
f 1086/124/2850 1532/907/2850 1533/873/2850
f 1533/873/2851 1534/896/2851 403/135/2851
f 1499/874/2852 1502/888/2852 416/190/2852
f 372/631/2853 1550/894/2853 1548/929/2853
f 1549/875/2854 1551/856/2854 371/632/2854
f 372/631/2855 1548/929/2855 1549/875/2855
f 1588/876/2856 764/314/2856 766/316/2856
f 1478/877/2857 1484/923/2857 561/582/2857
f 632/842/2858 1445/894/2858 1446/852/2858
f 1446/852/2859 1447/914/2859 633/647/2859
f 400/642/2860 1455/930/2860 1456/878/2860
f 1456/878/2861 380/80/2861 60/81/2861
f 128/646/2862 1543/922/2862 1542/862/2862
f 1542/862/2863 1545/921/2863 54/645/2863
f 1604/879/2864 774/330/2864 238/319/2864
f 1473/881/2865 486/535/2865 1276/525/2865
f 129/644/2866 1538/931/2866 1536/882/2866
f 1536/882/2867 1543/922/2867 128/646/2867
f 1539/883/2868 1540/932/2868 107/80/2868
f 399/644/2869 1453/933/2869 1454/884/2869
f 1454/884/2870 1455/930/2870 400/642/2870
f 1309/589/2871 1480/925/2871 1479/885/2871
f 1479/885/2872 1478/877/2872 1310/593/2872
f 1477/1/2873 1476/1/2873 5/1/2873
f 5/1/2874 6/1/2874 1/1/2874
f 1/1/2875 1483/1/2875 1482/1/2875
f 1482/1/2876 1481/1/2876 1477/1/2876
f 1477/1/2877 5/1/2877 1/1/2877
f 649/30/2878 1505/934/2878 1506/886/2878
f 119/40/2879 649/30/2879 1506/886/2879
f 1506/886/2880 1507/887/2880 1509/887/2880
f 1496/879/2881 1497/880/2881 501/319/2881
f 1586/874/2882 768/318/2882 147/190/2882
f 658/29/2883 1575/927/2883 1574/889/2883
f 1574/889/2884 1503/935/2884 1504/890/2884
f 1504/890/2885 1505/934/2885 649/30/2885
f 649/30/2886 658/29/2886 1574/889/2886
f 904/581/2887 1601/872/2887 1600/891/2887
f 1600/891/2888 1599/576/2888 902/579/2888
f 125/14/2889 1570/918/2889 1571/892/2889
f 1571/892/2890 1573/928/2890 657/38/2890
f 689/124/2891 1558/907/2891 1556/936/2891
f 1557/893/2892 1559/916/2892 690/115/2892
f 689/124/2893 1556/936/2893 1557/893/2893
f 631/632/2894 1442/856/2894 1443/875/2894
f 1443/875/2895 1444/929/2895 1445/894/2895
f 1445/894/2896 632/842/2896 631/632/2896
f 1054/38/2897 1516/928/2897 1517/892/2897
f 1517/892/2898 1518/918/2898 395/14/2898
f 1303/579/2899 1488/576/2899 1489/895/2899
f 1489/895/2900 1490/872/2900 1304/581/2900
f 690/115/2901 1559/916/2901 1560/854/2901
f 1560/854/2902 1561/915/2902 681/116/2902
f 1173/328/2903 1494/926/2903 1495/858/2903
f 1495/858/2904 1496/879/2904 1174/330/2904
f 130/642/2905 1541/902/2905 1537/884/2905
f 1537/884/2906 1538/931/2906 129/644/2906
f 371/632/2907 1554/901/2907 1553/896/2907
f 1553/896/2908 133/135/2908 925/620/2908
f 1525/864/2909 392/27/2909 1043/812/2909
f 1052/30/2910 1510/934/2910 1511/890/2910
f 1511/890/2911 1512/935/2911 1513/889/2911
f 1513/889/2912 1514/927/2912 1053/29/2912
f 1053/29/2913 1052/30/2913 1511/890/2913
f 1500/898/2914 1501/870/2914 1167/316/2914
f 657/38/1425 1573/928/1425 1572/871/1425
f 1572/871/2915 1575/927/2915 658/29/2915
f 398/646/1426 1451/922/1426 1452/899/1426
f 1452/899/2916 1453/933/2916 399/644/2916
f 633/647/2917 1447/914/2917 1448/900/2917
f 1448/900/2918 1449/921/2918 103/645/2918
f 403/135/2919 1534/896/2919 1535/901/2919
f 1535/901/2920 631/632/2920 1327/620/2920
f 1589/870/2921 766/316/2921 768/318/2921
f 119/40/2922 1509/887/2922 1508/886/2922
f 1508/886/2923 1510/934/2923 1052/30/2923
f 107/80/2924 1540/932/2924 1541/902/2924
f 1541/902/2925 130/642/2925 14/81/2925
f 54/645/2926 1545/921/2926 1544/900/2926
f 1544/900/2927 1546/914/2927 373/647/2927
f 1607/881/2928 1606/536/2928 878/525/2928
f 1491/903/2929 1492/906/2929 1172/326/2929
f 392/27/1435 1525/864/1435 1526/904/1435
f 1526/904/2930 1527/915/2930 1084/116/2930
f 133/135/2931 1553/896/2931 1555/873/2931
f 1555/873/2932 1558/907/2932 689/124/2932
f 681/116/2933 1561/915/2933 1562/904/2933
f 1562/904/1437 1563/864/1437 122/27/1437
f 501/319/2934 1497/880/2934 1498/905/2934
f 1498/905/2935 1500/898/2935 1166/314/2935
f 1602/903/2936 229/331/2936 770/326/2936
f 1457/883/2937 1458/85/2937 380/80/2937
f 1601/872/2938 904/581/2938 229/331/2938
f 1085/115/2939 1529/916/2939 1530/893/2939
f 1530/893/2940 1531/936/2940 1532/907/2940
f 1532/907/2941 1086/124/2941 1085/115/2941
