# Blender 3.6.23
# www.blender.org
mtllib cohete.mtl
g pCube1_Mesh
v -0.070136 -4.006575 1.009788
v -0.070136 -4.009735 1.026110
v -0.177236 -1.792302 1.285971
v -0.070136 -1.481597 1.883426
v 0.177170 -1.792302 1.285971
v 0.070069 -1.481597 1.883426
v 0.070069 -4.006575 1.009788
v 0.070069 -4.009735 1.026110
v -0.188920 -1.160026 0.873056
v -0.188920 -0.419203 1.246850
v 0.188853 -0.419203 1.246850
v 0.188853 -1.160026 0.873056
v -1.057864 -4.006575 0.135291
v -1.076226 -4.009735 0.135291
v -1.368569 -1.792302 0.040090
v -2.040706 -1.481597 0.135291
v -1.368569 -1.792302 0.355118
v -2.040706 -1.481597 0.259917
v -1.057864 -4.006575 0.259917
v -1.076226 -4.009735 0.259917
v -0.904040 -1.160026 0.029705
v -1.324558 -0.419203 0.029705
v -1.324558 -0.419203 0.365504
v -0.904040 -1.160026 0.365504
v -0.070136 -4.006575 -0.631644
v -0.070136 -4.009735 -0.647966
v -0.177237 -1.792302 -0.907827
v -0.070136 -1.481597 -1.505282
v 0.177170 -1.792302 -0.907827
v 0.070069 -1.481597 -1.505282
v 0.070069 -4.006575 -0.631644
v 0.070069 -4.009735 -0.647966
v -0.188920 -1.160026 -0.494912
v -0.188920 -0.419203 -0.868706
v 0.188853 -0.419203 -0.868706
v 0.188853 -1.160026 -0.494912
v 1.050620 -4.006575 0.135291
v 1.068982 -4.009735 0.135291
v 1.361325 -1.792302 0.040091
v 2.033462 -1.481597 0.135291
v 1.361325 -1.792302 0.355118
v 2.033462 -1.481597 0.259918
v 1.050620 -4.006575 0.259918
v 1.068982 -4.009735 0.259918
v 0.896796 -1.160026 0.029705
v 1.317314 -0.419203 0.029705
v 1.317314 -0.419203 0.365504
v 0.896796 -1.160026 0.365504
v -0.727886 -1.980386 0.440709
v -0.569180 -1.980386 0.651840
v -0.331657 -1.980386 0.792910
v -0.051479 -1.980386 0.842450
v 0.232595 -1.980386 0.795044
v 0.466221 -1.980386 0.651842
v 0.624928 -1.980386 0.440710
v 0.680657 -1.980386 0.191663
v 0.624928 -1.980386 -0.057383
v 0.466222 -1.980386 -0.268515
v 0.228699 -1.980386 -0.409584
v -0.051479 -1.980386 -0.459125
v -0.331656 -1.980386 -0.409584
v -0.569180 -1.980386 -0.268516
v -0.727886 -1.980386 -0.057384
v -0.783615 -1.980386 0.191663
v -0.270849 5.060441 0.274847
v -0.217842 5.060441 0.345366
v -0.138507 5.060441 0.392484
v -0.044926 5.060441 0.409031
v 0.048656 5.060441 0.392486
v 0.127990 5.060441 0.345367
v 0.180998 5.060441 0.274847
v 0.199615 5.060441 0.191663
v 0.180998 5.060441 0.108480
v 0.127991 5.060441 0.037960
v 0.048656 5.060441 -0.009158
v -0.044926 5.060441 -0.025705
v -0.138507 5.060441 -0.009158
v -0.217842 5.060441 0.037960
v -0.270849 5.060441 0.108480
v -0.289466 5.060441 0.191663
v -1.766190 1.540027 0.823003
v -1.907472 1.540027 0.191663
v -1.766190 1.540027 -0.439678
v -1.363869 1.540027 -0.974906
v -0.761738 1.540027 -1.332519
v -0.051479 1.540027 -1.458105
v 0.658781 1.540027 -1.332519
v 1.260912 1.540027 -0.974904
v 1.663232 1.540027 -0.439677
v 1.804514 1.540027 0.191664
v 1.663232 1.540027 0.823005
v 1.260908 1.540027 1.358232
v 0.658779 1.540027 1.715853
v -0.051480 1.540027 1.841432
v -0.761739 1.540027 1.715845
v -1.363870 1.540027 1.358229
v -1.331181 3.300234 0.662839
v -1.436623 3.300234 0.191663
v -1.331181 3.300234 -0.279512
v -1.030928 3.300234 -0.678958
v -0.581552 3.300234 -0.945845
v -0.051479 3.300234 -1.039572
v 0.478594 3.300234 -0.945845
v 0.927970 3.300234 -0.678957
v 1.228224 3.300234 -0.279512
v 1.333665 3.300234 0.191664
v 1.228224 3.300234 0.662839
v 0.927965 3.300234 1.062285
v 0.478593 3.300234 1.329180
v -0.051480 3.300234 1.422899
v -0.581552 3.300234 1.329171
v -1.030928 3.300234 1.062280
v -1.577014 -0.220179 0.753349
v -1.702703 -0.220179 0.191663
v -1.577014 -0.220179 -0.370024
v -1.219077 -0.220179 -0.846202
v -0.683377 -0.220179 -1.164360
v -0.051479 -0.220179 -1.276091
v 0.580420 -0.220179 -1.164360
v 1.116119 -0.220179 -0.846199
v 1.474056 -0.220179 -0.370024
v 1.599746 -0.220179 0.191664
v 1.474056 -0.220179 0.753351
v 1.116115 -0.220179 1.229528
v 0.580418 -0.220180 1.547694
v -0.051480 -0.220180 1.659417
v -0.683378 -0.220180 1.547686
v -1.219077 -0.220180 1.229524
v -0.890706 4.180337 0.500660
v -0.959855 4.180337 0.191663
v -0.890706 4.180337 -0.117333
v -0.693801 4.180337 -0.379289
v -0.399100 4.180337 -0.554313
v -0.051479 4.180337 -0.615779
v 0.296142 4.180337 -0.554313
v 0.590843 4.180337 -0.379289
v 0.787748 4.180337 -0.117333
v 0.856897 4.180337 0.191664
v 0.787748 4.180337 0.500660
v 0.590839 4.180337 0.762616
v 0.296142 4.180337 0.937645
v -0.051479 4.180337 0.999106
v -0.399100 4.180337 0.937640
v -0.693801 4.180337 0.762613
v -1.661315 2.420131 0.784390
v -1.793956 2.420131 0.191663
v -1.661315 2.420131 -0.401064
v -1.283602 2.420131 -0.903557
v -0.718298 2.420131 -1.239296
v -0.051479 2.420131 -1.357202
v 0.615340 2.420131 -1.239296
v 1.180644 2.420131 -0.903555
v 1.558357 2.420131 -0.401063
v 1.690998 2.420131 0.191664
v 1.558357 2.420131 0.784391
v 1.180639 2.420131 1.286883
v 0.615339 2.420131 1.622631
v -0.051480 2.420131 1.740529
v -0.718298 2.420131 1.622623
v -1.298536 2.420131 1.301015
v -1.772718 0.659924 0.825406
v -1.914535 0.659924 0.191663
v -1.772718 0.659924 -0.442081
v -1.368864 0.659924 -0.979346
v -0.764441 0.659924 -1.338320
v -0.051479 0.659924 -1.464385
v 0.661484 0.659924 -1.338320
v 1.265906 0.659924 -0.979343
v 1.669760 0.659924 -0.442080
v 1.811577 0.659924 0.191664
v 1.669760 0.659924 0.825408
v 1.265902 0.659924 1.362672
v 0.661482 0.659924 1.721655
v -0.051480 0.659924 1.847711
v -0.764442 0.659924 1.721646
v -1.368864 0.659924 1.362668
v -1.249821 -1.100283 0.632880
v -1.348552 -1.100283 0.191663
v -1.249821 -1.100283 -0.249555
v -0.968653 -1.100283 -0.623603
v -0.547849 -1.100283 -0.873524
v -0.051479 -1.100283 -0.961291
v 0.444892 -1.100283 -0.873524
v 0.865695 -1.100283 -0.623601
v 1.146863 -1.100283 -0.249555
v 1.245595 -1.100283 0.191663
v 1.146863 -1.100283 0.632881
v 0.865692 -1.100283 1.006929
v 0.444891 -1.100283 1.256856
v -0.051480 -1.100283 1.344617
v -0.547850 -1.100283 1.256850
v -0.968653 -1.100283 1.006926
v -0.206585 5.140081 0.248772
v -0.170194 5.140081 0.297187
v -0.115726 5.140081 0.329535
v -0.051479 5.140081 0.340896
v 0.012768 5.140081 0.329536
v 0.067235 5.140081 0.297187
v 0.103627 5.140081 0.248772
v 0.116408 5.140081 0.191663
v 0.103627 5.140081 0.134555
v 0.067236 5.140081 0.086139
v 0.012768 5.140081 0.053791
v -0.051479 5.140081 0.042431
v -0.115726 5.140081 0.053791
v -0.170194 5.140081 0.086139
v -0.206585 5.140081 0.134555
v -0.219366 5.140081 0.191663
v -0.146209 5.214714 0.226542
v -0.123983 5.214714 0.256111
v -0.090718 5.214714 0.275868
v -0.051479 5.214714 0.282806
v -0.012240 5.214714 0.275868
v 0.021025 5.214714 0.256111
v 0.043251 5.214714 0.226542
v 0.051057 5.214714 0.191663
v 0.043251 5.214714 0.156785
v 0.021025 5.214714 0.127215
v -0.012240 5.214714 0.107459
v -0.051479 5.214714 0.100521
v -0.090718 5.214714 0.107459
v -0.123983 5.214714 0.127215
v -0.146209 5.214714 0.156785
v -0.154015 5.214714 0.191663
v -0.106897 5.258792 0.212068
v -0.093895 5.258792 0.229366
v -0.051479 5.258792 0.191663
v -0.074434 5.258792 0.240924
v -0.051479 5.258792 0.244983
v -0.028524 5.258792 0.240924
v -0.009063 5.258792 0.229366
v 0.003939 5.258792 0.212068
v 0.008506 5.258792 0.191663
v 0.003939 5.258792 0.171259
v -0.009063 5.258792 0.153961
v -0.028524 5.258792 0.142403
v -0.051479 5.258792 0.138344
v -0.074434 5.258792 0.142403
v -0.093895 5.258792 0.153961
v -0.106897 5.258792 0.171259
v -0.111464 5.258792 0.191663
v -0.577501 4.620389 0.387753
v -0.621384 4.620389 0.191663
v -0.577501 4.620389 -0.004426
v -0.452545 4.620389 -0.170665
v -0.265527 4.620389 -0.281735
v -0.044925 4.620389 -0.320742
v 0.175676 4.620389 -0.281735
v 0.362694 4.620389 -0.170664
v 0.487650 4.620389 -0.004426
v 0.531533 4.620389 0.191664
v 0.487650 4.620389 0.387753
v 0.362692 4.620389 0.553991
v 0.175675 4.620389 0.665065
v -0.044926 4.620389 0.704069
v -0.265527 4.620389 0.665062
v -0.452545 4.620389 0.553990
v -0.807649 -1.845888 0.470077
v -0.869949 -1.845888 0.191663
v -0.807649 -1.845888 -0.086751
v -0.630227 -1.845888 -0.322780
v -0.364695 -1.845888 -0.480484
v -0.051479 -1.845888 -0.535866
v 0.261737 -1.845888 -0.480484
v 0.527270 -1.845888 -0.322779
v 0.704690 -1.845888 -0.086751
v 0.766990 -1.845888 0.191663
v 0.704690 -1.845888 0.470077
v 0.527268 -1.845888 0.706106
v 0.261737 -1.845888 0.863813
v -0.051479 -1.845888 0.919191
v -0.364695 -1.845888 0.863809
v -0.630228 -1.845888 0.706104
v -0.610093 -1.980386 0.397339
v -0.479025 -1.980386 0.571703
v -0.282865 -1.980386 0.688206
v -0.051479 -1.980386 0.729118
v 0.183125 -1.980386 0.689968
v 0.376066 -1.980386 0.571704
v 0.507135 -1.980386 0.397339
v 0.553159 -1.980386 0.191663
v 0.507135 -1.980386 -0.014013
v 0.376067 -1.980386 -0.188377
v 0.179907 -1.980386 -0.304880
v -0.051479 -1.980386 -0.345793
v -0.282865 -1.980386 -0.304880
v -0.479025 -1.980386 -0.188378
v -0.610093 -1.980386 -0.014013
v -0.656117 -1.980386 0.191663
v -0.610093 -1.980384 0.397339
v -0.479025 -1.980384 0.571703
v -0.282865 -1.980384 0.688206
v -0.051479 -1.980384 0.729118
v 0.183125 -1.980384 0.689968
v 0.376066 -1.980384 0.571704
v 0.507135 -1.980384 0.397339
v 0.553159 -1.980384 0.191663
v 0.507135 -1.980384 -0.014013
v 0.376067 -1.980384 -0.188377
v 0.179907 -1.980384 -0.304880
v -0.051479 -1.980384 -0.345793
v -0.282865 -1.980384 -0.304880
v -0.479025 -1.980384 -0.188378
v -0.610093 -1.980384 -0.014013
v -0.656117 -1.980384 0.191663
v -0.610093 -1.980386 0.397339
v -0.479025 -1.980386 0.571703
v -0.282865 -1.980386 0.688206
v -0.051479 -1.980386 0.729118
v 0.183125 -1.980386 0.689968
v 0.376066 -1.980386 0.571704
v 0.507135 -1.980386 0.397339
v 0.553159 -1.980386 0.191663
v 0.507135 -1.980386 -0.014013
v 0.376067 -1.980386 -0.188377
v 0.179907 -1.980386 -0.304880
v -0.051479 -1.980386 -0.345793
v -0.282865 -1.980386 -0.304880
v -0.479025 -1.980386 -0.188378
v -0.610093 -1.980386 -0.014013
v -0.656117 -1.980386 0.191663
v -0.610093 -1.655778 0.397339
v -0.479025 -1.655778 0.571703
v -0.282865 -1.655778 0.688206
v -0.051479 -1.655778 0.729118
v 0.183125 -1.655778 0.689969
v 0.376066 -1.655778 0.571704
v 0.507135 -1.655778 0.397339
v 0.553159 -1.655778 0.191663
v 0.507135 -1.655778 -0.014013
v 0.376067 -1.655778 -0.188377
v 0.179907 -1.655778 -0.304880
v -0.051479 -1.655778 -0.345793
v -0.282865 -1.655778 -0.304880
v -0.479025 -1.655778 -0.188378
v -0.610093 -1.655778 -0.014013
v -0.656117 -1.655778 0.191663
v -0.356189 -1.655778 0.303854
v -0.284695 -1.655778 0.398965
v -0.177694 -1.655778 0.462514
v -0.051479 -1.655778 0.484831
v 0.076491 -1.655778 0.463476
v 0.181736 -1.655778 0.398966
v 0.253231 -1.655778 0.303854
v 0.278336 -1.655778 0.191663
v 0.253231 -1.655778 0.079472
v 0.181737 -1.655778 -0.015639
v 0.074736 -1.655778 -0.079189
v -0.051479 -1.655778 -0.101505
v -0.177694 -1.655778 -0.079189
v -0.284694 -1.655778 -0.015640
v -0.356189 -1.655778 0.079472
v -0.381294 -1.655778 0.191663
v -0.051479 -1.655778 0.191663
v -0.762578 1.524271 -1.262079
v -0.659219 1.759953 -1.288685
v -0.490568 1.995314 -1.316637
v -0.269894 2.176508 -1.337513
v -0.019674 2.250727 -1.349341
v 0.231138 2.194623 -1.352296
v 0.453072 2.026414 -1.345738
v 0.622315 1.795105 -1.330974
v 0.723988 1.552941 -1.315317
v 0.751744 1.329301 -1.310038
v 0.705528 1.126006 -1.322125
v 0.590043 0.936728 -1.348021
v 0.415017 0.770253 -1.375814
v 0.196305 0.654614 -1.392926
v -0.044249 0.619446 -1.391813
v -0.281463 0.673849 -1.371019
v -0.491225 0.798780 -1.334773
v -0.654395 0.960190 -1.293278
v -0.758262 1.133046 -1.260932
v -0.795524 1.316329 -1.249819
v -0.780808 1.560861 -1.306731
v -0.675197 1.811060 -1.331896
v -0.502977 2.058373 -1.358579
v -0.277700 2.247630 -1.378648
v -0.022291 2.324930 -1.390418
v 0.233730 2.266413 -1.394176
v 0.460313 2.090538 -1.389131
v 0.633169 1.847214 -1.376250
v 0.737096 1.589986 -1.362470
v 0.765580 1.349628 -1.358773
v 0.718521 1.129356 -1.371962
v 0.600676 0.924343 -1.398405
v 0.421950 0.745057 -1.426242
v 0.198531 0.621177 -1.443077
v -0.047250 0.583515 -1.441578
v -0.289628 0.641472 -1.420390
v -0.503930 0.775323 -1.383685
v -0.670581 0.949617 -1.341522
v -0.776598 1.137685 -1.308216
v -0.814553 1.337070 -1.295874
v -0.032265 1.413302 -1.461693
v -0.636317 1.566720 -1.373379
v -0.549031 1.770263 -1.388631
v -0.035074 1.434896 -1.513020
v -0.409051 1.959307 -1.406561
v -0.228283 2.098260 -1.421581
v -0.024914 2.153852 -1.431286
v 0.178675 2.111352 -1.435048
v 0.359767 1.981693 -1.432866
v 0.499329 1.795362 -1.426362
v 0.584443 1.586969 -1.420058
v 0.608680 1.380806 -1.419917
v 0.571225 1.187478 -1.429283
v 0.476077 1.012561 -1.445888
v 0.331942 0.867438 -1.462851
v 0.152376 0.771126 -1.472549
v -0.044848 0.741377 -1.470028
v -0.239724 0.783329 -1.454346
v -0.412935 0.885654 -1.428709
v -0.548465 1.027654 -1.400105
v -0.634876 1.191861 -1.377520
v -0.665195 1.371635 -1.368114
v -0.800734 1.600086 -1.355252
v -0.692680 1.866063 -1.378894
v -0.563730 1.819841 -1.438100
v -0.653021 1.603346 -1.424023
v -0.516587 2.126382 -1.404235
v -0.420602 2.019414 -1.455050
v -0.286313 2.324427 -1.423460
v -0.235811 2.165375 -1.469499
v -0.025269 2.405102 -1.435188
v -0.027933 2.223596 -1.479227
v 0.236411 2.343984 -1.439828
v 0.180175 2.178949 -1.483668
v 0.468049 2.159784 -1.436427
v 0.365319 2.042557 -1.482714
v 0.644831 1.903395 -1.425580
v 0.508049 1.845632 -1.477744
v 0.751209 1.629775 -1.413820
v 0.595155 1.623870 -1.472998
v 0.780485 1.371222 -1.411813
v 0.620038 1.402824 -1.474200
v 0.732510 1.132474 -1.426164
v 0.581835 1.194439 -1.484533
v 0.612099 0.910347 -1.453161
v 0.484603 1.005706 -1.501666
v 0.429350 0.717136 -1.481007
v 0.337224 0.849461 -1.518750
v 0.200814 0.584314 -1.497506
v 0.153558 0.746045 -1.528280
v -0.050644 0.543958 -1.495563
v -0.048200 0.714113 -1.525435
v -0.298630 0.605790 -1.473937
v -0.247564 0.759032 -1.509346
v -0.517862 0.749341 -1.436732
v -0.424746 0.868971 -1.483199
v -0.688290 0.937629 -1.393856
v -0.563348 1.022162 -1.453916
v -0.796640 1.142214 -1.359529
v -0.651676 1.199821 -1.430439
v -0.835346 1.359082 -1.345881
v -0.682615 1.394020 -1.419950
v -1.778834 1.538112 0.851486
v -1.787197 1.771147 0.749830
v -1.790868 2.001788 0.590319
v -1.784332 2.176363 0.387258
v -1.770111 2.242793 0.162435
v -1.752305 2.178717 -0.057802
v -1.732104 2.003260 -0.247925
v -1.710835 1.766184 -0.388605
v -1.695529 1.520435 -0.469096
v -1.697960 1.296010 -0.485832
v -1.725859 1.095010 -0.439500
v -1.775113 0.910821 -0.333708
v -1.831034 0.751418 -0.176193
v -1.876668 0.643768 0.019323
v -1.900041 0.616448 0.233290
v -1.896678 0.677663 0.443281
v -1.869955 0.807784 0.628190
v -1.831134 0.972600 0.771216
v -1.796344 1.147281 0.860546
v -1.778460 1.331058 0.888589
v -1.828730 1.577041 0.862098
v -1.834554 1.824440 0.758116
v -1.835879 2.066849 0.595182
v -1.827606 2.249291 0.387866
v -1.812676 2.318627 0.158360
v -1.795389 2.252004 -0.066482
v -1.776816 2.068802 -0.260613
v -1.757899 1.819686 -0.404278
v -1.745219 1.558898 -0.486451
v -1.750170 1.317820 -0.503439
v -1.780217 1.099940 -0.455914
v -1.831079 0.900139 -0.347574
v -1.888032 0.728065 -0.186374
v -1.934207 0.612330 0.013601
v -1.957768 0.582674 0.232308
v -1.954283 0.647589 0.446787
v -1.927038 0.786747 0.635464
v -1.887169 0.964515 0.781212
v -1.850763 1.154416 0.872040
v -1.830779 1.354244 0.900288
v -1.938117 1.411550 0.190038
v -1.889260 1.580868 0.727701
v -1.888027 1.781879 0.642403
v -1.994750 1.435272 0.186859
v -1.885487 1.966802 0.510724
v -1.878270 2.100262 0.344894
v -1.867047 2.149536 0.162312
v -1.853968 2.100615 -0.016689
v -1.840659 1.965158 -0.172379
v -1.829248 1.774293 -0.289079
v -1.824324 1.563182 -0.356933
v -1.831980 1.356529 -0.371624
v -1.855512 1.165086 -0.333101
v -1.891730 0.994200 -0.244862
v -1.931548 0.854673 -0.114315
v -1.964214 0.764747 0.046673
v -1.981622 0.741369 0.222283
v -1.980561 0.788978 0.394750
v -1.963338 0.895763 0.547051
v -1.937262 1.040817 0.665024
v -1.912156 1.206686 0.738258
v -1.895693 1.386802 0.760110
v -1.882987 1.618812 0.873750
v -1.886100 1.881825 0.767240
v -1.942339 1.833856 0.649003
v -1.945713 1.620025 0.736383
v -1.884918 2.137040 0.600586
v -1.937887 2.029150 0.514292
v -1.874793 2.328060 0.388646
v -1.929304 2.169455 0.344731
v -1.859113 2.400581 0.154051
v -1.917548 2.221205 0.158074
v -1.842403 2.331212 -0.075795
v -1.904905 2.170022 -0.024919
v -1.825596 2.139599 -0.274283
v -1.892914 2.027760 -0.184090
v -1.809224 1.877392 -0.421190
v -1.883437 1.826275 -0.303394
v -1.799375 1.600238 -0.505190
v -1.880723 1.601812 -0.372723
v -1.807034 1.341033 -0.522448
v -1.890550 1.380332 -0.387631
v -1.839375 1.104782 -0.473622
v -1.915976 1.173918 -0.348048
v -1.891941 0.887997 -0.362508
v -1.953661 0.989325 -0.257567
v -1.949970 0.702152 -0.197298
v -1.994469 0.838803 -0.123800
v -1.996696 0.577640 0.007526
v -2.027685 0.741911 0.041061
v -2.020432 0.545461 0.231384
v -2.045268 0.716488 0.220784
v -2.016800 0.614412 0.450738
v -2.044034 0.767190 0.397161
v -1.988990 0.763395 0.643506
v -2.026246 0.881685 0.552775
v -1.947995 0.955231 0.792206
v -1.999153 1.037987 0.673165
v -1.909857 1.161659 0.884657
v -1.972571 1.217314 0.747740
v -1.887627 1.378917 0.913125
v -1.954248 1.411811 0.769775
v -0.787849 1.334634 1.703636
v -0.689721 1.098244 1.738367
v -0.526463 0.860237 1.769081
v -0.310450 0.674140 1.784669
v -0.062567 0.593169 1.781256
v 0.189140 0.641517 1.759723
v 0.414690 0.801890 1.723133
v 0.588958 1.026257 1.678212
v 0.696235 1.263485 1.637151
v 0.730458 1.485247 1.613751
v 0.692255 1.690205 1.615085
v 0.586131 1.884279 1.636788
v 0.420225 2.057596 1.666857
v 0.208086 2.180857 1.693497
v -0.030295 2.223320 1.709539
v -0.270302 2.175031 1.712122
v -0.486885 2.054516 1.702129
v -0.658826 1.895823 1.685709
v -0.771148 1.724499 1.674347
v -0.815275 1.542155 1.679375
v -0.802436 1.301759 1.752074
v -0.702684 1.050726 1.786223
v -0.536392 0.800604 1.816233
v -0.316142 0.606270 1.831217
v -0.063199 0.522062 1.827542
v 0.193853 0.572709 1.806208
v 0.424437 0.740684 1.770197
v 0.602883 0.977046 1.725998
v 0.713084 1.229352 1.685547
v 0.748735 1.467868 1.662470
v 0.710354 1.689855 1.663762
v 0.602443 1.899728 1.685083
v 0.433269 2.085938 1.714588
v 0.216680 2.217541 1.740752
v -0.026863 2.262627 1.756658
v -0.272165 2.210929 1.759526
v -0.493601 2.081629 1.750081
v -0.669488 1.910154 1.734197
v -0.784539 1.723664 1.723137
v -0.830001 1.525202 1.728145
v -0.036391 1.436179 1.834374
v -0.651778 1.295966 1.806888
v -0.569817 1.091346 1.829371
v -0.034445 1.418231 1.887118
v -0.434671 0.899729 1.849181
v -0.257638 0.756590 1.859210
v -0.056006 0.695502 1.856192
v 0.148356 0.731808 1.840282
v 0.332492 0.855312 1.814113
v 0.476655 1.036317 1.783017
v 0.567363 1.241025 1.754998
v 0.598069 1.445820 1.738229
v 0.567977 1.640383 1.736853
v 0.480648 1.818873 1.748688
v 0.343654 1.969204 1.766995
v 0.169067 2.071474 1.784449
v -0.026516 2.107092 1.795937
v -0.223451 2.070250 1.799257
v -0.401814 1.971861 1.795209
v -0.544261 1.832540 1.787956
v -0.637902 1.669962 1.784248
v -0.674827 1.491017 1.790156
v -0.818386 1.266572 1.804682
v -0.716869 0.999628 1.838238
v -0.580796 1.045739 1.883229
v -0.664213 1.263415 1.861156
v -0.547282 0.736327 1.867524
v -0.442957 0.843459 1.902556
v -0.322429 0.533017 1.881886
v -0.262206 0.693168 1.912188
v -0.063991 0.445266 1.877949
v -0.056169 0.629322 1.909011
v 0.198870 0.498391 1.856844
v 0.152831 0.667674 1.893254
v 0.434924 0.674622 1.821461
v 0.341344 0.797848 1.867495
v 0.617911 0.924027 1.778034
v 0.489162 0.989423 1.836910
v 0.731290 1.192738 1.738224
v 0.582444 1.207505 1.809326
v 0.768491 1.449486 1.715468
v 0.614413 1.427210 1.792781
v 0.729911 1.690002 1.716676
v 0.584161 1.636875 1.791358
v 0.620053 1.917057 1.737541
v 0.495256 1.829242 1.802905
v 0.447324 2.117275 1.766394
v 0.355402 1.990771 1.820808
v 0.225894 2.257932 1.792007
v 0.176946 2.100240 1.837924
v -0.023260 2.305850 1.807745
v -0.023114 2.138153 1.849305
v -0.274314 2.250432 1.810910
v -0.224654 2.098464 1.852798
v -0.501018 2.111581 1.802061
v -0.407266 1.992573 1.849109
v -0.681188 1.926220 1.786771
v -0.553201 1.842143 1.842228
v -0.799198 1.723265 1.776061
v -0.649274 1.666151 1.838746
v -0.846105 1.507306 1.781077
v -0.687392 1.472768 1.844654
v 1.586746 1.355534 0.840552
v 1.637228 1.116733 0.765351
v 1.689374 0.874287 0.632230
v 1.729048 0.681930 0.449203
v 1.749416 0.593434 0.232504
v 1.748579 0.633837 0.006169
v 1.727308 0.786806 -0.202391
v 1.691239 1.005186 -0.368632
v 1.653043 1.238502 -0.475717
v 1.627885 1.458796 -0.515988
v 1.623758 1.664796 -0.489289
v 1.636140 1.862231 -0.400222
v 1.652453 2.040841 -0.256767
v 1.661056 2.170792 -0.070985
v 1.656107 2.220669 0.139852
v 1.636825 2.179742 0.354057
v 1.606379 2.065772 0.548905
v 1.573325 1.912215 0.705009
v 1.551685 1.744282 0.809308
v 1.554945 1.563461 0.855224
v 1.639940 1.323706 0.859163
v 1.690067 1.070215 0.782987
v 1.741831 0.815562 0.647543
v 1.781309 0.614838 0.461002
v 1.801892 0.522949 0.239917
v 1.801761 0.565489 0.008792
v 1.781539 0.725909 -0.204433
v 1.746554 0.956158 -0.374724
v 1.709169 1.204461 -0.484867
v 1.684343 1.441458 -0.526960
v 1.679984 1.664481 -0.500706
v 1.691614 1.877754 -0.410651
v 1.706861 2.069341 -0.264814
v 1.714428 2.207759 -0.075434
v 1.708815 2.260413 0.139864
v 1.689386 2.216243 0.358898
v 1.659181 2.093648 0.558398
v 1.626481 1.927443 0.718494
v 1.605071 1.744442 0.825768
v 1.608342 1.547553 0.873429
v 1.803082 1.435732 0.184681
v 1.715603 1.313994 0.731278
v 1.750530 1.107287 0.668107
v 1.862512 1.418370 0.188550
v 1.787355 0.911924 0.557189
v 1.816702 0.763617 0.406602
v 1.832951 0.696401 0.230145
v 1.834063 0.726277 0.046634
v 1.820918 0.843786 -0.123022
v 1.797916 1.019914 -0.259813
v 1.773083 1.221392 -0.349873
v 1.755187 1.424917 -0.385813
v 1.748892 1.620251 -0.366176
v 1.752148 1.801421 -0.294111
v 1.758244 1.956039 -0.176523
v 1.760309 2.063761 -0.024077
v 1.754367 2.105441 0.148723
v 1.739862 2.074652 0.324501
v 1.719464 1.981704 0.485327
v 1.699269 1.846719 0.615528
v 1.687878 1.687051 0.703717
v 1.692770 1.509417 0.743226
v 1.697698 1.289660 0.879453
v 1.747485 1.020208 0.802221
v 1.810260 1.062692 0.684485
v 1.775526 1.282495 0.748523
v 1.798878 0.752275 0.664257
v 1.846904 0.856585 0.571516
v 1.838183 0.542434 0.473903
v 1.876227 0.701012 0.417854
v 1.859025 0.446834 0.248058
v 1.892740 0.630904 0.237584
v 1.859674 0.491677 0.011731
v 1.894441 0.662686 0.049913
v 1.840591 0.660188 -0.206563
v 1.882103 0.786732 -0.123810
v 1.806771 0.903342 -0.381257
v 1.859915 0.973318 -0.264157
v 1.770243 1.167950 -0.494728
v 1.835680 1.188088 -0.356924
v 1.745743 1.423125 -0.538803
v 1.818007 1.406478 -0.394484
v 1.741089 1.664670 -0.513034
v 1.811496 1.616907 -0.375241
v 1.751855 1.895167 -0.421904
v 1.814145 1.811991 -0.302298
v 1.765898 2.100853 -0.273476
v 1.819408 1.977882 -0.182613
v 1.772303 2.248459 -0.080186
v 1.820658 2.092911 -0.027030
v 1.765944 2.304111 0.139959
v 1.814152 2.137019 0.149639
v 1.746341 2.256402 0.364239
v 1.799433 2.103528 0.329605
v 1.716401 2.124430 0.568790
v 1.779111 2.003215 0.494487
v 1.684098 1.944487 0.733218
v 1.759112 1.857239 0.628199
v 1.662963 1.745125 0.843721
v 1.747877 1.684243 0.719032
v 1.666278 1.530795 0.893277
v 1.752799 1.492218 0.760104
v -0.105234 -5.570299 0.200987
v -0.100220 -5.570299 0.209734
v -0.092410 -5.570299 0.216675
v -0.082570 -5.570299 0.221132
v -0.071662 -5.570299 0.222668
v -0.060754 -5.570299 0.221132
v -0.050914 -5.570299 0.216675
v -0.043105 -5.570299 0.209734
v -0.038091 -5.570299 0.200987
v -0.036363 -5.570299 0.191291
v -0.038091 -5.570299 0.181595
v -0.043105 -5.570299 0.172848
v -0.050914 -5.570299 0.165906
v -0.060754 -5.570299 0.161449
v -0.071662 -5.570299 0.159914
v -0.082570 -5.570299 0.161449
v -0.092410 -5.570299 0.165906
v -0.100220 -5.570299 0.172848
v -0.105234 -5.570299 0.181595
v -0.106961 -5.570299 0.191291
v -0.370583 -1.542576 0.277624
v -0.325940 -1.542576 0.355507
v -0.256405 -1.542576 0.417315
v -0.168787 -1.542576 0.456999
v -0.071662 -1.542576 0.470672
v 0.025463 -1.542576 0.456999
v 0.113081 -1.542576 0.417316
v 0.182615 -1.542576 0.355507
v 0.227259 -1.542576 0.277624
v 0.242642 -1.542576 0.191291
v 0.227259 -1.542576 0.104958
v 0.182615 -1.542576 0.027075
v 0.113081 -1.542576 -0.034733
v 0.025463 -1.542576 -0.074416
v -0.071662 -1.542576 -0.088090
v -0.168787 -1.542576 -0.074416
v -0.256405 -1.542576 -0.034733
v -0.325939 -1.542576 0.027075
v -0.370583 -1.542576 0.104958
v -0.385966 -1.542576 0.191291
v -0.071662 -5.570299 0.191291
v -0.071662 -1.542576 0.191291
v -0.105234 -5.570299 0.200987
v -0.100220 -5.570299 0.209734
v -0.092410 -5.570299 0.216675
v -0.082570 -5.570299 0.221132
v -0.071662 -5.570299 0.222668
v -0.060754 -5.570299 0.221132
v -0.050914 -5.570299 0.216675
v -0.043105 -5.570299 0.209734
v -0.038091 -5.570299 0.200987
v -0.036363 -5.570299 0.191291
v -0.038091 -5.570299 0.181595
v -0.043105 -5.570299 0.172848
v -0.050914 -5.570299 0.165906
v -0.060754 -5.570299 0.161449
v -0.071662 -5.570299 0.159914
v -0.082570 -5.570299 0.161449
v -0.092410 -5.570299 0.165906
v -0.100220 -5.570299 0.172848
v -0.105234 -5.570299 0.181595
v -0.106961 -5.570299 0.191291
v -0.071662 -5.570299 0.191291
v -0.725224 -2.457562 0.380051
v -0.758857 -2.457562 0.191291
v -0.725224 -2.457562 0.002531
v -0.627615 -2.457562 -0.167752
v -0.475585 -2.457562 -0.302889
v -0.284017 -2.457562 -0.389652
v -0.071662 -2.457562 -0.419549
v 0.140693 -2.457562 -0.389652
v 0.332261 -2.457562 -0.302889
v 0.484290 -2.457562 -0.167752
v 0.581899 -2.457562 0.002531
v 0.615533 -2.457562 0.191291
v 0.581899 -2.457562 0.380051
v 0.484290 -2.457562 0.550334
v 0.332261 -2.457562 0.685471
v 0.140693 -2.457562 0.772234
v -0.071662 -2.457562 0.802131
v -0.284017 -2.457562 0.772234
v -0.475586 -2.457562 0.685471
v -0.627615 -2.457562 0.550334
v -0.866050 -3.074668 0.420724
v -0.906930 -3.074668 0.191291
v -0.866049 -3.074668 -0.038142
v -0.747408 -3.074668 -0.245116
v -0.562620 -3.074668 -0.409372
v -0.329774 -3.074668 -0.514831
v -0.071662 -3.074668 -0.551169
v 0.186450 -3.074668 -0.514831
v 0.419296 -3.074668 -0.409372
v 0.604084 -3.074668 -0.245116
v 0.722725 -3.074668 -0.038142
v 0.763605 -3.074668 0.191291
v 0.722725 -3.074668 0.420724
v 0.604084 -3.074668 0.627698
v 0.419296 -3.074668 0.791954
v 0.186450 -3.074668 0.897413
v -0.071662 -3.074668 0.933751
v -0.329774 -3.074668 0.897413
v -0.562621 -3.074668 0.791954
v -0.747409 -3.074668 0.627698
v -0.835460 -3.799871 0.411889
v -0.874766 -3.799871 0.191291
v -0.835460 -3.799871 -0.029307
v -0.721387 -3.799871 -0.228312
v -0.543715 -3.799871 -0.386242
v -0.319835 -3.799871 -0.487640
v -0.071662 -3.799871 -0.522579
v 0.176511 -3.799871 -0.487640
v 0.400391 -3.799871 -0.386242
v 0.578063 -3.799871 -0.228312
v 0.692135 -3.799871 -0.029307
v 0.731442 -3.799871 0.191291
v 0.692135 -3.799871 0.411889
v 0.578063 -3.799871 0.610893
v 0.400391 -3.799871 0.768824
v 0.176511 -3.799871 0.870222
v -0.071662 -3.799871 0.905161
v -0.319835 -3.799871 0.870222
v -0.543715 -3.799871 0.768824
v -0.721387 -3.799871 0.610893
v -0.260461 -5.404201 0.245819
v -0.270177 -5.404201 0.191291
v -0.260461 -5.404201 0.136762
v -0.232264 -5.404201 0.087572
v -0.188346 -5.404201 0.048534
v -0.133006 -5.404201 0.023470
v -0.071662 -5.404201 0.014833
v -0.010318 -5.404201 0.023469
v 0.045022 -5.404201 0.048534
v 0.088939 -5.404201 0.087572
v 0.117137 -5.404201 0.136762
v 0.126853 -5.404201 0.191291
v 0.117137 -5.404201 0.245819
v 0.088939 -5.404201 0.295010
v 0.045022 -5.404201 0.334048
v -0.010318 -5.404201 0.359112
v -0.071662 -5.404201 0.367748
v -0.133006 -5.404201 0.359112
v -0.188346 -5.404201 0.334048
v -0.232264 -5.404201 0.295010
v -0.377845 -5.165263 0.279722
v -0.393601 -5.165263 0.191291
v -0.377845 -5.165263 0.102860
v -0.332116 -5.165263 0.023085
v -0.260893 -5.165263 -0.040224
v -0.171147 -5.165263 -0.080871
v -0.071662 -5.165263 -0.094877
v 0.027823 -5.165263 -0.080872
v 0.117569 -5.165263 -0.040224
v 0.188792 -5.165263 0.023085
v 0.234520 -5.165263 0.102860
v 0.250277 -5.165263 0.191291
v 0.234520 -5.165263 0.279722
v 0.188792 -5.165263 0.359497
v 0.117569 -5.165263 0.422806
v 0.027822 -5.165263 0.463453
v -0.071662 -5.165263 0.477459
v -0.171147 -5.165263 0.463453
v -0.260893 -5.165263 0.422806
v -0.332116 -5.165263 0.359496
v -0.105234 -5.570299 0.200987
v -0.105234 -5.570299 0.200987
v -0.105234 -5.570299 0.200987
v -0.105234 -5.570299 0.200987
v -0.105234 -5.570299 0.200987
v -0.105234 -5.570299 0.200987
v -0.100220 -5.570299 0.209734
v -0.100220 -5.570299 0.209734
v -0.100220 -5.570299 0.209734
v -0.100220 -5.570299 0.209734
v -0.100220 -5.570299 0.209734
v -0.100220 -5.570299 0.209734
v -0.092410 -5.570299 0.216675
v -0.092410 -5.570299 0.216675
v -0.092410 -5.570299 0.216675
v -0.092410 -5.570299 0.216675
v -0.092410 -5.570299 0.216675
v -0.092410 -5.570299 0.216675
v -0.082570 -5.570299 0.221132
v -0.082570 -5.570299 0.221132
v -0.082570 -5.570299 0.221132
v -0.082570 -5.570299 0.221132
v -0.082570 -5.570299 0.221132
v -0.082570 -5.570299 0.221132
v -0.071662 -5.570299 0.222668
v -0.071662 -5.570299 0.222668
v -0.071662 -5.570299 0.222668
v -0.071662 -5.570299 0.222668
v -0.071662 -5.570299 0.222668
v -0.071662 -5.570299 0.222668
v -0.060754 -5.570299 0.221132
v -0.060754 -5.570299 0.221132
v -0.060754 -5.570299 0.221132
v -0.060754 -5.570299 0.221132
v -0.060754 -5.570299 0.221132
v -0.060754 -5.570299 0.221132
v -0.050914 -5.570299 0.216675
v -0.050914 -5.570299 0.216675
v -0.050914 -5.570299 0.216675
v -0.050914 -5.570299 0.216675
v -0.050914 -5.570299 0.216675
v -0.050914 -5.570299 0.216675
v -0.043105 -5.570299 0.209734
v -0.043105 -5.570299 0.209734
v -0.043105 -5.570299 0.209734
v -0.043105 -5.570299 0.209734
v -0.043105 -5.570299 0.209734
v -0.043105 -5.570299 0.209734
v -0.038091 -5.570299 0.200987
v -0.038091 -5.570299 0.200987
v -0.038091 -5.570299 0.200987
v -0.038091 -5.570299 0.200987
v -0.038091 -5.570299 0.200987
v -0.038091 -5.570299 0.200987
v -0.036363 -5.570299 0.191291
v -0.036363 -5.570299 0.191291
v -0.036363 -5.570299 0.191291
v -0.036363 -5.570299 0.191291
v -0.036363 -5.570299 0.191291
v -0.036363 -5.570299 0.191291
v -0.038091 -5.570299 0.181595
v -0.038091 -5.570299 0.181595
v -0.038091 -5.570299 0.181595
v -0.038091 -5.570299 0.181595
v -0.038091 -5.570299 0.181595
v -0.038091 -5.570299 0.181595
v -0.043105 -5.570299 0.172848
v -0.043105 -5.570299 0.172848
v -0.043105 -5.570299 0.172848
v -0.043105 -5.570299 0.172848
v -0.043105 -5.570299 0.172848
v -0.043105 -5.570299 0.172848
v -0.050914 -5.570299 0.165906
v -0.050914 -5.570299 0.165906
v -0.050914 -5.570299 0.165906
v -0.050914 -5.570299 0.165906
v -0.050914 -5.570299 0.165906
v -0.050914 -5.570299 0.165906
v -0.060754 -5.570299 0.161449
v -0.060754 -5.570299 0.161449
v -0.060754 -5.570299 0.161449
v -0.060754 -5.570299 0.161449
v -0.060754 -5.570299 0.161449
v -0.060754 -5.570299 0.161449
v -0.071662 -5.570299 0.159914
v -0.071662 -5.570299 0.159914
v -0.071662 -5.570299 0.159914
v -0.071662 -5.570299 0.159914
v -0.071662 -5.570299 0.159914
v -0.071662 -5.570299 0.159914
v -0.082570 -5.570299 0.161449
v -0.082570 -5.570299 0.161449
v -0.082570 -5.570299 0.161449
v -0.082570 -5.570299 0.161449
v -0.082570 -5.570299 0.161449
v -0.082570 -5.570299 0.161449
v -0.092410 -5.570299 0.165906
v -0.092410 -5.570299 0.165906
v -0.092410 -5.570299 0.165906
v -0.092410 -5.570299 0.165906
v -0.092410 -5.570299 0.165906
v -0.092410 -5.570299 0.165906
v -0.100220 -5.570299 0.172848
v -0.100220 -5.570299 0.172848
v -0.100220 -5.570299 0.172848
v -0.100220 -5.570299 0.172848
v -0.100220 -5.570299 0.172848
v -0.100220 -5.570299 0.172848
v -0.105234 -5.570299 0.181595
v -0.105234 -5.570299 0.181595
v -0.105234 -5.570299 0.181595
v -0.105234 -5.570299 0.181595
v -0.105234 -5.570299 0.181595
v -0.105234 -5.570299 0.181595
v -0.106961 -5.570299 0.191291
v -0.106961 -5.570299 0.191291
v -0.106961 -5.570299 0.191291
v -0.106961 -5.570299 0.191291
v -0.106961 -5.570299 0.191291
v -0.106961 -5.570299 0.191291
v -0.071662 -5.570299 0.191291
v -0.071662 -5.570299 0.191291
v -0.071662 -5.570299 0.191291
v -0.071662 -5.570299 0.191291
v -0.071662 -5.570299 0.191291
v -0.071662 -5.570299 0.191291
v -0.071662 -5.570299 0.191291
v -0.071662 -5.570299 0.191291
v -0.071662 -5.570299 0.191291
v -0.071662 -5.570299 0.191291
v -0.071662 -5.570299 0.191291
v -0.071662 -5.570299 0.191291
v -0.071662 -5.570299 0.191291
v -0.071662 -5.570299 0.191291
v -0.071662 -5.570299 0.191291
v -0.071662 -5.570299 0.191291
v -0.071662 -5.570299 0.191291
v -0.071662 -5.570299 0.191291
v -0.071662 -5.570299 0.191291
v -0.071662 -5.570299 0.191291
v -0.071662 -5.570299 0.191291
v -0.071662 -5.570299 0.191291
v -0.071662 -5.570299 0.191291
v -0.071662 -5.570299 0.191291
v -0.071662 -5.570299 0.191291
v -0.071662 -5.570299 0.191291
v -0.071662 -5.570299 0.191291
v -0.071662 -5.570299 0.191291
v -0.071662 -5.570299 0.191291
v -0.071662 -5.570299 0.191291
v -0.071662 -5.570299 0.191291
v -0.071662 -5.570299 0.191291
v -0.071662 -5.570299 0.191291
v -0.071662 -5.570299 0.191291
v -0.071662 -5.570299 0.191291
v -0.071662 -5.570299 0.191291
v -0.071662 -5.570299 0.191291
v -0.071662 -5.570299 0.191291
v -0.071662 -5.570299 0.191291
v -0.105234 -5.570299 0.200987
v -0.105234 -5.570299 0.200987
v -0.100220 -5.570299 0.209734
v -0.100220 -5.570299 0.209734
v -0.092410 -5.570299 0.216675
v -0.092410 -5.570299 0.216675
v -0.082570 -5.570299 0.221132
v -0.082570 -5.570299 0.221132
v -0.071662 -5.570299 0.222668
v -0.071662 -5.570299 0.222668
v -0.060754 -5.570299 0.221132
v -0.060754 -5.570299 0.221132
v -0.050914 -5.570299 0.216675
v -0.050914 -5.570299 0.216675
v -0.043105 -5.570299 0.209734
v -0.043105 -5.570299 0.209734
v -0.038091 -5.570299 0.200987
v -0.038091 -5.570299 0.200987
v -0.036363 -5.570299 0.191291
v -0.036363 -5.570299 0.191291
v -0.038091 -5.570299 0.181595
v -0.038091 -5.570299 0.181595
v -0.043105 -5.570299 0.172848
v -0.043105 -5.570299 0.172848
v -0.050914 -5.570299 0.165906
v -0.050914 -5.570299 0.165906
v -0.060754 -5.570299 0.161449
v -0.060754 -5.570299 0.161449
v -0.071662 -5.570299 0.159914
v -0.071662 -5.570299 0.159914
v -0.082570 -5.570299 0.161449
v -0.082570 -5.570299 0.161449
v -0.092410 -5.570299 0.165906
v -0.092410 -5.570299 0.165906
v -0.100220 -5.570299 0.172848
v -0.100220 -5.570299 0.172848
v -0.105234 -5.570299 0.181595
v -0.105234 -5.570299 0.181595
v -0.106961 -5.570299 0.191291
v -0.106961 -5.570299 0.191291
v -0.071662 -5.570299 0.191291
v -0.071662 -5.570299 0.191291
v -0.071662 -5.570299 0.191291
v -0.071662 -5.570299 0.191291
v -0.071662 -5.570299 0.191291
v -0.071662 -5.570299 0.191291
v -0.071662 -5.570299 0.191291
v -0.071662 -5.570299 0.191291
v -0.071662 -5.570299 0.191291
v -0.071662 -5.570299 0.191291
v -0.071662 -5.570299 0.191291
v -0.071662 -5.570299 0.191291
v -0.071662 -5.570299 0.191291
v -0.071662 -5.570299 0.191291
v -0.071662 -5.570299 0.191291
v -0.071662 -5.570299 0.191291
v -0.071662 -5.570299 0.191291
v -0.071662 -5.570299 0.191291
v -0.071662 -5.570299 0.191291
vn -0.9985 -0.0505 0.0190
vn -0.9749 -0.0718 0.2109
vn -0.9988 -0.0472 -0.0091
vn -0.0000 0.4505 -0.8928
vn 0.9749 -0.0718 0.2109
vn 0.9985 -0.0505 0.0190
vn 0.9988 -0.0472 -0.0091
vn -0.0000 -0.9818 -0.1901
vn -0.0000 -0.3211 0.9470
vn -0.0000 0.1238 -0.9923
vn -0.9928 0.0091 0.1196
vn -0.9935 -0.0101 0.1136
vn -0.9876 0.0727 0.1392
vn -0.0000 0.5140 0.8578
vn 0.9928 0.0091 0.1196
vn 0.9935 -0.0101 0.1136
vn 0.9936 -0.0508 0.1007
vn -0.0000 -0.5468 -0.8373
vn -0.0272 -0.0465 -0.9985
vn -0.1669 -0.0642 -0.9839
vn 0.0072 -0.0419 -0.9991
vn 0.8697 0.4936 -0.0000
vn -0.1669 -0.0642 0.9839
vn -0.0272 -0.0465 0.9985
vn 0.0072 -0.0419 0.9991
vn 0.1696 -0.9855 -0.0000
vn -0.9343 -0.3564 -0.0000
vn 0.9903 0.1390 -0.0000
vn -0.0890 -0.0047 -0.9960
vn -0.0707 -0.0053 -0.9975
vn -0.0126 -0.0072 -0.9999
vn -0.8292 0.5590 -0.0000
vn -0.0890 -0.0047 0.9960
vn -0.0707 -0.0053 0.9975
vn -0.1416 -0.0029 0.9899
vn 0.8059 -0.5921 -0.0000
vn 0.9985 0.0505 0.0190
vn 0.9749 0.0718 0.2109
vn 0.9988 0.0472 -0.0091
vn -0.0000 -0.4505 -0.8928
vn -0.9749 0.0718 0.2109
vn -0.9985 0.0505 0.0190
vn -0.9988 0.0472 -0.0091
vn -0.0000 0.9818 -0.1901
vn -0.0000 0.3211 0.9470
vn -0.0000 -0.1238 -0.9923
vn 0.9928 -0.0091 0.1196
vn 0.9935 0.0101 0.1136
vn 0.9876 -0.0727 0.1392
vn -0.0000 -0.5140 0.8578
vn -0.9928 -0.0091 0.1196
vn -0.9935 0.0101 0.1136
vn -0.9936 0.0508 0.1007
vn -0.0000 0.5468 -0.8373
vn -0.0272 0.0465 0.9985
vn -0.1669 0.0642 0.9839
vn 0.0072 0.0419 0.9991
vn 0.8697 -0.4937 -0.0000
vn -0.1669 0.0642 -0.9839
vn -0.0272 0.0465 -0.9985
vn 0.0072 0.0419 -0.9991
vn 0.1696 0.9855 -0.0000
vn -0.9343 0.3564 -0.0000
vn 0.9903 -0.1390 -0.0000
vn -0.0890 0.0047 0.9960
vn -0.0707 0.0053 0.9975
vn -0.0126 0.0072 0.9999
vn -0.8292 -0.5590 -0.0000
vn -0.0890 0.0047 -0.9960
vn -0.0707 0.0053 -0.9975
vn -0.1416 0.0029 -0.9899
vn 0.8059 0.5921 -0.0000
vn -0.7347 -0.5286 0.4252
vn -0.5827 -0.5174 0.6267
vn -0.7763 -0.5336 0.3356
vn -0.4982 -0.5093 0.7018
vn -0.3074 -0.5017 0.8086
vn -0.2325 -0.4976 0.8356
vn 0.0007 -0.4967 0.8679
vn 0.2409 -0.4838 0.8414
vn -0.0044 -0.4956 0.8686
vn 0.5010 -0.5077 0.7009
vn 0.3207 -0.4935 0.8085
vn 0.7347 -0.5286 0.4252
vn 0.5824 -0.5189 0.6258
vn 0.8415 -0.5402 -0.0000
vn 0.7763 -0.5336 0.3356
vn 0.7763 -0.5336 -0.3356
vn 0.7347 -0.5286 -0.4252
vn 0.5827 -0.5174 -0.6267
vn 0.4982 -0.5093 -0.7018
vn 0.3074 -0.5017 -0.8086
vn 0.2325 -0.4976 -0.8356
vn -0.0000 -0.4956 -0.8686
vn -0.2325 -0.4976 -0.8356
vn -0.4982 -0.5093 -0.7018
vn -0.3074 -0.5017 -0.8086
vn -0.7347 -0.5286 -0.4252
vn -0.5827 -0.5174 -0.6267
vn -0.8415 -0.5402 -0.0000
vn -0.7763 -0.5336 -0.3356
vn -0.0000 1.0000 -0.0000
vn -0.9422 0.0668 0.3283
vn -0.9831 0.1829 -0.0000
vn -0.9984 0.0560 0.0001
vn -0.9425 0.0668 -0.3275
vn -0.9109 0.2346 -0.3394
vn -0.7063 0.0648 -0.7050
vn -0.6894 0.2396 -0.6836
vn -0.3708 0.0612 -0.9267
vn -0.3714 0.2283 -0.9000
vn -0.0007 0.0600 -0.9982
vn -0.0000 0.2230 -0.9748
vn 0.3714 0.2282 -0.9000
vn 0.3699 0.0613 -0.9271
vn 0.6895 0.2396 -0.6835
vn 0.7057 0.0648 -0.7056
vn 0.9109 0.2346 -0.3394
vn 0.9423 0.0667 -0.3280
vn 0.9831 0.1829 -0.0000
vn 0.9984 0.0560 -0.0001
vn 0.9425 0.0668 0.3276
vn 0.9109 0.2346 0.3394
vn 0.7063 0.0648 0.7050
vn 0.6895 0.2396 0.6835
vn 0.3706 0.0613 0.9268
vn 0.3714 0.2283 0.9000
vn 0.0007 0.0600 0.9982
vn -0.0000 0.2230 0.9748
vn -0.3634 0.2297 0.9029
vn -0.3628 0.0600 0.9299
vn -0.7029 0.2346 0.6714
vn -0.7104 0.0558 0.7016
vn -0.9088 0.2377 0.3429
vn -0.8429 0.4136 0.3442
vn -0.8854 0.4648 -0.0000
vn -0.9187 0.3948 0.0020
vn -0.8400 0.4164 -0.3478
vn -0.8149 0.4835 -0.3197
vn -0.6398 0.4049 -0.6532
vn -0.6535 0.4761 -0.5884
vn -0.3547 0.3869 -0.8512
vn -0.4024 0.4682 -0.7867
vn -0.0140 0.3813 -0.9243
vn -0.0028 0.4681 -0.8837
vn 0.3975 0.4660 -0.7905
vn 0.3346 0.3874 -0.8590
vn 0.6503 0.4737 -0.5939
vn 0.6283 0.4033 -0.6653
vn 0.8146 0.4823 -0.3223
vn 0.8386 0.4135 -0.3546
vn 0.8845 0.4665 -0.0000
vn 0.9187 0.3948 -0.0020
vn 0.8401 0.4164 0.3478
vn 0.8146 0.4823 0.3223
vn 0.6398 0.4049 0.6532
vn 0.6503 0.4737 0.5939
vn 0.3547 0.3869 0.8512
vn 0.3975 0.4660 0.7905
vn 0.0140 0.3813 0.9243
vn -0.0028 0.4681 0.8837
vn -0.4024 0.4682 0.7867
vn -0.3336 0.3878 0.8593
vn -0.6535 0.4761 0.5884
vn -0.6201 0.4112 0.6681
vn -0.7579 0.5354 0.3727
vn -0.9640 -0.2658 -0.0014
vn -0.9427 -0.1043 0.3170
vn -0.9974 -0.0726 -0.0000
vn -0.9429 -0.1043 -0.3162
vn -0.8885 -0.2937 -0.3525
vn -0.7164 -0.1082 -0.6892
vn -0.6652 -0.2884 -0.6887
vn -0.3819 -0.1023 -0.9185
vn -0.3523 -0.2749 -0.8946
vn -0.0000 -0.0997 -0.9950
vn 0.0010 -0.2690 -0.9631
vn 0.3588 -0.2744 -0.8922
vn 0.3820 -0.1022 -0.9185
vn 0.6691 -0.2874 -0.6854
vn 0.7165 -0.1082 -0.6892
vn 0.8895 -0.2930 -0.3505
vn 0.9430 -0.1043 -0.3162
vn 0.9640 -0.2658 0.0014
vn 0.9974 -0.0726 -0.0000
vn 0.9430 -0.1043 0.3161
vn 0.8885 -0.2937 0.3525
vn 0.7164 -0.1082 0.6892
vn 0.6652 -0.2884 0.6887
vn 0.3819 -0.1023 0.9185
vn 0.3524 -0.2748 0.8946
vn -0.0000 -0.0996 0.9950
vn -0.0010 -0.2690 0.9631
vn -0.3587 -0.2744 0.8922
vn -0.3818 -0.1023 0.9186
vn -0.6691 -0.2874 0.6854
vn -0.7165 -0.1082 0.6892
vn -0.8857 -0.2975 0.3564
vn -0.7925 0.6098 -0.0000
vn -0.7314 0.6010 -0.3225
vn -0.5497 0.5826 -0.5987
vn -0.2903 0.5646 -0.7727
vn 0.0030 0.5568 -0.8306
vn 0.2955 0.5617 -0.7728
vn 0.5572 0.5754 -0.5986
vn 0.7398 0.5901 -0.3232
vn 0.8041 0.5945 -0.0000
vn 0.7398 0.5901 0.3232
vn 0.5571 0.5755 0.5987
vn 0.2943 0.5621 0.7729
vn 0.0030 0.5568 0.8306
vn -0.2897 0.5647 0.7727
vn -0.5497 0.5826 0.5987
vn -0.7338 0.5989 0.3207
vn -0.9146 -0.4044 -0.0079
vn -0.8314 -0.4285 -0.3538
vn -0.6175 -0.4273 -0.6604
vn -0.3263 -0.4102 -0.8516
vn 0.0058 -0.4014 -0.9159
vn 0.3600 -0.4063 -0.8399
vn 0.6424 -0.4191 -0.6417
vn 0.8402 -0.4240 -0.3380
vn 0.9146 -0.4044 0.0079
vn 0.8314 -0.4285 0.3538
vn 0.6175 -0.4273 0.6604
vn 0.3263 -0.4102 0.8516
vn -0.0058 -0.4014 0.9159
vn -0.3600 -0.4063 0.8399
vn -0.6424 -0.4191 0.6417
vn -0.8224 -0.4380 0.3631
vn -0.6115 0.6440 0.4597
vn -0.6233 0.6352 0.4560
vn -0.3938 0.6367 0.6630
vn -0.1341 0.6378 0.7584
vn 0.1322 0.6506 0.7478
vn 0.3777 0.6729 0.6360
vn 0.5728 0.6975 0.4306
vn 0.6833 0.7139 0.1529
vn 0.6833 0.7139 -0.1529
vn 0.5728 0.6975 -0.4306
vn 0.3777 0.6729 -0.6360
vn 0.1322 0.6506 -0.7478
vn -0.1341 0.6378 -0.7584
vn -0.3938 0.6367 -0.6630
vn -0.6115 0.6440 -0.4597
vn -0.6234 0.6352 -0.4560
vn -0.6270 0.6302 -0.4579
vn -0.7403 0.6516 -0.1657
vn -0.7407 0.6511 -0.1658
vn -0.7415 0.6502 -0.1659
vn -0.7403 0.6516 0.1657
vn -0.7407 0.6511 0.1658
vn -0.6270 0.6302 0.4579
vn -0.6164 0.6367 0.4633
vn -0.4008 0.6196 0.6749
vn -0.1382 0.6083 0.7816
vn 0.1382 0.6083 0.7816
vn 0.4008 0.6196 0.6749
vn 0.6164 0.6367 0.4633
vn 0.7419 0.6496 0.1660
vn 0.7419 0.6496 -0.1660
vn 0.6164 0.6367 -0.4633
vn 0.4008 0.6196 -0.6749
vn 0.1382 0.6083 -0.7816
vn -0.1382 0.6083 -0.7816
vn -0.4008 0.6196 -0.6749
vn -0.6164 0.6367 -0.4633
vn -0.7419 0.6496 -0.1660
vn -0.7415 0.6502 0.1659
vn -0.7419 0.6496 0.1660
vn -0.5911 0.6731 0.4443
vn -0.3852 0.6565 0.6486
vn -0.1330 0.6454 0.7522
vn 0.1330 0.6454 0.7522
vn 0.3852 0.6565 0.6486
vn 0.5911 0.6731 0.4443
vn 0.7103 0.6857 0.1590
vn 0.7103 0.6857 -0.1590
vn 0.5911 0.6731 -0.4443
vn 0.5912 0.6731 -0.4443
vn 0.3852 0.6565 -0.6486
vn 0.1330 0.6454 -0.7522
vn -0.1330 0.6454 -0.7522
vn -0.3852 0.6565 -0.6486
vn -0.5912 0.6731 -0.4443
vn -0.5911 0.6731 -0.4443
vn -0.7103 0.6857 -0.1590
vn -0.7103 0.6857 0.1590
vn -0.7984 0.6022 -0.0000
vn -0.6961 0.5900 -0.4090
vn -0.4710 0.5703 -0.6730
vn -0.2167 0.5585 -0.8007
vn -0.0000 0.5569 -0.8306
vn 0.2167 0.5585 -0.8007
vn 0.4710 0.5703 -0.6730
vn 0.6961 0.5900 -0.4090
vn 0.7984 0.6022 -0.0000
vn 0.6961 0.5900 0.4090
vn 0.4710 0.5703 0.6730
vn 0.2166 0.5585 0.8007
vn -0.0000 0.5569 0.8306
vn -0.2167 0.5585 0.8007
vn -0.4710 0.5703 0.6730
vn -0.6961 0.5900 0.4090
vn -0.0000 -1.0000 -0.0000
vn 0.6066 -0.0000 -0.7950
vn 0.8857 -0.0000 -0.4643
vn 0.3571 -0.0000 -0.9341
vn 0.6074 -0.0000 -0.7944
vn 0.1074 -0.0000 -0.9942
vn 0.2112 -0.0000 -0.9774
vn -0.1578 -0.0000 -0.9875
vn -0.3623 -0.0000 -0.9321
vn -0.6138 -0.0000 -0.7895
vn -0.6066 -0.0000 -0.7950
vn -0.8857 -0.0000 -0.4643
vn -0.9560 -0.0000 -0.2933
vn -0.9835 -0.0000 -0.1811
vn -0.9560 -0.0000 0.2933
vn -0.9835 -0.0000 0.1811
vn -0.7530 -0.0000 0.6580
vn -0.8364 -0.0000 0.5481
vn -0.4542 -0.0000 0.8909
vn -0.6074 -0.0000 0.7944
vn -0.1074 -0.0000 0.9942
vn -0.2112 -0.0000 0.9774
vn 0.1074 -0.0000 0.9942
vn 0.2112 -0.0000 0.9774
vn 0.3571 -0.0000 0.9341
vn 0.6074 -0.0000 0.7944
vn 0.7531 -0.0000 0.6580
vn 0.8364 -0.0000 0.5481
vn 0.9560 -0.0000 0.2933
vn 0.9835 -0.0000 0.1811
vn 0.9560 -0.0000 -0.2933
vn 0.9835 -0.0000 -0.1811
vn -0.7861 -0.0000 0.6182
vn -0.5374 -0.0000 0.8433
vn -0.4690 -0.0000 0.8832
vn -0.1338 -0.0000 0.9910
vn -0.1772 -0.0000 0.9842
vn 0.1749 -0.0000 0.9846
vn 0.5437 -0.0000 0.8393
vn 0.4751 -0.0000 0.8799
vn 0.7861 -0.0000 0.6182
vn 0.9765 -0.0000 0.2157
vn 0.9765 -0.0000 -0.2157
vn 0.7861 -0.0000 -0.6182
vn 0.5374 -0.0000 -0.8433
vn 0.1338 -0.0000 -0.9910
vn 0.1772 -0.0000 -0.9842
vn -0.1338 -0.0000 -0.9910
vn -0.1772 -0.0000 -0.9842
vn -0.5374 -0.0000 -0.8433
vn -0.4690 -0.0000 -0.8832
vn -0.7861 -0.0000 -0.6182
vn -0.9765 -0.0000 -0.2157
vn -0.9765 -0.0000 0.2157
vn 0.7993 -0.0000 -0.6009
vn 0.5106 -0.0000 -0.8598
vn 0.1741 -0.0000 -0.9847
vn -0.1646 -0.0000 -0.9864
vn -0.5226 -0.0000 -0.8526
vn -0.7993 -0.0000 -0.6009
vn -0.9759 -0.0000 -0.2184
vn -0.9759 -0.0000 0.2184
vn -0.7993 -0.0000 0.6009
vn -0.5106 -0.0000 0.8598
vn -0.1741 -0.0000 0.9847
vn 0.1741 -0.0000 0.9847
vn 0.5106 -0.0000 0.8598
vn 0.7994 -0.0000 0.6009
vn 0.9759 -0.0000 0.2184
vn 0.9759 -0.0000 -0.2184
vn -0.7740 0.2844 0.5657
vn -0.6129 0.3903 0.6871
vn -0.8228 0.2257 0.5216
vn -0.5625 0.4191 0.7127
vn -0.4304 0.4426 0.7867
vn -0.3854 0.4579 0.8011
vn -0.2570 0.4637 0.8479
vn -0.2206 0.4715 0.8539
vn -0.0081 0.4837 0.8752
vn 0.0124 0.4843 0.8748
vn 0.2723 0.4805 0.8337
vn 0.4519 0.4660 0.7607
vn 0.2584 0.4832 0.8365
vn 0.6540 0.4116 0.6347
vn 0.4827 0.4564 0.7475
vn 0.8706 0.2345 0.4325
vn 0.6933 0.3873 0.6078
vn 0.9658 -0.0857 0.2446
vn 0.8949 0.1971 0.4003
vn 0.9341 -0.2805 0.2208
vn 0.9633 -0.0129 0.2681
vn 0.8880 -0.4100 0.2083
vn 0.7659 -0.5695 0.2984
vn 0.7008 -0.6426 0.3097
vn 0.5322 -0.7269 0.4340
vn 0.4768 -0.7573 0.4463
vn 0.2610 -0.7984 0.5427
vn 0.0161 -0.8114 0.5843
vn 0.2379 -0.8030 0.5464
vn -0.2169 -0.7986 0.5614
vn -0.0220 -0.8102 0.5857
vn -0.4469 -0.7541 0.4812
vn -0.2900 -0.7782 0.5570
vn -0.6635 -0.6500 0.3705
vn -0.5225 -0.7091 0.4734
vn -0.8580 -0.4183 0.2982
vn -0.7423 -0.5599 0.3681
vn -0.9288 -0.0580 0.3661
vn -0.9106 -0.2566 0.3239
vn -0.9244 0.0024 0.3814
vn 0.2432 -0.0180 0.9698
vn 0.2476 0.0092 0.9688
vn 0.9937 -0.1121 -0.0003
vn 0.2327 -0.0614 0.9706
vn 0.1861 -0.1114 0.9762
vn 0.0213 -0.1325 0.9910
vn -0.1256 -0.1039 0.9866
vn -0.1644 -0.0614 0.9845
vn -0.1704 -0.0236 0.9851
vn -0.1798 -0.0037 0.9837
vn -0.1920 -0.0064 0.9814
vn -0.1915 -0.0151 0.9814
vn -0.1897 -0.0135 0.9818
vn -0.1707 0.0127 0.9852
vn -0.3387 0.0048 0.9409
vn 0.6716 0.1253 0.7303
vn 0.3336 0.0170 0.9426
vn 0.2534 0.0100 0.9673
vn 0.2704 -0.0135 0.9626
vn 0.2686 -0.0058 0.9632
vn 0.2668 0.0058 0.9637
vn -0.5298 0.1131 -0.8405
vn -0.1937 0.0607 -0.9792
vn -0.1654 0.0972 -0.9814
vn -0.0346 0.1134 -0.9930
vn 0.1299 0.0912 -0.9873
vn 0.1160 0.0615 -0.9913
vn 0.1061 0.0281 -0.9940
vn 0.1335 0.0189 -0.9909
vn 0.1451 0.0183 -0.9892
vn 0.1177 -0.0117 -0.9930
vn 0.9254 -0.0663 -0.3733
vn -0.0502 -0.0611 -0.9969
vn -0.8813 -0.0428 -0.4706
vn -0.2055 -0.0088 -0.9786
vn -0.2257 0.0133 -0.9741
vn -0.2163 0.0113 -0.9763
vn -0.1622 0.0215 -0.9865
vn -0.4103 0.0939 -0.9071
vn -0.3983 0.0966 -0.9122
vn -0.4220 0.0912 -0.9020
vn -0.3340 0.1541 -0.9299
vn -0.3555 0.1565 -0.9215
vn -0.3649 0.1575 -0.9176
vn -0.2365 0.2025 -0.9503
vn -0.2587 0.2115 -0.9425
vn -0.2615 0.2126 -0.9415
vn -0.1120 0.2365 -0.9652
vn -0.1174 0.2410 -0.9634
vn -0.1179 0.2414 -0.9632
vn 0.0308 0.2362 -0.9712
vn 0.0391 0.2433 -0.9692
vn 0.0297 0.2353 -0.9715
vn 0.1588 0.2053 -0.9657
vn 0.1824 0.2145 -0.9595
vn 0.1552 0.2039 -0.9666
vn 0.2621 0.1586 -0.9519
vn 0.2808 0.1602 -0.9463
vn 0.2506 0.1575 -0.9552
vn 0.3399 0.0983 -0.9353
vn 0.3266 0.1014 -0.9397
vn 0.3158 0.1039 -0.9431
vn 0.3657 0.0361 -0.9300
vn 0.3554 0.0430 -0.9337
vn 0.3527 0.0448 -0.9347
vn 0.3588 -0.0166 -0.9333
vn 0.3554 -0.0182 -0.9345
vn 0.3596 -0.0162 -0.9330
vn 0.3259 -0.0694 -0.9429
vn 0.3179 -0.0705 -0.9455
vn 0.3360 -0.0679 -0.9394
vn 0.2418 -0.1153 -0.9635
vn 0.2643 -0.1191 -0.9571
vn 0.2729 -0.1206 -0.9544
vn 0.1372 -0.1490 -0.9793
vn 0.1619 -0.1613 -0.9735
vn 0.1648 -0.1627 -0.9728
vn 0.0144 -0.1740 -0.9846
vn 0.0209 -0.1803 -0.9834
vn 0.0214 -0.1808 -0.9833
vn -0.1187 -0.1713 -0.9780
vn -0.1294 -0.1810 -0.9749
vn -0.1173 -0.1701 -0.9784
vn -0.2358 -0.1468 -0.9607
vn -0.2634 -0.1597 -0.9514
vn -0.2319 -0.1450 -0.9619
vn -0.3337 -0.1146 -0.9357
vn -0.3543 -0.1175 -0.9277
vn -0.3235 -0.1131 -0.9394
vn -0.4087 -0.0699 -0.9100
vn -0.3996 -0.0717 -0.9139
vn -0.3913 -0.0733 -0.9173
vn -0.4325 -0.0204 -0.9014
vn -0.4327 -0.0203 -0.9013
vn -0.4328 -0.0203 -0.9013
vn -0.4386 0.0306 -0.8982
vn -0.4257 0.0398 -0.9040
vn -0.4415 0.0285 -0.8968
vn -0.7282 0.3496 0.5895
vn -0.6751 0.3487 0.6501
vn -0.7329 0.3496 0.5836
vn 0.7765 -0.3557 -0.5201
vn 0.7392 -0.3579 -0.5706
vn 0.7341 -0.3580 -0.5770
vn -0.5417 0.4372 0.7180
vn -0.4866 0.4204 0.7658
vn -0.5446 0.4380 0.7152
vn 0.5853 -0.4766 -0.6560
vn 0.5406 -0.4655 -0.7007
vn 0.5373 -0.4646 -0.7039
vn -0.3402 0.4749 0.8116
vn -0.3083 0.4548 0.8355
vn -0.3415 0.4758 0.8105
vn 0.3660 -0.5393 -0.7584
vn 0.3377 -0.5230 -0.7826
vn 0.3361 -0.5220 -0.7839
vn -0.1128 0.4909 0.8639
vn -0.1061 0.4822 0.8696
vn -0.1130 0.4913 0.8636
vn 0.1206 -0.5674 -0.8145
vn 0.1141 -0.5599 -0.8207
vn 0.1137 -0.5594 -0.8210
vn 0.1290 0.4876 0.8635
vn 0.1269 0.4992 0.8571
vn 0.1291 0.4871 0.8637
vn -0.1384 -0.5656 -0.8130
vn -0.1354 -0.5760 -0.8062
vn -0.1353 -0.5766 -0.8058
vn 0.3786 0.4913 0.7844
vn 0.3463 0.4685 0.8127
vn 0.3446 0.4673 0.8142
vn -0.4047 -0.5555 -0.7264
vn -0.3765 -0.5371 -0.7548
vn -0.4062 -0.5565 -0.7247
vn 0.6067 0.4470 0.6574
vn 0.5532 0.4297 0.7137
vn 0.5496 0.4284 0.7172
vn -0.6468 -0.4848 -0.5887
vn -0.6046 -0.4737 -0.6403
vn -0.6495 -0.4855 -0.5852
vn 0.8057 0.3355 0.4882
vn 0.7616 0.3358 0.5542
vn 0.7565 0.3357 0.5612
vn -0.8434 -0.3416 -0.4147
vn -0.8136 -0.3447 -0.4682
vn -0.8463 -0.3412 -0.4091
vn 0.9422 0.1105 0.3162
vn 0.9342 0.1143 0.3379
vn 0.9312 0.1157 0.3456
vn -0.9622 -0.1082 -0.2501
vn -0.9576 -0.1113 -0.2659
vn -0.9636 -0.1071 -0.2451
vn 0.9597 -0.2056 0.1915
vn 0.9499 -0.2150 0.2268
vn 0.9609 -0.2043 0.1868
vn -0.9735 0.1862 -0.1325
vn -0.9684 0.1939 -0.1569
vn -0.9674 0.1952 -0.1612
vn 0.8512 -0.4866 0.1967
vn 0.8130 -0.5035 0.2925
vn 0.8528 -0.4856 0.1921
vn -0.8783 0.4642 -0.1147
vn -0.8565 0.4818 -0.1851
vn -0.8548 0.4830 -0.1900
vn 0.6657 -0.6762 0.3156
vn 0.6099 -0.6718 0.4203
vn 0.6674 -0.6762 0.3121
vn -0.7020 0.6849 -0.1952
vn -0.6651 0.6918 -0.2810
vn -0.6632 0.6920 -0.2852
vn 0.4211 -0.7826 0.4585
vn 0.3820 -0.7592 0.5270
vn 0.4223 -0.7832 0.4564
vn -0.4528 0.8346 -0.3138
vn -0.4227 0.8242 -0.3768
vn -0.4213 0.8237 -0.3796
vn 0.1333 -0.8038 0.5797
vn 0.1290 -0.8180 0.5606
vn 0.1288 -0.8186 0.5598
vn -0.1469 0.8914 -0.4288
vn -0.1415 0.9012 -0.4096
vn -0.1471 0.8910 -0.4295
vn -0.1523 -0.8100 0.5663
vn -0.1388 -0.7952 0.5902
vn -0.1384 -0.7947 0.5910
vn 0.1670 0.8925 -0.4190
vn 0.1548 0.8831 -0.4428
vn 0.1674 0.8928 -0.4183
vn -0.4183 -0.7662 0.4878
vn -0.3706 -0.7444 0.5554
vn -0.3690 -0.7436 0.5576
vn 0.4550 0.8181 -0.3516
vn 0.4174 0.8089 -0.4141
vn 0.4562 0.8184 -0.3494
vn -0.6427 -0.6682 0.3748
vn -0.5777 -0.6653 0.4729
vn -0.5749 -0.6650 0.4767
vn 0.6891 0.6752 -0.2634
vn 0.6444 0.6828 -0.3445
vn 0.6908 0.6747 -0.2599
vn -0.8256 -0.4867 0.2856
vn -0.7796 -0.5035 0.3724
vn -0.7762 -0.5045 0.3782
vn 0.8634 0.4586 -0.2103
vn 0.8358 0.4757 -0.2741
vn 0.8651 0.4573 -0.2059
vn -0.9314 -0.1876 0.3120
vn -0.9219 -0.1943 0.3353
vn -0.9191 -0.1961 0.3417
vn 0.9528 0.1670 -0.2536
vn 0.9475 0.1722 -0.2693
vn 0.9542 0.1655 -0.2492
vn -0.8845 0.1465 0.4429
vn -0.8706 0.1514 0.4681
vn -0.8895 0.1446 0.4335
vn 0.9163 -0.1388 -0.3757
vn 0.9079 -0.1428 -0.3941
vn 0.9038 -0.1447 -0.4027
vn 0.5564 0.4003 0.7281
vn 0.4290 0.2796 0.8589
vn 0.3882 0.2634 0.8832
vn 0.7019 0.4615 0.5425
vn 0.6007 0.4027 0.6907
vn 0.8170 0.4841 0.3133
vn 0.7269 0.4516 0.5174
vn 0.8653 0.4935 0.0874
vn 0.8173 0.4778 0.3221
vn 0.8689 0.4938 0.0353
vn 0.8621 0.4780 -0.1681
vn 0.8423 0.4773 -0.2505
vn 0.7919 0.4413 -0.4221
vn 0.7465 0.4300 -0.5078
vn 0.6603 0.3646 -0.6565
vn 0.5982 0.3366 -0.7272
vn 0.4702 0.1964 -0.8604
vn 0.4282 0.1687 -0.8878
vn 0.2946 -0.1117 -0.9491
vn 0.2349 -0.3217 -0.9173
vn 0.2962 -0.0604 -0.9532
vn 0.2724 -0.5682 -0.7765
vn 0.2548 -0.4425 -0.8598
vn 0.3743 -0.7420 -0.5561
vn 0.3280 -0.6720 -0.6639
vn 0.4635 -0.8447 -0.2675
vn 0.4325 -0.8002 -0.4153
vn 0.4889 -0.8690 0.0756
vn 0.4945 -0.8577 -0.1407
vn 0.4628 -0.8190 0.3394
vn 0.5001 -0.8582 0.1157
vn 0.4252 -0.8140 0.3958
vn 0.3793 -0.7401 0.5553
vn 0.3077 -0.7007 0.6437
vn 0.2656 -0.6067 0.7492
vn 0.1930 -0.5233 0.8300
vn 0.1896 -0.3649 0.9116
vn 0.1606 -0.2601 0.9521
vn 0.2296 -0.0092 0.9733
vn 0.2251 0.0233 0.9741
vn 0.9743 -0.0903 -0.2065
vn 0.9733 -0.0505 -0.2239
vn 0.9304 -0.3596 -0.0713
vn 0.9786 -0.1453 -0.1457
vn 0.9815 -0.1865 -0.0434
vn 0.9776 -0.1949 0.0792
vn 0.9661 -0.1706 0.1938
vn 0.9521 -0.1241 0.2796
vn 0.9426 -0.0742 0.3256
vn 0.9402 -0.0436 0.3378
vn 0.9391 -0.0419 0.3411
vn 0.9381 -0.0521 0.3425
vn 0.9416 -0.0430 0.3341
vn 0.9588 -0.0043 0.2841
vn 0.9812 0.0241 0.1914
vn 0.9979 0.0633 0.0108
vn 0.9961 0.0182 -0.0865
vn 0.9833 -0.0217 -0.1809
vn 0.9722 -0.0622 -0.2259
vn 0.9709 -0.0647 -0.2308
vn 0.9725 -0.0486 -0.2279
vn -0.9929 0.1142 -0.0346
vn -0.9848 0.1380 0.1057
vn -0.9857 0.1666 0.0250
vn -0.9822 0.1731 -0.0726
vn -0.9738 0.1540 -0.1673
vn -0.9646 0.1221 -0.2337
vn -0.9588 0.0869 -0.2703
vn -0.9565 0.0626 -0.2850
vn -0.9563 0.0574 -0.2868
vn -0.9563 0.0582 -0.2864
vn -0.9601 0.0469 -0.2756
vn -0.9725 0.0148 -0.2326
vn -0.9196 -0.0269 -0.3919
vn -0.9988 -0.0211 -0.0441
vn -0.9905 0.0181 0.1360
vn -0.9912 0.0287 0.1294
vn -0.9839 0.0607 0.1678
vn -0.9820 0.0694 0.1759
vn -0.9824 0.0649 0.1752
vn -0.9825 0.0704 0.1727
vn -0.9831 0.1009 0.1530
vn -0.9050 0.1596 0.3943
vn -0.9076 0.1610 0.3878
vn -0.8980 0.1560 0.4114
vn -0.9206 0.2247 0.3193
vn -0.9193 0.2278 0.3209
vn -0.9099 0.2494 0.3316
vn -0.9391 0.2806 0.1985
vn -0.9379 0.2845 0.1987
vn -0.9333 0.2985 0.1997
vn -0.9493 0.3128 0.0311
vn -0.9487 0.3148 0.0300
vn -0.9477 0.3178 0.0284
vn -0.9379 0.3090 -0.1581
vn -0.9393 0.3065 -0.1545
vn -0.9411 0.3032 -0.1498
vn -0.9075 0.2668 -0.3245
vn -0.9111 0.2645 -0.3162
vn -0.9171 0.2604 -0.3018
vn -0.8744 0.2024 -0.4409
vn -0.8793 0.2024 -0.4311
vn -0.8884 0.2023 -0.4122
vn -0.8512 0.1315 -0.5082
vn -0.8567 0.1347 -0.4978
vn -0.8640 0.1390 -0.4840
vn -0.8466 0.0641 -0.5283
vn -0.8423 0.0690 -0.5347
vn -0.8503 0.0599 -0.5229
vn -0.8502 0.0064 -0.5264
vn -0.8514 0.0056 -0.5245
vn -0.8492 0.0071 -0.5281
vn -0.8714 -0.0486 -0.4882
vn -0.8740 -0.0490 -0.4835
vn -0.8641 -0.0473 -0.5011
vn -0.9089 -0.0968 -0.4057
vn -0.9072 -0.0975 -0.4092
vn -0.8973 -0.1017 -0.4296
vn -0.9498 -0.1341 -0.2828
vn -0.9481 -0.1364 -0.2873
vn -0.9422 -0.1441 -0.3025
vn -0.9804 -0.1545 -0.1221
vn -0.9804 -0.1547 -0.1223
vn -0.9791 -0.1589 -0.1267
vn -0.9874 -0.1478 0.0566
vn -0.9874 -0.1480 0.0565
vn -0.9883 -0.1398 0.0603
vn -0.9705 -0.1152 0.2119
vn -0.9697 -0.1162 0.2147
vn -0.9758 -0.1072 0.1904
vn -0.9427 -0.0701 0.3262
vn -0.9421 -0.0703 0.3279
vn -0.9509 -0.0678 0.3020
vn -0.9167 -0.0182 0.3992
vn -0.9186 -0.0192 0.3946
vn -0.9240 -0.0218 0.3819
vn -0.9030 0.0364 0.4281
vn -0.9029 0.0364 0.4283
vn -0.9029 0.0365 0.4284
vn -0.9013 0.0930 0.4231
vn -0.8975 0.0988 0.4297
vn -0.8920 0.1070 0.4391
vn 0.4796 0.3416 0.8083
vn 0.4785 0.3421 0.8087
vn 0.4494 0.3551 0.8197
vn -0.3996 -0.3496 -0.8474
vn -0.4060 -0.3463 -0.8457
vn -0.4244 -0.3368 -0.8405
vn 0.6367 0.4253 0.6432
vn 0.6323 0.4285 0.6454
vn 0.6105 0.4441 0.6558
vn -0.5626 -0.4682 -0.6814
vn -0.5667 -0.4651 -0.6801
vn -0.5837 -0.4520 -0.6745
vn 0.7585 0.4694 0.4521
vn 0.7566 0.4717 0.4528
vn 0.7453 0.4855 0.4570
vn -0.7012 -0.5363 -0.4697
vn -0.6972 -0.5384 -0.4733
vn -0.7154 -0.5288 -0.4567
vn 0.8433 0.4959 0.2072
vn 0.8435 0.4957 0.2071
vn 0.8395 0.5008 0.2109
vn -0.7914 -0.5755 -0.2062
vn -0.7898 -0.5771 -0.2075
vn -0.7947 -0.5720 -0.2032
vn 0.8652 0.4945 -0.0833
vn 0.8651 0.4947 -0.0832
vn 0.8688 0.4879 -0.0841
vn -0.8111 -0.5761 0.1010
vn -0.8128 -0.5736 0.1016
vn -0.8078 -0.5810 0.0998
vn 0.8099 0.4586 -0.3658
vn 0.8074 0.4618 -0.3672
vn 0.8203 0.4446 -0.3597
vn -0.7478 -0.5273 0.4035
vn -0.7513 -0.5230 0.4024
vn -0.7374 -0.5395 0.4064
vn 0.6933 0.3906 -0.6056
vn 0.6871 0.3952 -0.6097
vn 0.7123 0.3764 -0.5924
vn -0.6189 -0.4297 0.6575
vn -0.6233 -0.4264 0.6555
vn -0.6007 -0.4429 0.6656
vn 0.5280 0.2704 -0.8050
vn 0.5254 0.2715 -0.8064
vn 0.5528 0.2596 -0.7918
vn -0.4525 -0.2761 0.8479
vn -0.4583 -0.2733 0.8457
vn -0.4343 -0.2848 0.8545
vn 0.3513 0.0554 -0.9346
vn 0.3494 0.0551 -0.9354
vn 0.3657 0.0579 -0.9289
vn -0.2955 -0.0545 0.9538
vn -0.2916 -0.0537 0.9550
vn -0.2828 -0.0519 0.9578
vn 0.2406 -0.2333 -0.9422
vn 0.2420 -0.2330 -0.9419
vn 0.2197 -0.2367 -0.9464
vn -0.1881 0.2123 0.9589
vn -0.1937 0.2112 0.9581
vn -0.2059 0.2087 0.9561
vn 0.2620 -0.4984 -0.8264
vn 0.2478 -0.5008 -0.8294
vn 0.2089 -0.5067 -0.8364
vn -0.1753 0.4723 0.8638
vn -0.1832 0.4708 0.8630
vn -0.2129 0.4647 0.8595
vn 0.3575 -0.6874 -0.6321
vn 0.3366 -0.6934 -0.6371
vn 0.2986 -0.7033 -0.6452
vn -0.2315 0.6908 0.6850
vn -0.2400 0.6886 0.6843
vn -0.2740 0.6793 0.6808
vn 0.4482 -0.8099 -0.3784
vn 0.4445 -0.8117 -0.3789
vn 0.4132 -0.8263 -0.3828
vn -0.3043 0.8528 0.4245
vn -0.3174 0.8479 0.4247
vn -0.3395 0.8392 0.4248
vn 0.4980 -0.8646 -0.0669
vn 0.5016 -0.8624 -0.0676
vn 0.4892 -0.8697 -0.0652
vn -0.3509 0.9319 0.0920
vn -0.3579 0.9290 0.0938
vn -0.3644 0.9264 0.0954
vn 0.4763 -0.8427 0.2512
vn 0.4815 -0.8394 0.2521
vn 0.4911 -0.8333 0.2538
vn -0.3308 0.9094 -0.2523
vn -0.3390 0.9056 -0.2547
vn -0.3228 0.9128 -0.2500
vn 0.3909 -0.7614 0.5172
vn 0.3980 -0.7581 0.5165
vn 0.4274 -0.7441 0.5135
vn -0.2515 0.8013 -0.5428
vn -0.2704 0.7942 -0.5441
vn -0.2302 0.8088 -0.5411
vn 0.2803 -0.6349 0.7199
vn 0.2793 -0.6352 0.7201
vn 0.3267 -0.6217 0.7119
vn -0.1592 0.6323 -0.7582
vn -0.1786 0.6272 -0.7581
vn -0.1289 0.6395 -0.7579
vn 0.1779 -0.4411 0.8797
vn 0.1817 -0.4404 0.8792
vn 0.2239 -0.4325 0.8734
vn -0.0961 0.4066 -0.9086
vn -0.1127 0.4031 -0.9082
vn -0.0702 0.4118 -0.9086
vn 0.1692 -0.1505 0.9740
vn 0.1749 -0.1494 0.9732
vn 0.1893 -0.1466 0.9709
vn -0.1169 0.1273 -0.9849
vn -0.1236 0.1259 -0.9843
vn -0.1074 0.1294 -0.9858
vn 0.2974 0.1543 0.9422
vn 0.3010 0.1529 0.9413
vn 0.2828 0.1595 0.9458
vn -0.2396 -0.1490 -0.9594
vn -0.2330 -0.1478 -0.9612
vn -0.2519 -0.1513 -0.9558
vn -0.8441 -0.2810 -0.4566
vn -0.6826 -0.4189 -0.5988
vn -0.8754 -0.2358 -0.4219
vn -0.6431 -0.4451 -0.6231
vn -0.5055 -0.4844 -0.7140
vn -0.4706 -0.4981 -0.7283
vn -0.3334 -0.5145 -0.7901
vn -0.3097 -0.5205 -0.7957
vn -0.0888 -0.5426 -0.8353
vn 0.1692 -0.5475 -0.8195
vn -0.0846 -0.5423 -0.8359
vn 0.3650 -0.5324 -0.7638
vn 0.1986 -0.5433 -0.8157
vn 0.5727 -0.4793 -0.6650
vn 0.4098 -0.5182 -0.7507
vn 0.8044 -0.3101 -0.5068
vn 0.6269 -0.4462 -0.6386
vn 0.9367 0.0292 -0.3488
vn 0.8473 -0.2497 -0.4688
vn 0.9158 0.2244 -0.3330
vn 0.9334 -0.0223 -0.3581
vn 0.8703 0.3689 -0.3265
vn 0.7565 0.5068 -0.4133
vn 0.6765 0.6011 -0.4255
vn 0.5259 0.6621 -0.5339
vn 0.4374 0.7142 -0.5465
vn 0.2679 0.7378 -0.6195
vn 0.1822 0.7598 -0.6241
vn -0.0157 0.7686 -0.6395
vn -0.0607 0.7690 -0.6364
vn -0.2845 0.7592 -0.5854
vn -0.4821 0.7305 -0.4837
vn -0.2684 0.7624 -0.5889
vn -0.6855 0.6412 -0.3449
vn -0.5295 0.7056 -0.4710
vn -0.8753 0.4210 -0.2381
vn -0.7505 0.5719 -0.3312
vn -0.9598 0.0715 -0.2715
vn -0.9294 0.2733 -0.2479
vn -0.9563 -0.0127 -0.2920
vn 0.1603 -0.0576 -0.9854
vn 0.1643 -0.0845 -0.9828
vn 0.9940 0.1092 -0.0109
vn 0.1516 -0.0140 -0.9883
vn 0.1085 0.0378 -0.9934
vn -0.0510 0.0631 -0.9967
vn -0.2028 0.0406 -0.9784
vn -0.2449 0.0006 -0.9695
vn -0.2529 -0.0367 -0.9668
vn -0.2627 -0.0565 -0.9632
vn -0.2744 -0.0524 -0.9602
vn -0.2737 -0.0444 -0.9608
vn -0.2718 -0.0463 -0.9612
vn -0.2533 -0.0737 -0.9646
vn -0.4081 -0.0647 -0.9107
vn 0.6305 -0.1847 -0.7539
vn 0.2575 -0.0887 -0.9622
vn 0.1706 -0.0852 -0.9817
vn 0.1881 -0.0623 -0.9802
vn 0.1859 -0.0702 -0.9801
vn 0.1837 -0.0824 -0.9795
vn -0.4818 -0.0536 0.8746
vn -0.1122 0.0139 0.9936
vn -0.0869 -0.0242 0.9959
vn 0.0402 -0.0439 0.9982
vn 0.2071 -0.0266 0.9780
vn 0.1973 0.0015 0.9803
vn 0.1901 0.0345 0.9812
vn 0.2170 0.0433 0.9752
vn 0.2270 0.0439 0.9729
vn 0.2013 0.0748 0.9767
vn 0.9312 0.0867 0.3541
vn 0.0387 0.1307 0.9907
vn -0.8700 0.0815 0.4863
vn -0.1220 0.0833 0.9890
vn -0.1431 0.0616 0.9878
vn -0.1315 0.0638 0.9893
vn -0.0769 0.0538 0.9956
vn -0.3341 -0.0152 0.9424
vn -0.3184 -0.0188 0.9478
vn -0.3442 -0.0129 0.9388
vn -0.2591 -0.0769 0.9628
vn -0.2767 -0.0786 0.9577
vn -0.2885 -0.0797 0.9542
vn -0.1607 -0.1275 0.9787
vn -0.1828 -0.1358 0.9737
vn -0.1860 -0.1370 0.9729
vn -0.0366 -0.1654 0.9855
vn -0.0423 -0.1698 0.9846
vn -0.0428 -0.1702 0.9845
vn 0.1062 -0.1710 0.9795
vn 0.1140 -0.1784 0.9773
vn 0.1050 -0.1698 0.9799
vn 0.2342 -0.1456 0.9612
vn 0.2578 -0.1566 0.9534
vn 0.2310 -0.1441 0.9622
vn 0.3365 -0.1039 0.9359
vn 0.3586 -0.1073 0.9273
vn 0.3272 -0.1025 0.9394
vn 0.4153 -0.0483 0.9084
vn 0.4058 -0.0500 0.9126
vn 0.3933 -0.0521 0.9179
vn 0.4443 0.0130 0.8958
vn 0.4343 0.0069 0.9008
vn 0.4314 0.0052 0.9021
vn 0.4391 0.0665 0.8960
vn 0.4358 0.0683 0.8974
vn 0.4399 0.0661 0.8956
vn 0.4088 0.1214 0.9045
vn 0.3996 0.1233 0.9084
vn 0.4179 0.1194 0.9006
vn 0.3271 0.1722 0.9292
vn 0.3475 0.1746 0.9213
vn 0.3569 0.1757 0.9175
vn 0.2232 0.2108 0.9517
vn 0.2476 0.2217 0.9432
vn 0.2507 0.2231 0.9420
vn 0.1012 0.2402 0.9654
vn 0.1078 0.2463 0.9632
vn 0.1083 0.2468 0.9630
vn -0.0319 0.2417 0.9698
vn -0.0426 0.2515 0.9669
vn -0.0305 0.2404 0.9702
vn -0.1497 0.2200 0.9639
vn -0.1778 0.2333 0.9560
vn -0.1460 0.2182 0.9649
vn -0.2484 0.1897 0.9499
vn -0.2710 0.1931 0.9430
vn -0.2390 0.1883 0.9526
vn -0.3257 0.1467 0.9340
vn -0.3175 0.1482 0.9366
vn -0.3086 0.1499 0.9393
vn -0.3517 0.0980 0.9310
vn -0.3519 0.0978 0.9309
vn -0.3520 0.0978 0.9309
vn -0.3593 0.0476 0.9320
vn -0.3462 0.0382 0.9374
vn -0.3621 0.0496 0.9308
vn -0.7915 -0.3641 -0.4908
vn -0.7436 -0.3695 -0.5573
vn -0.7958 -0.3635 -0.4844
vn 0.8339 0.3633 0.4154
vn 0.8012 0.3706 0.4698
vn 0.7966 0.3715 0.4769
vn -0.6166 -0.4684 -0.6328
vn -0.5648 -0.4569 -0.6872
vn -0.6194 -0.4690 -0.6296
vn 0.6562 0.5021 0.5633
vn 0.6149 0.4958 0.6132
vn 0.6116 0.4952 0.6170
vn -0.4217 -0.5195 -0.7431
vn -0.3911 -0.5020 -0.7714
vn -0.4231 -0.5203 -0.7418
vn 0.4449 0.5797 0.6827
vn 0.4181 0.5659 0.7106
vn 0.4165 0.5650 0.7123
vn -0.1976 -0.5457 -0.8143
vn -0.1911 -0.5377 -0.8212
vn -0.1978 -0.5461 -0.8140
vn 0.2032 0.6186 0.7589
vn 0.1971 0.6117 0.7661
vn 0.1967 0.6113 0.7666
vn 0.0465 -0.5598 -0.8273
vn 0.0392 -0.5492 -0.8348
vn 0.0388 -0.5486 -0.8352
vn -0.0577 0.6329 0.7721
vn -0.0504 0.6236 0.7801
vn -0.0580 0.6333 0.7717
vn 0.2967 -0.5543 -0.7777
vn 0.2630 -0.5325 -0.8045
vn 0.2613 -0.5314 -0.8058
vn -0.3256 0.6148 0.7184
vn -0.2957 0.5975 0.7454
vn -0.3271 0.6156 0.7169
vn 0.5320 -0.5090 -0.6767
vn 0.4751 -0.4938 -0.7284
vn 0.4715 -0.4927 -0.7314
vn -0.5762 0.5433 0.6106
vn -0.5304 0.5342 0.6583
vn -0.5790 0.5438 0.6075
vn 0.7444 -0.3951 -0.5383
vn 0.6950 -0.3980 -0.5988
vn 0.6896 -0.3982 -0.6049
vn -0.7880 0.3979 0.4699
vn -0.7535 0.4033 0.5193
vn -0.7913 0.3973 0.4648
vn 0.9008 -0.1674 -0.4006
vn 0.8909 -0.1722 -0.4203
vn 0.8871 -0.1740 -0.4275
vn -0.9272 0.1616 0.3380
vn -0.9211 0.1655 0.3524
vn -0.9292 0.1603 0.3331
vn 0.9398 0.1541 -0.3049
vn 0.9285 0.1604 -0.3348
vn 0.9422 0.1526 -0.2983
vn -0.9592 -0.1384 0.2464
vn -0.9529 -0.1436 0.2670
vn -0.9510 -0.1452 0.2730
vn 0.8410 0.4376 -0.3183
vn 0.7952 0.4485 -0.4080
vn 0.8434 0.4368 -0.3129
vn -0.8755 -0.4204 0.2382
vn -0.8480 -0.4333 0.3053
vn -0.8455 -0.4343 0.3108
vn 0.6516 0.6252 -0.4296
vn 0.5869 0.6152 -0.5264
vn 0.6537 0.6254 -0.4261
vn -0.6993 -0.6417 0.3151
vn -0.6548 -0.6434 0.3964
vn -0.6525 -0.6434 0.4003
vn 0.3997 0.7309 -0.5532
vn 0.3542 0.7041 -0.6155
vn 0.4010 0.7316 -0.5513
vn -0.4452 -0.7923 0.4172
vn -0.4092 -0.7783 0.4762
vn -0.4077 -0.7777 0.4784
vn 0.1084 0.7708 -0.6278
vn 0.0981 0.7568 -0.6462
vn 0.1087 0.7712 -0.6273
vn -0.1358 -0.8637 0.4854
vn -0.1262 -0.8543 0.5043
vn -0.1258 -0.8539 0.5050
vn -0.1751 0.7582 -0.6280
vn -0.1711 0.7769 -0.6059
vn -0.1752 0.7577 -0.6287
vn 0.1767 -0.8560 0.4858
vn 0.1708 -0.8695 0.4634
vn 0.1706 -0.8701 0.4624
vn -0.4386 0.7488 -0.4968
vn -0.3976 0.7210 -0.5675
vn -0.3960 0.7199 -0.5700
vn 0.4618 -0.8103 0.3608
vn 0.4304 -0.7959 0.4258
vn 0.4629 -0.8107 0.3584
vn -0.6554 0.6673 -0.3537
vn -0.5994 0.6559 -0.4588
vn -0.5970 0.6553 -0.4628
vn 0.6909 -0.6825 0.2383
vn 0.6537 -0.6836 0.3245
vn 0.6923 -0.6824 0.2348
vn -0.8349 0.4990 -0.2324
vn -0.7962 0.5090 -0.3270
vn -0.7938 0.5094 -0.3323
vn 0.8657 -0.4770 0.1517
vn 0.8437 -0.4893 0.2206
vn 0.8669 -0.4762 0.1476
vn -0.9528 0.2029 -0.2260
vn -0.9442 0.2085 -0.2548
vn -0.9428 0.2094 -0.2595
vn 0.9685 -0.1869 0.1643
vn 0.9641 -0.1917 0.1839
vn 0.9692 -0.1861 0.1612
vn -0.9294 -0.1425 -0.3406
vn -0.9177 -0.1501 -0.3679
vn -0.9331 -0.1399 -0.3312
vn 0.9541 0.1288 0.2702
vn 0.9475 0.1347 0.2901
vn 0.9444 0.1372 0.2987
vn -0.5540 -0.3791 0.7412
vn -0.4730 -0.3021 0.8276
vn -0.3933 -0.1831 0.9010
vn -0.6824 -0.4807 0.5506
vn -0.6216 -0.4458 0.6442
vn -0.7753 -0.5423 0.3238
vn -0.7307 -0.5157 0.4473
vn -0.8010 -0.5969 0.0450
vn -0.7975 -0.5580 0.2293
vn -0.7725 -0.5988 -0.2114
vn -0.8043 -0.5941 0.0090
vn -0.7495 -0.6077 -0.2626
vn -0.6917 -0.5769 -0.4344
vn -0.6329 -0.5659 -0.5284
vn -0.5552 -0.5174 -0.6512
vn -0.4718 -0.4674 -0.7476
vn -0.3734 -0.3691 -0.8511
vn -0.2944 -0.2736 -0.9157
vn -0.2219 -0.0762 -0.9721
vn -0.2069 -0.0002 -0.9784
vn -0.2159 0.2666 -0.9393
vn -0.2641 0.4901 -0.8307
vn -0.1980 0.2627 -0.9443
vn -0.4054 0.6607 -0.6318
vn -0.3355 0.5147 -0.7890
vn -0.5421 0.7623 -0.3536
vn -0.4668 0.6654 -0.5825
vn -0.5935 0.8011 -0.0778
vn -0.5537 0.7579 -0.3448
vn -0.5942 0.8039 -0.0250
vn -0.5819 0.7903 0.1918
vn -0.5459 0.7882 0.2842
vn -0.5057 0.7403 0.4430
vn -0.4397 0.7181 0.5395
vn -0.3952 0.6296 0.6689
vn -0.3230 0.5816 0.7466
vn -0.3043 0.3911 0.8686
vn -0.3007 0.1115 0.9472
vn -0.2856 0.3647 0.8862
vn -0.3230 0.0123 0.9463
vn -0.9468 -0.0759 -0.3126
vn -0.9403 -0.1123 -0.3213
vn -0.9769 0.0767 -0.1993
vn -0.9641 -0.0160 -0.2651
vn -0.9850 0.0384 -0.1684
vn -0.9970 0.0607 -0.0476
vn -0.9964 0.0523 0.0661
vn -0.9862 0.0168 0.1645
vn -0.9747 -0.0308 0.2213
vn -0.9695 -0.0606 0.2375
vn -0.9690 -0.0570 0.2406
vn -0.9692 -0.0494 0.2411
vn -0.9710 -0.0644 0.2302
vn -0.9776 -0.1093 0.1799
vn -0.9862 -0.1421 0.0848
vn -0.9675 -0.2305 -0.1044
vn -0.9671 -0.1589 -0.1985
vn -0.9497 -0.1295 -0.2850
vn -0.9402 -0.0966 -0.3267
vn -0.9388 -0.0945 -0.3312
vn -0.9389 -0.1075 -0.3270
vn 0.9993 0.0085 0.0351
vn 0.9745 0.0181 0.2235
vn 0.9890 -0.0209 0.1463
vn 0.9980 -0.0380 0.0498
vn 0.9986 -0.0310 -0.0428
vn 0.9929 -0.0077 -0.1183
vn 0.9862 0.0252 -0.1638
vn 0.9823 0.0487 -0.1810
vn 0.9818 0.0517 -0.1829
vn 0.9819 0.0524 -0.1820
vn 0.9832 0.0681 -0.1693
vn 0.9863 0.1043 -0.1280
vn 0.9736 0.1248 -0.1912
vn 0.9858 0.1584 0.0561
vn 0.9249 0.1794 0.3351
vn 0.9644 0.1209 0.2354
vn 0.9579 0.0951 0.2708
vn 0.9561 0.0902 0.2786
vn 0.9570 0.0890 0.2762
vn 0.9638 0.0596 0.2600
vn 0.8697 0.0080 0.4934
vn 0.8723 0.0068 0.4889
vn 0.8598 0.0126 0.5104
vn 0.9023 -0.0609 0.4268
vn 0.9000 -0.0611 0.4315
vn 0.8898 -0.0621 0.4520
vn 0.9398 -0.1249 0.3181
vn 0.9385 -0.1259 0.3214
vn 0.9327 -0.1304 0.3363
vn 0.9720 -0.1725 0.1598
vn 0.9721 -0.1723 0.1594
vn 0.9709 -0.1751 0.1637
vn 0.9820 -0.1869 -0.0286
vn 0.9818 -0.1880 -0.0278
vn 0.9828 -0.1818 -0.0318
vn 0.9658 -0.1652 -0.1999
vn 0.9657 -0.1654 -0.2003
vn 0.9709 -0.1570 -0.1810
vn 0.9386 -0.1176 -0.3244
vn 0.9375 -0.1181 -0.3273
vn 0.9468 -0.1138 -0.3010
vn 0.9130 -0.0582 -0.4037
vn 0.9141 -0.0585 -0.4011
vn 0.9221 -0.0610 -0.3821
vn 0.8977 0.0054 -0.4405
vn 0.9001 0.0029 -0.4358
vn 0.9034 -0.0007 -0.4289
vn 0.8968 0.0652 -0.4377
vn 0.8960 0.0666 -0.4390
vn 0.8952 0.0680 -0.4404
vn 0.9049 0.1258 -0.4066
vn 0.9088 0.1282 -0.3972
vn 0.9004 0.1230 -0.4174
vn 0.9252 0.1874 -0.3298
vn 0.9290 0.1870 -0.3194
vn 0.9186 0.1881 -0.3476
vn 0.9494 0.2393 -0.2033
vn 0.9477 0.2464 -0.2026
vn 0.9438 0.2620 -0.2013
vn 0.9596 0.2785 -0.0397
vn 0.9589 0.2810 -0.0384
vn 0.9577 0.2854 -0.0360
vn 0.9468 0.2901 0.1396
vn 0.9481 0.2873 0.1364
vn 0.9506 0.2818 0.1302
vn 0.9156 0.2712 0.2969
vn 0.9191 0.2677 0.2891
vn 0.9264 0.2600 0.2724
vn 0.8806 0.2326 0.4128
vn 0.8870 0.2307 0.4001
vn 0.8951 0.2282 0.3831
vn 0.8558 0.1834 0.4837
vn 0.8618 0.1855 0.4720
vn 0.8662 0.1870 0.4633
vn 0.8481 0.1317 0.5132
vn 0.8482 0.1316 0.5131
vn 0.8481 0.1318 0.5132
vn 0.8502 0.0757 0.5210
vn 0.8553 0.0698 0.5134
vn 0.8463 0.0801 0.5266
vn -0.5202 -0.3285 0.7884
vn -0.5056 -0.3324 0.7962
vn -0.4831 -0.3382 0.8076
vn 0.4385 0.3225 -0.8389
vn 0.4416 0.3215 -0.8377
vn 0.4622 0.3146 -0.8291
vn -0.6486 -0.4475 0.6157
vn -0.6341 -0.4550 0.6252
vn -0.6169 -0.4637 0.6360
vn 0.5708 0.4774 -0.6681
vn 0.5720 0.4767 -0.6675
vn 0.5913 0.4659 -0.6582
vn -0.7398 -0.5260 0.4196
vn -0.7360 -0.5296 0.4217
vn -0.7246 -0.5402 0.4279
vn 0.6729 0.5848 -0.4529
vn 0.6765 0.5816 -0.4518
vn 0.6866 0.5723 -0.4484
vn -0.7927 -0.5849 0.1717
vn -0.7934 -0.5840 0.1717
vn -0.7894 -0.5895 0.1715
vn 0.7313 0.6565 -0.1847
vn 0.7335 0.6540 -0.1852
vn 0.7361 0.6509 -0.1857
vn -0.7833 -0.6110 -0.1146
vn -0.7846 -0.6092 -0.1152
vn -0.7883 -0.6042 -0.1168
vn 0.7205 0.6834 0.1180
vn 0.7232 0.6803 0.1195
vn 0.7173 0.6870 0.1162
vn -0.7047 -0.5939 -0.3882
vn -0.7056 -0.5929 -0.3880
vn -0.7188 -0.5793 -0.3843
vn 0.6345 0.6546 0.4110
vn 0.6413 0.6482 0.4106
vn 0.6244 0.6639 0.4115
vn -0.5786 -0.5330 -0.6174
vn -0.5735 -0.5359 -0.6196
vn -0.6006 -0.5199 -0.6074
vn 0.4978 0.5661 0.6571
vn 0.5053 0.5617 0.6551
vn 0.4796 0.5765 0.6616
vn -0.4163 -0.4125 -0.8103
vn -0.4115 -0.4140 -0.8120
vn -0.4416 -0.4044 -0.8009
vn 0.3373 0.4128 0.8461
vn 0.3446 0.4102 0.8444
vn 0.3188 0.4193 0.8500
vn -0.2526 -0.1917 -0.9484
vn -0.2546 -0.1912 -0.9480
vn -0.2655 -0.1888 -0.9454
vn 0.1946 0.1849 0.9633
vn 0.1987 0.1838 0.9627
vn 0.1879 0.1868 0.9643
vn -0.1810 0.1070 -0.9776
vn -0.1743 0.1054 -0.9790
vn -0.1590 0.1017 -0.9820
vn 0.1279 -0.0919 0.9875
vn 0.1205 -0.0898 0.9886
vn 0.1377 -0.0947 0.9859
vn -0.2221 0.3799 -0.8980
vn -0.2351 0.3760 -0.8963
vn -0.1832 0.3909 -0.9020
vn 0.1387 -0.3609 0.9222
vn 0.1571 -0.3547 0.9217
vn 0.1806 -0.3466 0.9204
vn -0.3526 0.5749 -0.7384
vn -0.3628 0.5707 -0.7367
vn -0.3100 0.5914 -0.7444
vn 0.2322 -0.5870 0.7755
vn 0.2534 -0.5786 0.7753
vn 0.2798 -0.5675 0.7743
vn -0.4895 0.7078 -0.5093
vn -0.4979 0.7024 -0.5086
vn -0.4619 0.7248 -0.5113
vn 0.3502 -0.7627 0.5437
vn 0.3668 -0.7539 0.5451
vn 0.3858 -0.7433 0.5465
vn -0.5857 0.7829 -0.2101
vn -0.5822 0.7849 -0.2119
vn -0.5734 0.7902 -0.2163
vn 0.4456 -0.8659 0.2271
vn 0.4390 -0.8685 0.2302
vn 0.4525 -0.8632 0.2238
vn -0.5904 0.7991 0.1130
vn -0.5933 0.7969 0.1135
vn -0.6036 0.7889 0.1151
vn 0.4496 -0.8850 -0.1214
vn 0.4570 -0.8809 -0.1232
vn 0.4413 -0.8894 -0.1194
vn -0.5225 0.7544 0.3973
vn -0.5236 0.7538 0.3971
vn -0.5543 0.7340 0.3924
vn 0.3864 -0.8150 -0.4317
vn 0.4019 -0.8073 -0.4321
vn 0.3640 -0.8257 -0.4310
vn -0.4123 0.6632 0.6246
vn -0.4126 0.6631 0.6246
vn -0.4575 0.6432 0.6140
vn 0.2937 -0.6789 -0.6729
vn 0.3130 -0.6714 -0.6718
vn 0.2640 -0.6898 -0.6742
vn -0.2996 0.4987 0.8133
vn -0.3113 0.4949 0.8113
vn -0.3481 0.4824 0.8038
vn 0.2190 -0.4768 -0.8513
vn 0.2381 -0.4702 -0.8499
vn 0.1949 -0.4848 -0.8526
vn -0.2790 0.2178 0.9353
vn -0.2727 0.2163 0.9375
vn -0.2913 0.2205 0.9309
vn 0.2255 -0.2029 -0.9529
vn 0.2192 -0.2012 -0.9547
vn 0.2119 -0.1992 -0.9568
vn -0.3663 -0.1057 0.9245
vn -0.3674 -0.1055 0.9241
vn -0.3502 -0.1087 0.9304
vn 0.3032 0.0901 -0.9486
vn 0.3083 0.0888 -0.9471
vn 0.3173 0.0865 -0.9444
vn -0.6306 -0.6868 0.3614
vn -0.7449 -0.4846 0.4585
vn -0.8415 -0.4778 0.2523
vn -0.4909 -0.6738 0.5523
vn -0.6118 -0.4814 0.6276
vn -0.3094 -0.6615 0.6832
vn -0.4178 -0.4839 0.7690
vn -0.1054 -0.6542 0.7489
vn -0.0000 -0.4934 0.8698
vn 0.1055 -0.6542 0.7489
vn 0.3094 -0.6615 0.6832
vn 0.4178 -0.4839 0.7690
vn 0.4909 -0.6738 0.5523
vn 0.6118 -0.4814 0.6276
vn 0.6306 -0.6868 0.3614
vn 0.7449 -0.4846 0.4585
vn 0.7076 -0.6953 0.1261
vn 0.8415 -0.4778 0.2523
vn 0.7076 -0.6953 -0.1261
vn 0.8415 -0.4778 -0.2523
vn 0.8936 -0.4488 -0.0000
vn 0.6306 -0.6868 -0.3614
vn 0.7449 -0.4846 -0.4585
vn 0.4909 -0.6738 -0.5523
vn 0.6118 -0.4814 -0.6276
vn 0.3094 -0.6615 -0.6832
vn 0.4178 -0.4839 -0.7690
vn 0.1054 -0.6542 -0.7489
vn -0.0000 -0.4934 -0.8698
vn -0.1054 -0.6542 -0.7490
vn -0.1055 -0.6542 -0.7489
vn -0.3094 -0.6615 -0.6832
vn -0.4178 -0.4839 -0.7690
vn -0.4909 -0.6738 -0.5523
vn -0.6118 -0.4814 -0.6276
vn -0.6306 -0.6868 -0.3614
vn -0.7449 -0.4846 -0.4585
vn -0.7076 -0.6953 -0.1261
vn -0.8415 -0.4778 -0.2523
vn -0.7076 -0.6953 0.1261
vn -0.8936 -0.4488 -0.0000
vn -1.0000 -0.0000 -0.0000
vn 0.9966 0.0316 -0.0763
vn 0.9966 -0.0316 0.0763
vn 1.0000 -0.0000 -0.0000
vn -0.0000 -0.0000 -0.0000
vn -0.9070 0.2990 0.2964
vn -0.9261 0.3774 -0.0000
vn -0.9621 0.2728 -0.0009
vn -0.9080 0.2957 -0.2970
vn -0.8545 0.3718 -0.3627
vn -0.7546 0.2975 -0.5849
vn -0.6765 0.3599 -0.6425
vn -0.5274 0.2877 -0.7995
vn -0.4555 0.3491 -0.8189
vn -0.2598 0.2797 -0.9243
vn -0.2234 0.3425 -0.9126
vn 0.0190 0.2770 -0.9607
vn -0.0000 0.3406 -0.9402
vn 0.2234 0.3425 -0.9126
vn 0.2778 0.2825 -0.9182
vn 0.4555 0.3491 -0.8189
vn 0.5373 0.2910 -0.7916
vn 0.6765 0.3599 -0.6425
vn 0.7578 0.3005 -0.5792
vn 0.8545 0.3718 -0.3627
vn 0.9083 0.2979 -0.2937
vn 0.9261 0.3774 -0.0000
vn 0.9621 0.2728 0.0009
vn 0.9080 0.2957 0.2969
vn 0.8545 0.3718 0.3627
vn 0.7546 0.2975 0.5849
vn 0.6765 0.3599 0.6425
vn 0.5272 0.2877 0.7995
vn 0.4555 0.3491 0.8189
vn 0.2598 0.2797 0.9243
vn 0.2234 0.3425 0.9126
vn -0.0188 0.2770 0.9607
vn -0.0000 0.3406 0.9402
vn -0.2234 0.3425 0.9126
vn -0.2778 0.2825 0.9182
vn -0.4555 0.3491 0.8189
vn -0.5373 0.2910 0.7916
vn -0.6765 0.3599 0.6425
vn -0.7578 0.3005 0.5792
vn -0.8545 0.3718 0.3627
vn -0.9645 0.0742 0.2533
vn -0.9987 0.0512 0.0010
vn -0.9655 0.0819 -0.2474
vn -0.8328 0.0887 -0.5465
vn -0.6215 0.0791 -0.7794
vn -0.3484 0.0720 -0.9346
vn -0.0434 0.0696 -0.9966
vn 0.3024 0.0694 -0.9507
vn 0.5822 0.0747 -0.8096
vn 0.8153 0.0807 -0.5734
vn 0.9633 0.0745 -0.2578
vn 0.9987 0.0512 -0.0010
vn 0.9655 0.0819 0.2474
vn 0.8328 0.0887 0.5465
vn 0.6215 0.0791 0.7794
vn 0.3484 0.0720 0.9346
vn 0.0434 0.0696 0.9966
vn -0.3024 0.0694 0.9507
vn -0.5822 0.0747 0.8096
vn -0.8153 0.0807 0.5734
vn -0.9919 -0.1264 0.0120
vn -0.9443 -0.1856 -0.2719
vn -0.7942 -0.2107 -0.5699
vn -0.5699 -0.2132 -0.7936
vn -0.3013 -0.2122 -0.9296
vn -0.0086 -0.2120 -0.9772
vn 0.1903 -0.2119 -0.9586
vn 0.4885 -0.2188 -0.8447
vn 0.7545 -0.2184 -0.6189
vn 0.9372 -0.1867 -0.2947
vn 0.9919 -0.1264 -0.0120
vn 0.9443 -0.1856 0.2719
vn 0.7942 -0.2107 0.5699
vn 0.5699 -0.2132 0.7936
vn 0.3013 -0.2122 0.9296
vn 0.0086 -0.2120 0.9772
vn -0.1903 -0.2119 0.9586
vn -0.4885 -0.2188 0.8447
vn -0.7545 -0.2184 0.6189
vn -0.9516 -0.1735 0.2536
vn -0.8956 -0.3347 0.2932
vn -0.9496 -0.3134 -0.0000
vn -0.9101 -0.3233 -0.2591
vn -0.8131 -0.3121 -0.4914
vn -0.6660 -0.2978 -0.6839
vn -0.4341 -0.2920 -0.8522
vn -0.0000 -0.2939 -0.9558
vn 0.4341 -0.2920 -0.8522
vn 0.6660 -0.2978 -0.6839
vn 0.8131 -0.3121 -0.4914
vn 0.9101 -0.3233 -0.2591
vn 0.9496 -0.3134 -0.0000
vn 0.9101 -0.3233 0.2591
vn 0.8131 -0.3121 0.4914
vn 0.6660 -0.2978 0.6839
vn 0.4341 -0.2920 0.8522
vn -0.0001 -0.2939 0.9558
vn -0.4341 -0.2920 0.8522
vn -0.6660 -0.2978 0.6839
vn -0.8131 -0.3121 0.4914
vn -0.9746 -0.0719 0.2121
vn 0.9746 -0.0719 0.2121
vn -0.9936 -0.0508 0.1007
vn 0.9876 0.0727 0.1392
vn -0.1691 -0.0645 -0.9835
vn -0.1691 -0.0645 0.9835
vn 0.1697 -0.9855 -0.0000
vn -0.1416 -0.0029 -0.9899
vn -0.0126 -0.0072 0.9999
vn 0.9746 0.0719 0.2121
vn -0.9746 0.0719 0.2121
vn 0.9936 0.0508 0.1007
vn -0.9876 -0.0727 0.1392
vn -0.1691 0.0645 0.9835
vn -0.1691 0.0645 -0.9835
vn 0.1697 0.9855 -0.0000
vn -0.1416 0.0029 0.9899
vn -0.0126 0.0072 -0.9999
vn 0.0001 1.0000 -0.0000
vn 0.7530 -0.0000 0.6580
vn 0.1011 0.0112 -0.9948
vn 0.1315 0.0225 -0.9911
vn -0.2318 0.0118 -0.9727
vn -0.1683 -0.0017 -0.9857
vn -0.3856 0.0994 -0.9173
vn -0.3238 0.1529 -0.9337
vn -0.2334 0.2013 -0.9513
vn -0.1112 0.2359 -0.9654
vn 0.0398 0.2439 -0.9690
vn 0.1857 0.2158 -0.9586
vn 0.2915 0.1611 -0.9429
vn 0.3498 0.0959 -0.9319
vn 0.3681 0.0345 -0.9292
vn 0.3545 -0.0186 -0.9349
vn 0.3071 -0.0721 -0.9489
vn 0.2325 -0.1137 -0.9659
vn 0.1338 -0.1474 -0.9800
vn 0.0135 -0.1731 -0.9848
vn -0.1303 -0.1818 -0.9747
vn -0.2669 -0.1613 -0.9501
vn -0.3637 -0.1188 -0.9239
vn -0.4163 -0.0684 -0.9066
vn -0.4325 -0.0205 -0.9014
vn -0.4225 0.0421 -0.9054
vn -0.6689 0.3484 0.6566
vn 0.7805 -0.3553 -0.5144
vn -0.4831 0.4193 0.7686
vn 0.5881 -0.4772 -0.6530
vn -0.3067 0.4538 0.8367
vn 0.3675 -0.5402 -0.7571
vn -0.1057 0.4818 0.8699
vn 0.1209 -0.5678 -0.8142
vn 0.1268 0.4998 0.8568
vn -0.1386 -0.5651 -0.8133
vn 0.3800 0.4924 0.7830
vn -0.3746 -0.5359 -0.7566
vn 0.6095 0.4479 0.6542
vn -0.6012 -0.4728 -0.6442
vn 0.8093 0.3354 0.4823
vn -0.8096 -0.3450 -0.4749
vn 0.9445 0.1093 0.3099
vn -0.9557 -0.1125 -0.2718
vn 0.9483 -0.2165 0.2323
vn -0.9743 0.1850 -0.1288
vn 0.8105 -0.5043 0.2980
vn -0.8794 0.4631 -0.1105
vn 0.6075 -0.6715 0.4244
vn -0.7034 0.6845 -0.1916
vn 0.3805 -0.7582 0.5295
vn -0.4539 0.8349 -0.3114
vn 0.1334 -0.8034 0.5803
vn -0.1412 0.9016 -0.4088
vn -0.1527 -0.8104 0.5657
vn 0.1543 0.8828 -0.4437
vn -0.4196 -0.7668 0.4858
vn 0.4160 0.8084 -0.4164
vn -0.6448 -0.6682 0.3712
vn 0.6421 0.6830 -0.3483
vn -0.8280 -0.4856 0.2805
vn 0.8334 0.4770 -0.2792
vn -0.9336 -0.1859 0.3064
vn 0.9458 0.1739 -0.2741
vn -0.8642 0.1536 0.4791
vn 0.9195 -0.1372 -0.3683
vn -0.9150 0.1649 0.3683
vn -0.9277 0.2071 0.3106
vn -0.9426 0.2692 0.1976
vn -0.9501 0.3102 0.0324
vn -0.9362 0.3118 -0.1622
vn -0.9016 0.2705 -0.3375
vn -0.8658 0.2023 -0.4577
vn -0.8445 0.1276 -0.5201
vn -0.8381 0.0736 -0.5406
vn -0.8525 0.0048 -0.5227
vn -0.8814 -0.0503 -0.4698
vn -0.9186 -0.0925 -0.3843
vn -0.9556 -0.1259 -0.2665
vn -0.9817 -0.1498 -0.1172
vn -0.9861 -0.1575 0.0522
vn -0.9642 -0.1237 0.2347
vn -0.9336 -0.0725 0.3509
vn -0.9115 -0.0157 0.4111
vn -0.9030 0.0363 0.4280
vn -0.9060 0.0856 0.4145
vn 0.5070 0.3287 0.7968
vn -0.3803 -0.3593 -0.8522
vn 0.6568 0.4101 0.6328
vn -0.5444 -0.4816 -0.6868
vn 0.7689 0.4562 0.4479
vn -0.6825 -0.5458 -0.4861
vn 0.8472 0.4908 0.2034
vn -0.7865 -0.5806 -0.2105
vn 0.8612 0.5015 -0.0824
vn -0.8160 -0.5689 0.1027
vn 0.7960 0.4764 -0.3734
vn -0.7610 -0.5111 0.3995
vn 0.6662 0.4099 -0.6231
vn -0.6403 -0.4134 0.6473
vn 0.4991 0.2824 -0.8193
vn -0.4756 -0.2648 0.8388
vn 0.3359 0.0527 -0.9404
vn -0.3048 -0.0563 0.9508
vn 0.2618 -0.2296 -0.9374
vn -0.1752 0.2149 0.9608
vn 0.2988 -0.4917 -0.8179
vn -0.1444 0.4780 0.8664
vn 0.3929 -0.6765 -0.6229
vn -0.1961 0.6992 0.6875
vn 0.4776 -0.7949 -0.3742
vn -0.2811 0.8610 0.4239
vn 0.5101 -0.8573 -0.0691
vn -0.3442 0.9345 0.0903
vn 0.4662 -0.8488 0.2493
vn -0.3466 0.9021 -0.2569
vn 0.3596 -0.7750 0.5197
vn -0.2906 0.7863 -0.5453
vn 0.2301 -0.6474 0.7266
vn -0.2075 0.6193 -0.7573
vn 0.1337 -0.4483 0.8838
vn -0.1375 0.3976 -0.9072
vn 0.1538 -0.1534 0.9761
vn -0.1326 0.1239 -0.9834
vn 0.3151 0.1478 0.9375
vn -0.2213 -0.1456 -0.9643
vn 0.1841 0.0528 0.9815
vn 0.2140 0.0400 0.9760
vn -0.1490 0.0633 0.9868
vn -0.0848 0.0752 0.9936
vn -0.3073 -0.0213 0.9514
vn -0.2466 -0.0758 0.9661
vn -0.1571 -0.1262 0.9795
vn -0.0359 -0.1648 0.9857
vn 0.1146 -0.1790 0.9771
vn 0.2606 -0.1579 0.9524
vn 0.3673 -0.1086 0.9238
vn 0.4268 -0.0463 0.9031
vn 0.4468 0.0146 0.8945
vn 0.4349 0.0689 0.8978
vn 0.3897 0.1253 0.9124
vn 0.3169 0.1710 0.9329
vn 0.2197 0.2092 0.9529
vn 0.1003 0.2394 0.9657
vn -0.0435 0.2522 0.9667
vn -0.1811 0.2349 0.9550
vn -0.2797 0.1943 0.9402
vn -0.3341 0.1451 0.9313
vn -0.3516 0.0980 0.9310
vn -0.3431 0.0360 0.9386
vn -0.7378 -0.3700 -0.5646
vn 0.8374 0.3624 0.4092
vn -0.5613 -0.4560 -0.6906
vn 0.6589 0.5025 0.5598
vn -0.3896 -0.5011 -0.7728
vn 0.4463 0.5804 0.6812
vn -0.1908 -0.5373 -0.8215
vn 0.2035 0.6190 0.7586
vn 0.0468 -0.5603 -0.8270
vn -0.0499 0.6231 0.7806
vn 0.2981 -0.5552 -0.7765
vn -0.2939 0.5964 0.7469
vn 0.5349 -0.5098 -0.6739
vn -0.5270 0.5334 0.6616
vn 0.7484 -0.3947 -0.5330
vn -0.7491 0.4038 0.5252
vn 0.9038 -0.1659 -0.3945
vn -0.9186 0.1671 0.3581
vn 0.9254 0.1620 -0.3425
vn -0.9608 -0.1370 0.2411
vn 0.7917 0.4491 -0.4141
vn -0.8772 -0.4194 0.2335
vn 0.5840 0.6146 -0.5302
vn -0.7010 -0.6415 0.3116
vn 0.3526 0.7031 -0.6175
vn -0.4464 -0.7927 0.4152
vn 0.0978 0.7564 -0.6468
vn -0.1361 -0.8640 0.4848
vn -0.1710 0.7777 -0.6050
vn 0.1769 -0.8555 0.4866
vn -0.4398 0.7496 -0.4947
vn 0.4289 -0.7952 0.4287
vn -0.6571 0.6675 -0.3502
vn 0.6518 -0.6835 0.3286
vn -0.8365 0.4984 -0.2279
vn 0.8420 -0.4901 0.2254
vn -0.9539 0.2020 -0.2219
vn 0.9632 -0.1926 0.1875
vn -0.9126 -0.1532 -0.3791
vn 0.9565 0.1266 0.2629
vn 0.9540 0.0899 0.2859
vn 0.8821 0.0021 0.4711
vn 0.9123 -0.0598 0.4051
vn 0.9457 -0.1201 0.3021
vn 0.9733 -0.1694 0.1551
vn 0.9807 -0.1940 -0.0240
vn 0.9606 -0.1729 -0.2175
vn 0.9292 -0.1215 -0.3491
vn 0.9051 -0.0559 -0.4216
vn 0.8945 0.0087 -0.4469
vn 0.8975 0.0639 -0.4364
vn 0.9137 0.1314 -0.3845
vn 0.9359 0.1862 -0.2992
vn 0.9524 0.2262 -0.2043
vn 0.9606 0.2747 -0.0417
vn 0.9444 0.2951 0.1453
vn 0.9082 0.2783 0.3125
vn 0.8726 0.2347 0.4283
vn 0.8518 0.1820 0.4912
vn 0.8483 0.1315 0.5130
vn 0.8593 0.0651 0.5072
vn -0.5411 -0.3226 0.7766
vn 0.4169 0.3293 -0.8472
vn -0.6642 -0.4390 0.6051
vn 0.5503 0.4883 -0.6773
vn -0.7503 -0.5157 0.4136
vn 0.6622 0.5944 -0.4563
vn -0.7966 -0.5796 0.1718
vn 0.7286 0.6597 -0.1842
vn -0.7795 -0.6161 -0.1130
vn 0.7262 0.6767 0.1212
vn -0.6906 -0.6079 -0.3918
vn 0.6508 0.6390 0.4101
vn -0.5499 -0.5491 -0.6294
vn 0.5225 0.5514 0.6504
vn -0.3848 -0.4221 -0.8208
vn 0.3623 0.4037 0.8401
vn -0.2414 -0.1942 -0.9508
vn 0.2051 0.1820 0.9617
vn -0.1969 0.1108 -0.9741
vn 0.1111 -0.0871 0.9900
vn -0.2718 0.3648 -0.8905
vn 0.1139 -0.3690 0.9224
vn -0.4025 0.5536 -0.7291
vn 0.2043 -0.5977 0.7753
vn -0.5236 0.6854 -0.5061
vn 0.3300 -0.7730 0.5418
vn -0.5944 0.7775 -0.2056
vn 0.4322 -0.8711 0.2334
vn -0.5796 0.8072 0.1114
vn 0.4649 -0.8765 -0.1251
vn -0.4894 0.7741 0.4016
vn 0.4230 -0.7963 -0.4323
vn -0.3639 0.6823 0.6340
vn 0.3408 -0.6600 -0.6695
vn -0.2601 0.5108 0.8194
vn 0.2607 -0.4620 -0.8477
vn -0.2607 0.2136 0.9415
vn 0.2331 -0.2050 -0.9506
vn -0.3830 -0.1025 0.9181
vn 0.2940 0.0925 -0.9513
vn -0.1055 -0.6542 0.7489
vn 0.1055 -0.6542 -0.7489
vt 0.887370 0.786481
vt 0.899797 0.864053
vt 0.886790 0.786711
vt 0.689755 0.802283
vt 0.762850 0.829782
vt 0.689755 0.829227
vt 0.938081 0.080800
vt 0.951925 0.000000
vt 0.952544 0.000097
vt 0.275906 0.744084
vt 0.276506 0.720981
vt 0.276506 0.743959
vt 0.666838 0.802283
vt 0.639535 0.898496
vt 0.639707 0.802283
vt 0.711980 0.939493
vt 0.760236 0.855814
vt 0.739108 0.939699
vt 0.929548 0.875315
vt 0.886790 0.890155
vt 0.666665 0.898496
vt 0.616653 0.940702
vt 0.912474 0.077806
vt 0.952544 0.101606
vt 0.936269 0.124410
vt 0.691663 0.855293
vt 0.000000 0.931541
vt 0.049858 0.841716
vt 0.001749 0.934636
vt 0.905653 0.392219
vt 0.916722 0.478760
vt 0.903793 0.478451
vt 0.389795 0.814552
vt 0.439331 0.904387
vt 0.437575 0.907479
vt 0.611664 0.873415
vt 0.616167 0.876281
vt 0.611400 0.876349
vt 0.616167 0.663366
vt 0.616431 0.873348
vt 0.912474 0.211372
vt 0.924603 0.124410
vt 0.917272 0.211252
vt 0.100657 0.824788
vt 0.112983 0.910152
vt 0.908591 0.277304
vt 0.903793 0.277189
vt 0.338839 0.797468
vt 0.439331 0.693693
vt 0.930661 0.352219
vt 0.918581 0.425495
vt 0.918581 0.351265
vt 0.787858 0.317800
vt 0.767162 0.403989
vt 0.787855 0.317893
vt 0.764883 0.456713
vt 0.691786 0.426970
vt 0.764883 0.426649
vt 0.873415 0.874365
vt 0.886199 0.786481
vt 0.886790 0.786621
vt 0.275265 0.746381
vt 0.275906 0.720981
vt 0.275906 0.746362
vt 0.814988 0.317800
vt 0.787989 0.417065
vt 0.714091 0.317919
vt 0.762306 0.404057
vt 0.693731 0.404358
vt 0.804291 0.920407
vt 0.778382 0.953349
vt 0.772712 0.928678
vt 0.815120 0.417065
vt 0.764883 0.457005
vt 0.844384 0.880142
vt 0.886790 0.899174
vt 0.870001 0.926457
vt 0.552554 0.696784
vt 0.502709 0.786749
vt 0.550797 0.693693
vt 0.937485 0.197700
vt 0.924603 0.124410
vt 0.937485 0.125342
vt 0.162188 0.813367
vt 0.112983 0.724075
vt 0.114734 0.720981
vt 0.691531 0.316428
vt 0.687016 0.312546
vt 0.691786 0.313071
vt 0.687016 0.456510
vt 0.686761 0.315904
vt 0.817167 0.791138
vt 0.808246 0.895737
vt 0.812374 0.791138
vt 0.451712 0.803835
vt 0.439331 0.718468
vt 0.842751 0.456872
vt 0.837984 0.317986
vt 0.850828 0.317800
vt 0.212963 0.830164
vt 0.112983 0.934416
vt 0.833296 0.883930
vt 0.820364 0.791139
vt 0.833296 0.791208
vt 0.641116 0.248947
vt 0.629282 0.262554
vt 0.639965 0.233168
vt 0.558338 0.232943
vt 0.553516 0.272474
vt 0.553235 0.221120
vt 0.558589 0.278880
vt 0.553614 0.333073
vt 0.558593 0.388066
vt 0.558678 0.333088
vt 0.558338 0.433299
vt 0.553516 0.393692
vt 0.557963 0.464047
vt 0.553235 0.445101
vt 0.288365 0.700401
vt 0.277850 0.707564
vt 0.277716 0.694060
vt 0.299265 0.707153
vt 0.289755 0.714653
vt -0.000000 0.491612
vt 0.006283 0.472829
vt 0.005297 0.507053
vt 0.000881 0.460999
vt 0.006941 0.421521
vt 0.001470 0.415103
vt 0.007172 0.360940
vt 0.001470 0.306677
vt 0.001677 0.360912
vt 0.000881 0.260654
vt 0.006941 0.300310
vt -0.000000 0.229851
vt 0.006283 0.248860
vt 0.651158 0.239453
vt 0.661249 0.232330
vt 0.660155 0.248197
vt 0.651191 0.222556
vt 0.597056 0.276628
vt 0.598389 0.268982
vt 0.598888 0.272515
vt 0.599109 0.276673
vt 0.599017 0.280825
vt 0.598627 0.284337
vt 0.597998 0.286676
vt 0.596426 0.286641
vt 0.595724 0.284273
vt 0.595224 0.280741
vt 0.595003 0.276582
vt 0.595095 0.272431
vt 0.595485 0.268918
vt 0.596115 0.266579
vt 0.597686 0.266614
vt 0.803087 0.833535
vt 0.773018 0.862708
vt 0.772712 0.824240
vt 0.137046 0.028945
vt 0.168274 0.023245
vt 0.170748 0.049178
vt 0.139280 0.107033
vt 0.172845 0.122489
vt 0.140773 0.223703
vt 0.174246 0.232023
vt 0.141297 0.361190
vt 0.174739 0.361102
vt 0.174246 0.490074
vt 0.140773 0.498565
vt 0.172845 0.599306
vt 0.139280 0.614913
vt 0.170748 0.672165
vt 0.137046 0.692518
vt 0.563117 0.637257
vt 0.590923 0.630799
vt 0.587821 0.663366
vt 0.422542 0.664868
vt 0.387393 0.670346
vt 0.388448 0.644574
vt 0.423495 0.586921
vt 0.389342 0.571394
vt 0.424131 0.470343
vt 0.389940 0.461946
vt 0.424355 0.332882
vt 0.390150 0.332892
vt 0.389940 0.203880
vt 0.424131 0.195465
vt 0.389367 0.091658
vt 0.423495 0.079013
vt 0.388448 0.021550
vt 0.422542 0.001256
vt 0.603988 0.072145
vt 0.590311 0.126936
vt 0.585551 0.052659
vt 0.567706 0.071344
vt 0.578609 0.139190
vt 0.205770 0.171236
vt 0.237289 0.198072
vt 0.238382 0.236290
vt 0.206884 0.258308
vt 0.239113 0.293392
vt 0.207275 0.360916
vt 0.239369 0.360682
vt 0.239113 0.427917
vt 0.206884 0.463440
vt 0.238382 0.484861
vt 0.205770 0.550271
vt 0.558678 0.479925
vt 0.583327 0.443000
vt 0.574901 0.534612
vt 0.595419 0.455779
vt 0.593339 0.554098
vt 0.611183 0.535413
vt 0.607121 0.443526
vt 0.354917 0.522533
vt 0.319892 0.495493
vt 0.320359 0.457344
vt 0.355392 0.435530
vt 0.320670 0.400287
vt 0.355559 0.332942
vt 0.320780 0.333010
vt 0.320670 0.265754
vt 0.355392 0.230386
vt 0.320359 0.208759
vt 0.354917 0.143477
vt 0.319892 0.170703
vt 0.354206 0.085447
vt 0.649615 0.052797
vt 0.620972 0.024159
vt 0.646524 0.000000
vt 0.669420 0.022251
vt 0.669908 0.072517
vt 0.069030 0.065604
vt 0.105436 0.106111
vt 0.071018 0.135077
vt 0.106934 0.223225
vt 0.072346 0.238875
vt 0.107461 0.361236
vt 0.072812 0.361194
vt 0.072346 0.483413
vt 0.106934 0.499133
vt 0.071018 0.586924
vt 0.105436 0.615924
vt 0.069030 0.655968
vt 0.103194 0.693826
vt 0.302504 0.862235
vt 0.326461 0.897077
vt 0.304814 0.914148
vt 0.277716 0.898011
vt 0.278487 0.847933
vt 0.490469 0.628288
vt 0.457528 0.587894
vt 0.491316 0.558940
vt 0.458167 0.470872
vt 0.491882 0.455224
vt 0.458391 0.332888
vt 0.492081 0.332928
vt 0.491882 0.210672
vt 0.458167 0.194948
vt 0.491316 0.107068
vt 0.457528 0.078053
vt 0.490469 0.037890
vt 0.456571 0.000000
vt 0.602403 0.139715
vt 0.592973 0.182191
vt 0.585547 0.189967
vt 0.569077 0.174608
vt 0.579497 0.212444
vt 0.254443 0.282856
vt 0.254906 0.319093
vt 0.255069 0.361796
vt 0.254906 0.404463
vt 0.254443 0.440600
vt 0.572688 0.407137
vt 0.588541 0.382766
vt 0.596214 0.390876
vt 0.603641 0.383100
vt 0.616653 0.408107
vt 0.609690 0.360623
vt 0.302975 0.413229
vt 0.303172 0.377021
vt 0.303242 0.334326
vt 0.303172 0.291646
vt 0.302975 0.255477
vt 0.302679 0.231326
vt 0.801536 0.871435
vt 0.785577 0.913469
vt 0.558678 0.023505
vt 0.204103 0.112959
vt 0.204103 0.608189
vt 0.567729 0.606286
vt 0.613371 0.607293
vt 0.354206 0.580706
vt 0.808246 0.800469
vt 0.777755 0.791139
vt 0.103194 0.027726
vt 0.134411 0.001324
vt 0.134411 0.719571
vt 0.100548 0.720981
vt 0.456571 0.666138
vt 0.421418 0.692319
vt 0.651373 0.128880
vt 0.626968 0.074208
vt 0.667314 0.144371
vt 0.034665 0.128903
vt 0.036226 0.183476
vt 0.037269 0.265011
vt 0.037635 0.361096
vt 0.037269 0.457101
vt 0.036226 0.538411
vt 0.034665 0.592647
vt 0.297460 0.793658
vt 0.321690 0.847105
vt 0.278594 0.782424
vt 0.524279 0.565003
vt 0.524945 0.510529
vt 0.525390 0.429057
vt 0.525546 0.332991
vt 0.525390 0.236956
vt 0.524945 0.155573
vt 0.524279 0.101232
vt 0.601736 0.249355
vt 0.598358 0.250222
vt 0.598871 0.239700
vt 0.285675 0.316270
vt 0.282426 0.310154
vt 0.285591 0.300926
vt 0.285704 0.334375
vt 0.282484 0.320688
vt 0.282484 0.345553
vt 0.282504 0.333118
vt 0.285675 0.352487
vt 0.282426 0.356098
vt 0.602708 0.311953
vt 0.599230 0.306373
vt 0.600991 0.299827
vt 0.600142 0.321487
vt 0.597067 0.308638
vt 0.593736 0.321346
vt 0.596991 0.324786
vt 0.590872 0.311691
vt 0.594832 0.306276
vt 0.588835 0.297291
vt 0.592866 0.299647
vt 0.587935 0.280338
vt 0.591467 0.289761
vt 0.270769 0.361642
vt 0.273501 0.347902
vt 0.273549 0.360339
vt 0.588309 0.263414
vt 0.592198 0.256671
vt 0.591106 0.266503
vt 0.589900 0.249093
vt 0.593960 0.250125
vt 0.592466 0.239559
vt 0.596123 0.247860
vt 0.595616 0.236260
vt 0.600324 0.256851
vt 0.597962 0.260113
vt 0.279468 0.319103
vt 0.279503 0.325536
vt 0.279503 0.340722
vt 0.279515 0.333128
vt 0.279468 0.347163
vt 0.598494 0.294406
vt 0.599570 0.290408
vt 0.597173 0.295789
vt 0.595808 0.294347
vt 0.594607 0.290299
vt 0.276149 0.367898
vt 0.273501 0.372765
vt 0.276149 0.352714
vt 0.276178 0.360309
vt 0.594200 0.264051
vt 0.593533 0.270056
vt 0.595276 0.260053
vt 0.596597 0.258670
vt 0.599162 0.264161
vt 0.277716 0.324930
vt 0.277736 0.328693
vt 0.277736 0.337577
vt 0.277744 0.333134
vt 0.277716 0.341345
vt 0.597225 0.287485
vt 0.593753 0.284261
vt 0.593376 0.277152
vt 0.277699 0.355846
vt 0.277716 0.360290
vt 0.596888 0.265770
vt 0.600646 0.190301
vt 0.270503 0.328154
vt 0.270700 0.343527
vt 0.270700 0.379742
vt 0.270503 0.395071
vt 0.581789 0.360007
vt 0.285591 0.367847
vt 0.285465 0.290681
vt 0.633584 0.145699
vt 0.005297 0.214424
vt 0.312531 0.781773
vt 0.552815 0.479475
vt 0.616653 0.192268
vt 0.631560 0.275233
vt 0.641671 0.268155
vt 0.633779 0.289864
vt 0.623944 0.314310
vt 0.627489 0.322136
vt 0.619427 0.360228
vt 0.623759 0.360058
vt 0.623058 0.398386
vt 0.618579 0.406638
vt 0.625772 0.429778
vt 0.621865 0.444650
vt 0.631210 0.450961
vt 0.628449 0.470300
vt 0.638640 0.458182
vt 0.637447 0.479044
vt 0.647488 0.469551
vt 0.646933 0.450342
vt 0.657044 0.443265
vt 0.654825 0.428634
vt 0.664661 0.404188
vt 0.661115 0.396362
vt 0.669178 0.358269
vt 0.664846 0.358440
vt 0.665448 0.320641
vt 0.669908 0.312500
vt 0.662832 0.288720
vt 0.666740 0.273848
vt 0.657395 0.267536
vt 0.649964 0.260315
vt 0.585785 0.672179
vt 0.585057 0.697461
vt 0.585057 0.697461
vt 0.584571 0.735365
vt 0.584571 0.735365
vt 0.584400 0.780118
vt 0.584400 0.780118
vt 0.584564 0.825530
vt 0.585057 0.862917
vt 0.585057 0.862917
vt 0.585785 0.888356
vt 0.586644 0.897354
vt 0.616431 0.673715
vt 0.616431 0.663366
vt 0.616431 0.663366
vt 0.611034 0.888498
vt 0.610724 0.863167
vt 0.610516 0.825230
vt 0.610443 0.780462
vt 0.610444 0.780462
vt 0.610516 0.735681
vt 0.610724 0.697702
vt 0.611034 0.672309
vt 0.611034 0.672309
vt 0.611400 0.663366
vt 0.611400 0.663366
vt 0.586644 0.663366
vt 0.609853 0.663366
vt 0.610163 0.688698
vt 0.610163 0.688698
vt 0.610371 0.726635
vt 0.610371 0.726635
vt 0.610443 0.771402
vt 0.610443 0.771402
vt 0.610374 0.816806
vt 0.610374 0.816806
vt 0.610163 0.854163
vt 0.610163 0.854163
vt 0.609853 0.879556
vt 0.609853 0.879556
vt 0.609487 0.888498
vt 0.609487 0.888498
vt 0.586644 0.897354
vt 0.587502 0.888541
vt 0.587502 0.888541
vt 0.588230 0.863259
vt 0.588230 0.863259
vt 0.588716 0.825356
vt 0.588716 0.825356
vt 0.588887 0.780602
vt 0.588887 0.780602
vt 0.588716 0.735812
vt 0.588716 0.735812
vt 0.588230 0.697804
vt 0.588230 0.697804
vt 0.587502 0.672364
vt 0.587502 0.672364
vt 0.586644 0.663366
vt 0.586644 0.663366
vt 0.616653 0.663366
vt 0.616653 0.673715
vt 0.616653 0.673715
vt 0.571052 0.672195
vt 0.582814 0.697461
vt 0.570324 0.697477
vt 0.582328 0.735365
vt 0.569838 0.735381
vt 0.569667 0.780134
vt 0.582157 0.780118
vt 0.582320 0.825530
vt 0.569831 0.825546
vt 0.582814 0.862917
vt 0.570324 0.862932
vt 0.583542 0.888356
vt 0.571052 0.888372
vt 0.584400 0.897354
vt 0.571911 0.897370
vt 0.729514 0.458413
vt 0.719258 0.469275
vt 0.719258 0.457035
vt 0.609121 0.888501
vt 0.596261 0.863167
vt 0.608810 0.863170
vt 0.596053 0.825230
vt 0.608603 0.825232
vt 0.595981 0.780462
vt 0.608530 0.780465
vt 0.596053 0.735681
vt 0.608603 0.735683
vt 0.596261 0.697702
vt 0.608810 0.697705
vt 0.596571 0.672309
vt 0.609121 0.672311
vt 0.596937 0.663366
vt 0.609487 0.663369
vt 0.571911 0.663382
vt 0.583542 0.672179
vt 0.228403 0.751972
vt 0.239375 0.770684
vt 0.236250 0.782890
vt 0.225302 0.784705
vt 0.234559 0.800744
vt 0.225302 0.822810
vt 0.234559 0.821530
vt 0.236226 0.842374
vt 0.228358 0.861022
vt 0.239375 0.859270
vt 0.234132 0.891998
vt 0.243458 0.870479
vt 0.241617 0.912547
vt 0.247878 0.874002
vt 0.249719 0.919006
vt 0.257204 0.910392
vt 0.251961 0.869304
vt 0.262933 0.888015
vt 0.255086 0.857098
vt 0.266034 0.855282
vt 0.256777 0.839243
vt 0.266034 0.817177
vt 0.256777 0.818457
vt 0.255086 0.797906
vt 0.262933 0.779501
vt 0.251961 0.780717
vt 0.257204 0.747989
vt 0.247878 0.769508
vt 0.249719 0.727440
vt 0.243458 0.765985
vt 0.241617 0.720981
vt 0.234132 0.729595
vt 0.245668 0.819994
vt 0.771249 0.014241
vt 0.760537 0.031481
vt 0.769652 0.010767
vt 0.762679 0.034504
vt 0.751906 0.065075
vt 0.754488 0.067395
vt 0.745832 0.108866
vt 0.748697 0.110287
vt 0.744269 0.158357
vt 0.747224 0.158771
vt 0.747972 0.207813
vt 0.758573 0.249958
vt 0.750806 0.207221
vt 0.768496 0.282431
vt 0.756059 0.251441
vt 0.778457 0.301821
vt 0.766463 0.284599
vt 0.787266 0.306938
vt 0.777016 0.304409
vt 0.268586 0.752047
vt 0.271008 0.742015
vt 0.270623 0.754314
vt 0.268893 0.740368
vt 0.270729 0.721867
vt 0.558678 0.901522
vt 0.563634 0.877691
vt 0.560632 0.903384
vt 0.561580 0.876174
vt 0.566062 0.843573
vt 0.565198 0.803969
vt 0.563945 0.842658
vt 0.565113 0.764050
vt 0.567340 0.804079
vt 0.563867 0.727229
vt 0.567241 0.763243
vt 0.561980 0.697310
vt 0.565940 0.725497
vt 0.560105 0.676848
vt 0.563961 0.694746
vt 0.558678 0.667030
vt 0.561962 0.673624
vt 0.779120 0.007632
vt 0.778129 0.003986
vt 0.779315 0.155422
vt 0.794839 0.297773
vt 0.801454 0.275229
vt 0.806848 0.241195
vt 0.810049 0.198765
vt 0.810049 0.152197
vt 0.806642 0.106370
vt 0.800691 0.065930
vt 0.793604 0.034540
vt 0.786394 0.014637
vt 0.704147 0.154956
vt 0.726192 0.083190
vt 0.730477 0.118323
vt 0.731393 0.157725
vt 0.728512 0.197050
vt 0.722393 0.231917
vt 0.714334 0.258683
vt 0.697686 0.279336
vt 0.684455 0.253270
vt 0.679838 0.225233
vt 0.677289 0.190398
vt 0.677358 0.152219
vt 0.680115 0.114571
vt 0.685018 0.081179
vt 0.691201 0.055120
vt 0.705021 0.032934
vt 0.719716 0.055884
vt 0.724251 0.028211
vt 0.714089 0.035596
vt 0.714594 0.006985
vt 0.733275 0.062590
vt 0.721919 0.053129
vt 0.739542 0.107369
vt 0.728777 0.081056
vt 0.741074 0.157956
vt 0.733304 0.116974
vt 0.731304 0.197448
vt 0.734294 0.157252
vt 0.737120 0.208494
vt 0.724906 0.233092
vt 0.728585 0.253071
vt 0.716427 0.260459
vt 0.717583 0.286950
vt 0.707338 0.277039
vt 0.706351 0.307192
vt 0.698688 0.281590
vt 0.687393 0.302993
vt 0.696218 0.312546
vt 0.679710 0.279459
vt 0.690954 0.273961
vt 0.673529 0.243904
vt 0.684370 0.254943
vt 0.669908 0.199559
vt 0.679347 0.226266
vt 0.669908 0.150879
vt 0.676549 0.190629
vt 0.679458 0.113058
vt 0.676560 0.151571
vt 0.673734 0.102980
vt 0.684676 0.078907
vt 0.680460 0.060730
vt 0.691306 0.052267
vt 0.688580 0.027969
vt 0.698589 0.035382
vt 0.696978 0.007237
vt 0.706205 0.029622
vt 0.705501 -0.000000
vt 0.758229 0.028171
vt 0.767938 0.006967
vt 0.712366 0.038753
vt 0.749120 0.062530
vt 0.742736 0.107297
vt 0.741074 0.157882
vt 0.744908 0.208429
vt 0.753343 0.253026
vt 0.764271 0.286929
vt 0.705765 0.274893
vt 0.786472 0.309648
vt 0.775467 0.307195
vt 0.273307 0.743773
vt 0.272840 0.756748
vt 0.731197 0.466207
vt 0.729514 0.457473
vt 0.731115 0.457035
vt 0.273057 0.722798
vt 0.595981 0.893136
vt 0.592268 0.879871
vt 0.594421 0.878286
vt 0.565869 0.879328
vt 0.562760 0.905396
vt 0.590632 0.855312
vt 0.592842 0.854162
vt 0.568364 0.844556
vt 0.589404 0.823469
vt 0.591645 0.822964
vt 0.591135 0.787673
vt 0.588887 0.787387
vt 0.569667 0.804188
vt 0.591418 0.751840
vt 0.589186 0.750702
vt 0.569552 0.762355
vt 0.592375 0.719113
vt 0.590182 0.717153
vt 0.568192 0.723604
vt 0.593694 0.692669
vt 0.591564 0.690000
vt 0.566113 0.691951
vt 0.594991 0.674806
vt 0.592943 0.671608
vt 0.785648 0.007246
vt 0.786027 0.011106
vt 0.595981 0.666873
vt 0.594029 0.663366
vt 0.777072 0.000000
vt 0.943384 0.261569
vt 0.938633 0.251486
vt 0.948180 0.253567
vt 0.939442 0.269910
vt 0.934095 0.260187
vt 0.938101 0.277013
vt 0.930411 0.269121
vt 0.323852 0.939406
vt 0.315807 0.931814
vt 0.324387 0.930592
vt 0.315443 0.940550
vt 0.306794 0.935308
vt 0.306616 0.944115
vt 0.298441 0.940681
vt 0.935129 0.348790
vt 0.937112 0.340961
vt 0.944092 0.347743
vt 0.927910 0.342602
vt 0.930988 0.333045
vt 0.921546 0.335410
vt 0.928218 0.324217
vt 0.920423 0.317944
vt 0.918581 0.327362
vt 0.926245 0.307250
vt 0.930183 0.314033
vt 0.933565 0.296716
vt 0.936050 0.302655
vt 0.935616 0.376955
vt 0.940381 0.383922
vt 0.931458 0.383922
vt 0.937610 0.368859
vt 0.944441 0.376847
vt 0.945812 0.359992
vt 0.946390 0.368589
vt 0.937005 0.360461
vt 0.942971 0.352003
vt 0.941762 0.221271
vt 0.936549 0.225466
vt 0.931749 0.216533
vt 0.946552 0.229668
vt 0.940529 0.234690
vt 0.950450 0.238234
vt 0.941376 0.243240
vt 0.951141 0.246059
vt 0.874539 0.961033
vt 0.865228 0.959036
vt 0.874539 0.929899
vt 0.353418 0.934029
vt 0.351115 0.925718
vt 0.380982 0.907479
vt 0.357756 0.942668
vt 0.364218 0.949598
vt 0.372341 0.953333
vt 0.380982 0.953857
vt 0.521787 0.957590
vt 0.512005 0.958569
vt 0.512005 0.912152
vt 0.531356 0.955384
vt 0.538558 0.950577
vt 0.542560 0.941924
vt 0.543983 0.929984
vt 0.543999 0.917367
vt 0.543361 0.907442
vt 0.710063 0.458262
vt 0.719258 0.457035
vt 0.719258 0.476038
vt 0.704154 0.464359
vt 0.846443 0.932743
vt 0.844384 0.926457
vt 0.849033 0.941778
vt 0.852464 0.950333
vt 0.857656 0.956098
vt 0.809926 0.921230
vt 0.826422 0.946242
vt 0.820309 0.951575
vt 0.814026 0.953922
vt 0.808246 0.952662
vt 0.954463 0.854470
vt 0.949341 0.891212
vt 0.942837 0.888071
vt 0.936516 0.883329
vt 0.931868 0.876788
vt 0.929637 0.868274
vt 0.929548 0.858387
vt 0.930698 0.848702
vt 0.932176 0.841238
vt 0.813863 0.895737
vt 0.820175 0.897593
vt 0.826461 0.902411
vt 0.831854 0.909068
vt 0.835481 0.916460
vt 0.836694 0.923988
vt 0.835311 0.931577
vt 0.831667 0.939185
vt 0.923993 0.258660
vt 0.916849 0.245125
vt 0.928259 0.249203
vt 0.912474 0.260813
vt 0.914447 0.253225
vt 0.695567 0.476341
vt 0.702756 0.466714
vt 0.704154 0.474982
vt 0.693388 0.465638
vt 0.704154 0.459988
vt 0.316206 0.922294
vt 0.308506 0.916693
vt 0.315821 0.914149
vt 0.959521 0.351265
vt 0.964013 0.337120
vt 0.968115 0.340593
vt 0.953859 0.346574
vt 0.959407 0.331204
vt 0.947137 0.339149
vt 0.955592 0.323758
vt 0.938704 0.320771
vt 0.941269 0.330445
vt 0.940796 0.309758
vt 0.953985 0.315242
vt 0.946704 0.297638
vt 0.955313 0.305848
vt 0.953987 0.285978
vt 0.959091 0.296085
vt 0.960146 0.277189
vt 0.963889 0.287114
vt 0.955911 0.368296
vt 0.962129 0.373808
vt 0.954013 0.376729
vt 0.955359 0.359483
vt 0.963420 0.367049
vt 0.961575 0.353350
vt 0.963158 0.359984
vt 0.920889 0.211372
vt 0.915253 0.220521
vt 0.912474 0.213207
vt 0.925698 0.220885
vt 0.917598 0.228710
vt 0.929762 0.230823
vt 0.918216 0.236962
vt 0.930772 0.240157
vt 0.933606 0.827895
vt 0.941786 0.817782
vt 0.944148 0.826071
vt 0.935775 0.835266
vt 0.946113 0.833958
vt 0.929273 0.276636
vt 0.920583 0.268237
vt 0.946624 0.840284
vt 0.936438 0.841238
vt 0.324970 0.920991
vt 0.543999 0.911025
vt 0.555080 0.913894
vt 0.545960 0.917340
vt 0.306991 0.925709
vt 0.555126 0.921611
vt 0.545914 0.924910
vt 0.298441 0.930865
vt 0.553355 0.929651
vt 0.543999 0.932810
vt 0.928839 0.478323
vt 0.923262 0.470360
vt 0.933704 0.472602
vt 0.927114 0.462703
vt 0.937747 0.465585
vt 0.939513 0.457681
vt 0.928718 0.454107
vt 0.938251 0.449021
vt 0.927347 0.444770
vt 0.934445 0.440044
vt 0.923489 0.435191
vt 0.943356 0.291579
vt 0.929545 0.431837
vt 0.918581 0.426512
vt 0.950066 0.383921
vt 0.271335 0.941013
vt 0.263466 0.945760
vt 0.260320 0.939027
vt 0.270174 0.933964
vt 0.259192 0.931831
vt 0.260417 0.924941
vt 0.271370 0.927234
vt 0.952595 0.351265
vt 0.263588 0.919006
vt 0.274506 0.921455
vt 0.935413 0.791262
vt 0.943694 0.793454
vt 0.932519 0.797771
vt 0.941215 0.801409
vt 0.930127 0.805147
vt 0.940492 0.809566
vt 0.929548 0.812661
vt 0.931032 0.820221
vt 0.850598 0.011052
vt 0.838677 0.027042
vt 0.849246 0.008153
vt 0.840602 0.029649
vt 0.827642 0.058799
vt 0.830054 0.060837
vt 0.818395 0.101081
vt 0.821153 0.102312
vt 0.813205 0.149860
vt 0.816116 0.198868
vt 0.816126 0.150118
vt 0.820679 0.242738
vt 0.813241 0.199647
vt 0.828136 0.276795
vt 0.818054 0.244502
vt 0.836592 0.297916
vt 0.825937 0.279384
vt 0.844949 0.304880
vt 0.834948 0.301093
vt 0.852764 0.301268
vt 0.843937 0.308357
vt 0.903793 0.270258
vt 0.907172 0.251220
vt 0.905695 0.273592
vt 0.905225 0.248425
vt 0.908768 0.218090
vt 0.906797 0.216063
vt 0.909941 0.177117
vt 0.907962 0.176010
vt 0.910330 0.132434
vt 0.908354 0.132297
vt 0.909829 0.088737
vt 0.906644 0.051938
vt 0.907865 0.089512
vt 0.905097 0.022959
vt 0.908586 0.050405
vt 0.903793 0.004949
vt 0.907003 0.020886
vt 0.858890 0.006076
vt 0.865448 0.012263
vt 0.865578 0.014883
vt 0.858151 0.003173
vt 0.848113 0.156409
vt 0.853121 0.297800
vt 0.861318 0.277559
vt 0.869147 0.245724
vt 0.875426 0.204878
vt 0.878846 0.158844
vt 0.878846 0.112367
vt 0.875940 0.070319
vt 0.871244 0.036849
vt 0.807051 0.635805
vt 0.823831 0.557615
vt 0.830786 0.591614
vt 0.834743 0.630502
vt 0.834937 0.670075
vt 0.831583 0.705878
vt 0.825682 0.734045
vt 0.810750 0.758177
vt 0.795424 0.736062
vt 0.788561 0.709808
vt 0.783253 0.676210
vt 0.780343 0.638449
vt 0.780207 0.600314
vt 0.782582 0.565675
vt 0.786819 0.537915
vt 0.798977 0.512131
vt 0.815320 0.531793
vt 0.817710 0.503214
vt 0.807979 0.513806
vt 0.806532 0.484017
vt 0.829281 0.535579
vt 0.817090 0.529585
vt 0.838947 0.578728
vt 0.826034 0.555910
vt 0.844384 0.628557
vt 0.833293 0.590617
vt 0.837543 0.670826
vt 0.837391 0.630353
vt 0.844384 0.679469
vt 0.833968 0.707485
vt 0.839390 0.725395
vt 0.827689 0.736375
vt 0.831134 0.761179
vt 0.819957 0.754762
vt 0.821585 0.783535
vt 0.811695 0.761294
vt 0.802327 0.784059
vt 0.811922 0.791139
vt 0.792720 0.763173
vt 0.803353 0.755777
vt 0.783664 0.730086
vt 0.795236 0.738889
vt 0.776516 0.687490
vt 0.787916 0.712100
vt 0.772712 0.639390
vt 0.782300 0.677766
vt 0.779202 0.600113
vt 0.779265 0.639143
vt 0.772863 0.590762
vt 0.781834 0.564640
vt 0.776409 0.546713
vt 0.786473 0.536188
vt 0.782110 0.511590
vt 0.792501 0.517336
vt 0.788992 0.488456
vt 0.799679 0.509659
vt 0.796971 0.479044
vt 0.836607 0.024190
vt 0.847799 0.004984
vt 0.806725 0.516275
vt 0.825043 0.056565
vt 0.815417 0.099724
vt 0.810049 0.149561
vt 0.810134 0.200475
vt 0.815220 0.246399
vt 0.823566 0.282178
vt 0.818446 0.751913
vt 0.833180 0.304525
vt 0.852398 0.305017
vt 0.842856 0.312116
vt 0.558151 0.869288
vt 0.555004 0.863229
vt 0.557152 0.860375
vt 0.909289 0.254229
vt 0.907765 0.277189
vt 0.553846 0.844757
vt 0.556061 0.842446
vt 0.910910 0.220264
vt 0.552917 0.818587
vt 0.555170 0.816974
vt 0.912089 0.178291
vt 0.552554 0.787157
vt 0.554819 0.786326
vt 0.912474 0.132553
vt 0.552976 0.753639
vt 0.555226 0.753588
vt 0.911961 0.087866
vt 0.554193 0.721447
vt 0.556407 0.722092
vt 0.558151 0.694880
vt 0.555994 0.693693
vt 0.910694 0.048711
vt 0.268241 0.749041
vt 0.266372 0.769973
vt 0.266034 0.748135
vt 0.905646 0.002590
vt 0.909071 0.018607
vt 0.268306 0.733011
vt 0.266131 0.731407
vt 0.865327 0.009396
vt 0.268586 0.723167
vt 0.266467 0.720981
vt 0.857368 0.000000
vt 0.599281 0.943007
vt 0.596727 0.935583
vt 0.606321 0.931652
vt 0.591930 0.954486
vt 0.589902 0.947466
vt 0.233780 0.928575
vt 0.225306 0.928850
vt 0.225302 0.919006
vt 0.242722 0.932744
vt 0.233978 0.938540
vt 0.251584 0.940904
vt 0.243111 0.942793
vt 0.251026 0.930803
vt 0.258455 0.933430
vt 0.450894 0.958019
vt 0.456408 0.951992
vt 0.460448 0.962956
vt 0.446530 0.947460
vt 0.452006 0.940474
vt 0.441825 0.936471
vt 0.449741 0.930263
vt 0.439331 0.926872
vt 0.451065 0.921851
vt 0.444645 0.912721
vt 0.440532 0.919107
vt 0.449227 0.907442
vt 0.455190 0.914842
vt 0.405338 0.932027
vt 0.412618 0.941887
vt 0.403477 0.939481
vt 0.414846 0.925598
vt 0.414231 0.934195
vt 0.406058 0.923643
vt 0.414255 0.916970
vt 0.405403 0.915177
vt 0.412526 0.909171
vt 0.595239 0.905677
vt 0.593004 0.912144
vt 0.585105 0.907346
vt 0.603072 0.909979
vt 0.598932 0.918057
vt 0.610150 0.922300
vt 0.608888 0.915313
vt 0.600356 0.925646
vt 0.479735 0.936989
vt 0.480028 0.923762
vt 0.512005 0.951834
vt 0.479747 0.950414
vt 0.479809 0.960631
vt 0.918420 0.937648
vt 0.918930 0.944723
vt 0.886790 0.950506
vt 0.913607 0.930447
vt 0.905466 0.923893
vt 0.895928 0.918596
vt 0.886790 0.915348
vt 0.268586 0.756748
vt 0.276850 0.762144
vt 0.268586 0.790593
vt 0.291069 0.915842
vt 0.298441 0.914149
vt 0.298441 0.950443
vt 0.283910 0.920793
vt 0.277716 0.927874
vt 0.395938 0.914327
vt 0.403477 0.916983
vt 0.380982 0.950750
vt 0.388152 0.911076
vt 0.380982 0.907479
vt 0.504166 0.908036
vt 0.512005 0.909154
vt 0.494980 0.907442
vt 0.486999 0.908757
vt 0.481996 0.913902
vt 0.326461 0.942065
vt 0.350976 0.946734
vt 0.350584 0.954626
vt 0.959837 0.207662
vt 0.942852 0.188401
vt 0.948831 0.184612
vt 0.954721 0.182251
vt 0.959837 0.181414
vt 0.955659 0.181414
vt 0.940894 0.171356
vt 0.945004 0.163692
vt 0.950065 0.158107
vt 0.955659 0.154428
vt 0.931458 0.414894
vt 0.936224 0.386062
vt 0.941974 0.388798
vt 0.948439 0.391380
vt 0.955060 0.393392
vt 0.332015 0.907567
vt 0.338615 0.908827
vt 0.348659 0.917589
vt 0.350622 0.926102
vt 0.351115 0.936479
vt 0.579706 0.952291
vt 0.571767 0.943849
vt 0.586306 0.939832
vt 0.572752 0.964674
vt 0.567480 0.953711
vt 0.567429 0.974187
vt 0.562666 0.963078
vt 0.844104 0.800232
vt 0.833296 0.794981
vt 0.842144 0.791139
vt 0.844092 0.809334
vt 0.834683 0.802249
vt 0.833296 0.815959
vt 0.834657 0.809510
vt 0.470856 0.968310
vt 0.477618 0.957385
vt 0.479735 0.965975
vt 0.467168 0.956906
vt 0.475322 0.947832
vt 0.463090 0.944810
vt 0.474207 0.938685
vt 0.461066 0.933931
vt 0.475016 0.930608
vt 0.466648 0.917125
vt 0.462518 0.924813
vt 0.471062 0.910746
vt 0.477309 0.923765
vt 0.422530 0.944491
vt 0.434837 0.937740
vt 0.434402 0.944279
vt 0.423866 0.936539
vt 0.434996 0.930598
vt 0.424364 0.927709
vt 0.434696 0.923542
vt 0.567054 0.905396
vt 0.563598 0.916727
vt 0.558678 0.913747
vt 0.574117 0.909133
vt 0.568903 0.921375
vt 0.582084 0.914471
vt 0.572819 0.927406
vt 0.589725 0.929259
vt 0.588130 0.921014
vt 0.573882 0.934887
vt 0.936019 0.927169
vt 0.942431 0.922385
vt 0.946591 0.932156
vt 0.582746 0.959377
vt 0.940909 0.935971
vt 0.951335 0.941336
vt 0.225302 0.939545
vt 0.943000 0.132231
vt 0.948823 0.126656
vt 0.954392 0.134641
vt 0.234185 0.949372
vt 0.944943 0.139920
vt 0.956379 0.142503
vt 0.252183 0.951892
vt 0.243528 0.953722
vt 0.954421 0.149330
vt 0.942945 0.146582
vt 0.259192 0.944419
vt 0.948983 0.154428
vt 0.937486 0.151543
vt 0.861719 0.472790
vt 0.853061 0.469628
vt 0.864209 0.464844
vt 0.855429 0.460250
vt 0.866822 0.455937
vt 0.856569 0.451151
vt 0.868150 0.447386
vt 0.855733 0.442995
vt 0.867422 0.439806
vt 0.865079 0.433312
vt 0.853367 0.435953
vt 0.459696 0.909037
vt 0.862493 0.428028
vt 0.850828 0.430209
vt 0.276850 0.809681
vt 0.267340 0.818110
vt 0.267688 0.811221
vt 0.267743 0.804068
vt 0.276808 0.802712
vt 0.423842 0.918904
vt 0.267637 0.797363
vt 0.276761 0.796139
vt 0.422326 0.910996
vt 0.267340 0.791746
vt 0.276656 0.790593
vt 0.940048 0.892481
vt 0.945822 0.899804
vt 0.934624 0.896860
vt 0.941712 0.905925
vt 0.930634 0.902471
vt 0.929548 0.909449
vt 0.940473 0.913442
vt 0.931682 0.917868
vt 0.683546 0.474904
vt 0.679843 0.450887
vt 0.681921 0.446169
vt 0.765601 0.827361
vt 0.762850 0.809250
vt 0.765601 0.802283
vt 0.690318 0.476516
vt 0.686761 0.465532
vt 0.690318 0.457035
vt 0.999997 0.630707
vt 0.993837 0.632791
vt 0.993822 0.620922
vt 0.999997 0.634929
vt 1.000000 0.632818
vt 0.999989 0.636834
vt 0.993822 0.644663
vt 0.693388 0.458194
vt 0.690318 0.470778
vt 0.692842 0.457035
vt 0.769968 0.803024
vt 0.767544 0.821285
vt 0.769537 0.802283
vt 0.882940 0.284154
vt 0.882782 0.307289
vt 0.882539 0.283947
vt 0.886977 0.307331
vt 0.885033 0.308453
vt 0.765601 0.802822
vt 0.767544 0.823457
vt 0.765601 0.826488
vt 0.616653 0.646319
vt 0.623563 0.663419
vt 0.623400 0.671899
vt 0.616682 0.644811
vt 0.623668 0.652723
vt 0.616701 0.642909
vt 0.623704 0.640857
vt 0.616701 0.638688
vt 0.616707 0.640800
vt 0.616682 0.636782
vt 0.623668 0.628983
vt 0.616653 0.635268
vt 0.623563 0.618264
vt 0.273307 0.749955
vt 0.275265 0.725384
vt 0.273655 0.750737
vt 0.683929 0.474601
vt 0.686086 0.445946
vt 0.684287 0.474864
vt 0.684072 0.444467
vt 0.720028 0.471483
vt 0.720417 0.470653
vt 0.720417 0.476132
vt 0.693134 0.313797
vt 0.693592 0.312546
vt 0.693592 0.317212
vt 0.694770 0.314062
vt 0.695390 0.312546
vt 0.695390 0.315991
vt 0.671839 0.477380
vt 0.672893 0.475928
vt 0.672893 0.477954
vt 0.671839 0.477954
vt 0.670873 0.476455
vt 0.671839 0.475742
vt 0.694770 0.316171
vt 0.694181 0.314678
vt 0.694770 0.312546
vt 0.692231 0.317346
vt 0.691786 0.316144
vt 0.692231 0.312546
vt 0.719643 0.476203
vt 0.719258 0.475438
vt 0.719643 0.470653
vt 0.558678 0.699478
vt 0.558308 0.699231
vt 0.558678 0.693693
vt 0.558678 0.704944
vt 0.558308 0.705263
vt 0.558308 0.699478
vt 0.720807 0.475302
vt 0.720417 0.476132
vt 0.720417 0.470653
vt 0.693134 0.315961
vt 0.692676 0.317212
vt 0.692676 0.312546
vt 0.696010 0.314475
vt 0.695390 0.315991
vt 0.695390 0.312546
vt 0.674083 0.475928
vt 0.674083 0.477722
vt 0.672893 0.476083
vt 0.669908 0.475742
vt 0.670873 0.477241
vt 0.669908 0.477954
vt 0.693592 0.312546
vt 0.694181 0.314039
vt 0.693592 0.316171
vt 0.692676 0.313748
vt 0.692231 0.317346
vt 0.719643 0.470653
vt 0.720027 0.471419
vt 0.719643 0.476203
vt 0.558308 0.705263
vt 0.558678 0.705511
vt 0.558308 0.711048
vt 0.558308 0.711367
vt 0.558678 0.711048
vt 0.558678 0.716834
vt 0.894738 0.057735
vt 0.897980 0.065836
vt 0.893034 0.111799
vt 0.900737 0.078436
vt 0.902740 0.094302
vt 0.903793 0.111881
vt 0.903793 0.129451
vt 0.902740 0.145294
vt 0.900737 0.157858
vt 0.897980 0.165913
vt 0.894738 0.168671
vt 0.891330 0.165862
vt 0.888089 0.157761
vt 0.885332 0.145161
vt 0.883328 0.129295
vt 0.882275 0.111716
vt 0.882275 0.094146
vt 0.883328 0.078303
vt 0.885332 0.065740
vt 0.888089 0.057684
vt 0.891330 0.054926
vt 0.584400 0.663366
vt 0.868177 0.376144
vt 0.870496 0.426787
vt 0.859635 0.373432
vt 0.878846 0.006030
vt 0.737840 0.533221
vt 0.771906 0.582788
vt 0.772232 0.591462
vt 0.738404 0.562699
vt 0.772490 0.604944
vt 0.738766 0.599805
vt 0.772655 0.621915
vt 0.738891 0.640908
vt 0.772712 0.640714
vt 0.772655 0.659501
vt 0.738766 0.681984
vt 0.772490 0.676437
vt 0.738404 0.719013
vt 0.772232 0.689864
vt 0.737840 0.748369
vt 0.878846 0.224838
vt 0.885933 0.242550
vt 0.893385 0.248692
vt 0.900472 0.242661
vt 0.880243 0.740314
vt 0.844384 0.690618
vt 0.844523 0.681965
vt 0.880484 0.710872
vt 0.844633 0.668499
vt 0.880638 0.673787
vt 0.844703 0.651538
vt 0.880691 0.632690
vt 0.844728 0.632741
vt 0.844703 0.613949
vt 0.880638 0.591603
vt 0.844633 0.597002
vt 0.880484 0.554549
vt 0.844523 0.583557
vt 0.880243 0.525154
vt 0.844384 0.574932
vt 0.879940 0.506297
vt 0.867662 0.346175
vt 0.857280 0.342878
vt 0.850828 0.343876
vt 0.854327 0.374253
vt 0.714419 0.510107
vt 0.737129 0.514258
vt 0.715105 0.545936
vt 0.715545 0.591038
vt 0.715697 0.640998
vt 0.715545 0.690925
vt 0.715105 0.735932
vt 0.714419 0.771613
vt 0.737129 0.767179
vt 0.713555 0.794476
vt 0.882854 0.276482
vt 0.891911 0.283947
vt 0.900525 0.276618
vt 0.904239 0.763486
vt 0.879940 0.759232
vt 0.904531 0.727700
vt 0.904719 0.682624
vt 0.904783 0.632671
vt 0.904719 0.582732
vt 0.904531 0.537693
vt 0.904239 0.501965
vt 0.903870 0.479044
vt 0.864421 0.317800
vt 0.684695 0.485303
vt 0.713555 0.487058
vt 0.685616 0.493008
vt 0.686446 0.515170
vt 0.687106 0.549619
vt 0.687529 0.592985
vt 0.687675 0.641020
vt 0.687529 0.689025
vt 0.687106 0.732298
vt 0.686446 0.766606
vt 0.685616 0.788589
vt 0.684695 0.796095
vt 0.712598 0.802283
vt 0.889914 0.428856
vt 0.878846 0.450029
vt 0.880809 0.424148
vt 0.931891 0.780569
vt 0.932245 0.758460
vt 0.932526 0.724051
vt 0.932707 0.680711
vt 0.932769 0.632682
vt 0.932707 0.584666
vt 0.932526 0.541362
vt 0.932245 0.507009
vt 0.931891 0.484971
vt 0.680005 0.422115
vt 0.683494 0.419354
vt 0.686761 0.421753
vt 0.623195 0.604270
vt 0.632863 0.590445
vt 0.623400 0.609748
vt 0.633127 0.604255
vt 0.633296 0.621638
vt 0.633355 0.640894
vt 0.633296 0.660138
vt 0.633127 0.677485
vt 0.632863 0.691238
vt 0.623195 0.677333
vt 0.632530 0.700050
vt 0.889439 0.328492
vt 0.886286 0.330310
vt 0.882636 0.328423
vt 0.878846 0.323014
vt 0.880445 0.303954
vt 0.993707 0.663881
vt 0.984697 0.669396
vt 0.993777 0.655376
vt 0.984770 0.652023
vt 0.984795 0.632769
vt 0.984770 0.613521
vt 0.993777 0.610218
vt 0.984697 0.596162
vt 0.993707 0.601726
vt 0.984585 0.582391
vt 0.676636 0.429766
vt 0.669908 0.319434
vt 0.678611 0.312546
vt 0.686761 0.318531
vt 0.632530 0.581561
vt 0.897779 0.424320
vt 0.984443 0.692052
vt 0.984585 0.683190
vt 0.984443 0.573556
vt 0.762850 0.802838
vt 0.275906 0.721105
vt 0.903610 0.915348
vt 0.689755 0.940702
vt 0.000000 0.720981
vt 0.918581 0.392529
vt 0.611400 0.663434
vt 0.912474 0.124712
vt 0.326461 0.882847
vt 0.931458 0.426512
vt 0.691786 0.457035
vt 0.275265 0.721000
vt 0.741219 0.317800
vt 0.804291 0.955144
vt 0.837984 0.457005
vt 0.552554 0.907442
vt 0.924603 0.196769
vt 0.691786 0.457035
vt 0.820364 0.895737
vt 0.837984 0.456941
vt 0.225302 0.744871
vt 0.821164 0.883866
vt 0.296872 0.693693
vt 0.808246 0.920407
vt 0.581126 -0.000000
vt 0.100548 0.000000
vt 0.455444 0.693693
vt 0.590849 0.278122
vt 0.616431 0.673715
vt 0.611034 0.888498
vt 0.609853 0.663366
vt 0.586644 0.897354
vt 0.616653 0.663366
vt 0.729514 0.470653
vt 0.596571 0.888498
vt 0.584400 0.663366
vt 0.268586 0.720981
vt 0.560387 0.663366
vt 0.690522 0.271869
vt 0.697958 0.038590
vt 0.785628 0.312567
vt 0.729514 0.467242
vt 0.593907 0.894911
vt 0.563980 0.670112
vt 0.298444 0.949687
vt 0.934093 0.352682
vt 0.954463 0.892481
vt 0.808246 0.897394
vt 0.694859 0.457035
vt 0.968115 0.280492
vt 0.919657 0.276198
vt 0.553095 0.907442
vt 0.918581 0.476601
vt 0.274506 0.947629
vt 0.946624 0.786481
vt 0.802992 0.752667
vt 0.792348 0.519555
vt 0.556096 0.872478
vt 0.268586 0.770127
vt 0.907658 -0.000000
vt 0.257771 0.923328
vt 0.403477 0.907479
vt 0.937485 0.193259
vt 0.937485 0.180145
vt 0.931458 0.383922
vt 0.326461 0.907479
vt 0.344576 0.911902
vt 0.558678 0.970119
vt 0.842397 0.817340
vt 0.479735 0.918321
vt 0.937486 0.124410
vt 0.850828 0.477932
vt 0.276738 0.816356
vt 0.951335 0.894995
vt 0.683177 0.475742
vt 0.765111 0.828600
vt 0.689685 0.478027
vt 0.693388 0.477301
vt 0.769968 0.825450
vt 0.883285 0.283955
vt 0.765946 0.802283
vt 0.273307 0.720981
vt 0.874403 0.428028
vt 0.885933 -0.000000
vt 0.903870 0.786481
vt 0.874403 0.320969
vt 0.712598 0.479044
vt 0.888316 0.454926
s 1
g off
g pCube1_PATAS
usemtl PATAS
f 2/1/1 3/2/2 1/3/3
s 2
f 10/4/4 12/5/4 9/6/4
s 3
f 5/7/5 8/8/6 7/9/7
s 4
f 8/10/8 1/11/8 7/12/8
s 5
f 8/13/9 4/14/9 2/15/9
s 6
f 1/16/10 5/17/10 7/18/10
s 7
f 4/19/11 9/20/12 3/2/13
s 8
f 6/21/14 10/22/14 4/14/14
s 9
f 6/23/15 12/24/16 11/25/17
s 10
f 3/26/18 12/5/18 5/17/18
s 11
f 14/27/19 15/28/20 13/29/21
s 12
f 22/30/22 24/31/22 21/32/22
s 13
f 17/33/23 20/34/24 19/35/25
s 14
f 20/36/26 13/37/26 19/38/26
s 15
f 20/36/27 16/39/27 14/40/27
s 16
f 13/41/28 17/42/28 19/43/28
s 17
f 15/28/29 22/44/30 21/45/31
s 18
f 18/46/32 22/30/32 16/47/32
s 19
f 17/33/33 23/48/34 18/49/35
s 20
f 15/50/36 24/51/36 17/52/36
s 21
f 26/53/37 27/54/38 25/55/39
s 22
f 34/56/40 36/57/40 33/58/40
s 23
f 29/59/41 32/60/42 31/61/43
s 24
f 32/62/44 25/63/44 31/64/44
s 25
f 32/65/45 28/66/45 26/53/45
s 26
f 31/67/46 27/68/46 29/69/46
s 27
f 28/70/47 33/71/48 27/72/49
s 28
f 30/73/50 34/74/50 28/66/50
s 29
f 30/75/51 36/76/52 35/77/53
s 30
f 29/69/54 33/58/54 36/57/54
s 31
f 38/78/55 39/79/56 37/80/57
s 32
f 46/81/58 48/82/58 45/83/58
s 33
f 41/84/59 44/85/60 43/86/61
s 34
f 44/87/62 37/88/62 43/89/62
s 35
f 44/87/63 40/90/63 38/91/63
s 36
f 37/92/64 41/93/64 43/94/64
s 37
f 39/79/65 46/95/66 45/96/67
s 38
f 40/97/68 47/98/68 46/99/68
s 39
f 41/84/69 47/100/70 42/101/71
s 40
f 41/102/72 45/103/72 48/104/72
s 1
f 2/1/1 4/19/1560 3/2/2
s 2
f 10/4/4 11/1519/4 12/5/4
s 3
f 5/7/5 6/23/1561 8/8/6
s 4
f 8/10/8 2/1520/8 1/11/8
s 5
f 8/13/9 6/21/9 4/14/9
s 6
f 1/16/10 3/26/10 5/17/10
s 7
f 4/19/11 10/1521/1562 9/20/12
s 8
f 6/21/14 11/1522/14 10/22/14
s 9
f 6/23/15 5/7/1563 12/24/16
s 10
f 3/26/18 9/6/18 12/5/18
s 11
f 14/27/19 16/1523/1564 15/28/20
s 12
f 22/30/22 23/1524/22 24/31/22
s 13
f 17/33/23 18/49/1565 20/34/24
s 14
f 20/36/26 14/40/1566 13/37/26
s 15
f 20/36/27 18/1525/27 16/39/27
s 16
f 13/41/28 15/1526/28 17/42/28
s 17
f 15/28/29 16/1523/1567 22/44/30
s 18
f 18/46/32 23/1524/32 22/30/32
s 19
f 17/33/33 24/1527/1568 23/48/34
s 20
f 15/50/36 21/1528/36 24/51/36
s 21
f 26/53/37 28/66/1569 27/54/38
s 22
f 34/56/40 35/1529/40 36/57/40
s 23
f 29/59/41 30/75/1570 32/60/42
s 24
f 32/62/44 26/1530/44 25/63/44
s 25
f 32/65/45 30/73/45 28/66/45
s 26
f 31/67/46 25/1531/46 27/68/46
s 27
f 28/70/47 34/1532/1571 33/71/48
s 28
f 30/73/50 35/1533/50 34/74/50
s 29
f 30/75/51 29/59/1572 36/76/52
s 30
f 29/69/54 27/68/54 33/58/54
s 31
f 38/78/55 40/1534/1573 39/79/56
s 32
f 46/81/58 47/1535/58 48/82/58
s 33
f 41/84/59 42/101/1574 44/85/60
s 34
f 44/87/62 38/91/1575 37/88/62
s 35
f 44/87/63 42/1536/63 40/90/63
s 36
f 37/92/64 39/1537/64 41/93/64
s 37
f 39/79/65 40/1534/1576 46/95/66
s 38
f 40/97/68 42/1538/68 47/98/68
s 39
f 41/84/69 48/1539/1577 47/100/70
s 40
f 41/102/72 39/1540/72 45/103/72
s 41
g pCube1_BAJA
usemtl BAJA
f 49/105/73 273/106/74 258/107/75
f 50/108/76 272/109/77 273/110/74
f 51/111/78 271/112/79 272/109/77
f 53/113/80 271/112/79 52/114/81
f 54/115/82 270/116/83 53/113/80
f 55/117/84 269/118/85 54/115/82
f 56/119/86 268/120/87 55/121/84
f 56/119/86 266/122/88 267/123/86
f 57/124/89 265/125/90 266/126/88
f 58/127/91 264/128/92 265/125/90
f 59/129/93 263/130/94 264/128/92
f 61/131/95 263/130/94 60/132/94
f 62/133/96 262/134/97 61/131/95
f 63/135/98 261/136/99 62/133/96
f 64/137/100 260/138/101 63/139/98
f 64/137/100 258/107/75 259/140/100
f 259/140/100 177/398/230 178/302/215
f 259/140/100 179/304/216 260/138/101
f 260/399/101 180/306/217 261/136/99
f 261/136/99 181/307/218 262/134/97
f 262/134/97 182/308/219 263/130/94
f 264/128/92 182/308/219 183/309/220
f 265/125/90 183/309/220 184/310/221
f 266/126/88 184/310/221 185/311/222
f 267/123/86 185/400/222 186/312/223
f 267/123/86 187/314/224 268/120/87
f 268/401/87 188/316/225 269/118/85
f 269/118/85 189/317/226 270/116/83
f 270/116/83 190/318/227 271/112/79
f 272/109/77 190/318/227 191/319/228
f 273/110/74 191/319/228 192/320/229
f 258/107/75 192/402/229 177/398/230
s 87
f 50/403/305 274/404/305 275/405/305
f 51/406/305 275/405/305 276/407/305
f 52/408/305 276/407/305 277/409/305
f 52/408/305 278/410/305 53/411/305
f 53/411/305 279/412/305 54/413/305
f 54/413/305 280/414/305 55/415/305
f 55/415/305 281/416/305 56/417/305
f 57/418/305 281/416/305 282/419/305
f 58/420/305 282/419/305 283/421/305
f 59/422/305 283/421/305 284/423/305
f 60/424/305 284/423/305 285/425/305
f 60/424/305 286/426/305 61/427/305
f 61/427/305 287/428/305 62/429/305
f 62/429/305 288/430/305 63/139/305
f 63/139/305 289/431/305 64/137/305
f 49/105/305 289/431/305 274/404/305
s 137
f 355/562/375 376/563/376 375/564/377
f 356/565/378 377/566/379 376/563/376
f 357/567/380 378/568/381 377/566/379
f 358/569/382 379/570/383 378/568/381
f 359/571/384 380/572/385 379/570/383
f 361/573/386 380/572/385 360/574/387
f 362/575/388 381/576/389 361/573/386
f 363/577/390 382/578/391 362/575/388
f 364/579/392 383/580/393 363/577/390
f 364/581/392 385/582/394 384/583/395
f 365/584/396 386/585/397 385/582/394
f 366/586/398 387/587/399 386/588/397
f 367/589/400 388/590/401 387/587/399
f 369/591/402 388/590/401 368/592/403
f 370/593/404 389/594/405 369/591/402
f 371/595/406 390/596/407 370/593/404
f 372/597/408 391/598/409 371/595/406
f 373/599/410 392/600/411 372/597/408
f 374/601/412 393/602/413 373/599/410
f 374/603/412 375/564/377 394/604/414
s 138
f 356/565/415 355/562/416 395/605/417
f 357/567/418 356/565/415 395/605/417
f 358/569/419 357/567/418 395/605/417
f 359/571/420 358/569/419 395/605/417
f 360/574/421 359/571/420 395/605/417
f 361/573/422 360/574/421 395/605/417
f 362/575/423 361/573/422 395/605/417
f 363/577/424 362/575/423 395/605/417
f 364/579/425 363/577/424 395/605/417
f 365/606/426 364/579/425 395/605/417
f 366/607/427 365/606/426 395/605/417
f 367/608/428 366/607/427 395/605/417
f 368/609/429 367/608/428 395/605/417
f 369/610/430 368/609/429 395/605/417
f 370/611/431 369/610/430 395/605/417
f 371/612/432 370/611/431 395/605/417
f 372/613/433 371/612/432 395/605/417
f 373/614/434 372/613/433 395/605/417
f 374/603/435 373/614/434 395/605/417
f 355/562/416 374/603/435 395/605/417
s 140
f 418/632/453 420/633/454 417/634/455
s 141
f 421/635/456 419/636/457 418/632/458
s 142
f 423/637/459 422/638/460 421/635/461
s 143
f 425/639/462 424/640/463 423/637/464
s 144
f 425/639/465 428/641/466 426/642/467
s 145
f 427/643/468 430/644/469 428/641/470
s 146
f 429/645/471 432/646/472 430/644/473
s 147
f 431/647/474 434/648/475 432/646/476
s 148
f 433/649/477 436/650/478 434/648/479
s 149
f 437/651/480 436/650/481 435/652/482
s 150
f 439/653/483 438/654/484 437/651/485
s 151
f 441/655/486 440/656/487 439/653/488
s 152
f 443/657/489 442/658/490 441/655/491
s 153
f 445/659/492 444/660/493 443/657/494
s 154
f 445/659/495 448/661/496 446/662/497
s 155
f 447/663/498 450/664/499 448/661/500
s 156
f 449/665/501 452/666/502 450/664/503
s 157
f 451/667/504 454/668/505 452/666/506
s 158
f 453/669/507 456/670/508 454/668/509
s 159
f 417/634/510 456/670/511 455/671/512
s 160
f 375/564/513 418/672/514 417/673/515
s 161
f 396/674/516 419/636/517 397/631/518
s 162
f 376/563/519 421/675/520 418/672/521
s 163
f 397/631/522 422/638/523 399/616/524
s 164
f 377/566/525 423/676/526 421/675/527
s 165
f 399/616/528 424/640/529 400/617/530
s 166
f 378/568/531 425/677/532 423/676/533
s 167
f 400/617/534 426/642/535 401/618/536
s 168
f 379/570/537 427/678/538 425/677/539
s 169
f 401/618/540 428/641/541 402/619/542
s 170
f 381/576/543 427/678/544 380/572/545
s 171
f 403/620/546 428/641/547 430/644/548
s 172
f 382/578/549 429/679/550 381/576/551
s 173
f 404/621/552 430/644/553 432/646/554
s 174
f 383/580/555 431/680/556 382/578/557
s 175
f 405/681/558 432/646/559 434/648/560
s 176
f 384/682/561 433/683/562 383/580/563
s 177
f 406/622/564 434/648/565 436/650/566
s 178
f 384/583/567 437/684/568 435/685/569
s 179
f 406/686/570 438/687/571 407/688/572
s 180
f 385/582/573 439/689/574 437/684/575
s 181
f 407/690/576 440/691/577 408/692/578
s 182
f 386/588/579 441/693/580 439/694/581
s 183
f 408/692/582 442/695/583 409/696/584
s 184
f 387/587/585 443/697/586 441/693/587
s 185
f 409/696/588 444/698/589 410/699/590
s 186
f 389/594/591 443/697/592 388/590/593
s 187
f 411/700/594 444/698/595 446/701/596
s 188
f 390/596/597 445/702/598 389/594/599
s 189
f 412/703/600 446/701/601 448/704/602
s 190
f 391/598/603 447/705/604 390/596/605
s 191
f 413/706/606 448/704/607 450/707/608
s 192
f 392/600/609 449/708/610 391/598/611
s 193
f 414/709/612 450/707/613 452/710/614
s 194
f 393/602/615 451/711/616 392/600/617
s 195
f 415/712/618 452/710/619 454/713/620
s 196
f 394/604/621 453/714/622 393/715/623
s 197
f 416/716/624 454/713/625 456/717/626
s 198
f 394/604/627 417/673/628 455/718/629
s 199
f 416/630/630 420/633/631 396/674/632
s 200
f 458/719/633 477/720/634 457/721/635
f 459/722/636 478/723/637 458/719/633
f 460/724/638 479/725/639 459/722/636
f 460/726/638 481/727/640 480/728/641
f 461/729/642 482/730/643 481/727/640
f 462/731/644 483/732/645 482/730/643
f 463/733/646 484/734/647 483/735/645
f 464/736/648 485/737/649 484/734/647
f 465/738/650 486/739/651 485/737/649
f 467/740/652 486/739/651 466/741/653
f 468/742/654 487/743/655 467/740/652
f 469/744/656 488/745/657 468/742/654
f 470/746/658 489/747/659 469/748/656
f 471/749/660 490/750/661 470/746/658
f 471/749/660 492/751/662 491/752/663
f 472/753/664 493/754/665 492/751/662
f 473/755/666 494/756/667 493/757/665
f 474/758/668 495/759/669 494/756/667
f 475/760/670 496/761/671 495/759/669
f 457/721/635 496/761/671 476/762/672
s 201
f 458/763/673 457/764/674 497/765/675
f 459/766/676 458/767/673 497/768/675
f 460/769/677 459/766/676 497/768/675
f 461/770/678 460/769/677 497/768/675
f 462/771/679 461/770/678 497/768/675
f 463/772/680 462/771/679 497/768/675
f 464/773/681 463/774/680 497/775/675
f 465/776/682 464/773/681 497/775/675
f 466/777/683 465/776/682 497/775/675
f 467/778/684 466/777/683 497/775/675
f 468/779/685 467/778/684 497/775/675
f 469/780/686 468/779/685 497/775/675
f 470/781/687 469/780/686 497/775/675
f 471/782/688 470/783/687 497/784/675
f 472/785/689 471/782/688 497/784/675
f 473/786/690 472/787/689 497/765/675
f 474/788/691 473/786/690 497/765/675
f 475/789/692 474/788/691 497/765/675
f 476/790/693 475/789/692 497/765/675
f 457/764/674 476/790/693 497/765/675
s 203
f 520/813/715 522/814/716 519/815/717
s 204
f 520/813/718 524/816/719 521/817/720
s 205
f 523/818/721 526/819/722 524/820/723
s 206
f 525/821/724 528/822/725 526/819/726
s 207
f 527/823/727 530/824/728 528/825/729
s 208
f 529/826/730 532/827/731 530/828/732
s 209
f 531/829/733 534/830/734 532/827/735
s 210
f 533/831/736 536/832/737 534/830/738
s 211
f 537/833/739 536/832/740 535/834/741
s 212
f 539/835/742 538/836/743 537/833/744
s 213
f 541/837/745 540/838/746 539/835/747
s 214
f 543/839/748 542/840/749 541/837/750
s 215
f 545/841/751 544/842/752 543/839/753
s 216
f 547/843/754 546/844/755 545/845/756
s 217
f 549/846/757 548/847/758 547/843/759
s 218
f 549/846/760 552/848/761 550/849/762
s 219
f 551/850/763 554/851/764 552/852/765
s 220
f 553/853/766 556/854/767 554/851/768
s 221
f 555/855/769 558/856/770 556/854/771
s 222
f 557/857/772 522/814/773 558/856/774
s 223
f 478/723/775 519/815/776 477/720/777
s 224
f 499/858/778 522/859/779 521/860/780
s 225
f 479/725/781 520/813/782 478/723/783
s 226
f 501/861/784 521/860/785 524/862/786
s 227
f 480/863/787 523/864/788 479/725/789
s 228
f 501/861/790 526/865/791 502/866/792
s 229
f 480/728/793 527/823/794 525/867/795
s 230
f 502/868/796 528/869/797 503/870/798
s 231
f 481/727/799 529/871/800 527/823/801
s 232
f 503/870/802 530/872/803 504/873/804
s 233
f 482/730/805 531/874/806 529/871/807
s 234
f 504/873/808 532/875/809 505/876/810
s 235
f 483/735/811 533/831/812 531/829/813
s 236
f 505/877/814 534/878/815 506/879/816
s 237
f 484/734/817 535/834/818 533/831/819
s 238
f 506/879/820 536/880/821 507/881/822
s 239
f 486/739/823 535/834/824 485/737/825
s 240
f 508/882/826 536/880/827 538/883/828
s 241
f 487/743/829 537/833/830 486/739/831
s 242
f 509/884/832 538/883/833 540/885/834
s 243
f 488/745/835 539/835/836 487/743/837
s 244
f 510/886/838 540/885/839 542/887/840
s 245
f 489/888/841 541/837/842 488/745/843
s 246
f 511/889/844 542/887/845 544/890/846
s 247
f 490/750/847 543/891/848 489/747/849
s 248
f 512/892/850 544/893/851 546/894/852
s 249
f 491/752/853 545/845/854 490/750/855
s 250
f 513/895/856 546/894/857 548/896/858
s 251
f 491/752/859 549/846/860 547/843/861
s 252
f 513/895/862 550/897/863 514/898/864
s 253
f 492/751/865 551/899/866 549/846/867
s 254
f 514/898/868 552/900/869 515/901/870
s 255
f 493/757/871 553/853/872 551/850/873
s 256
f 515/902/874 554/903/875 516/904/876
s 257
f 494/756/877 555/855/878 553/853/879
s 258
f 516/904/880 556/905/881 517/906/882
s 259
f 495/759/883 557/857/884 555/855/885
s 260
f 517/906/886 558/907/887 518/908/888
s 261
f 477/720/889 557/857/890 496/761/891
s 262
f 518/908/892 522/859/893 498/909/894
s 263
f 559/910/895 580/911/896 579/912/897
f 560/913/898 581/914/899 580/911/896
f 561/915/900 582/916/901 581/914/899
f 562/917/902 583/918/903 582/916/901
f 564/919/904 583/918/903 563/920/905
f 565/921/906 584/922/907 564/919/904
f 566/923/908 585/924/909 565/921/906
f 567/925/910 586/926/911 566/923/908
f 568/927/912 587/928/913 567/925/910
f 568/927/912 589/929/914 588/930/915
f 569/931/916 590/932/917 589/933/914
f 570/934/918 591/935/919 590/932/917
f 571/936/920 592/937/921 591/935/919
f 572/938/922 593/939/923 592/937/921
f 573/940/924 594/941/925 593/939/923
f 575/942/926 594/941/925 574/943/927
f 576/944/928 595/945/929 575/942/926
f 577/946/930 596/947/931 576/944/928
f 578/948/932 597/949/933 577/950/930
f 578/948/932 579/912/897 598/951/934
s 264
f 561/915/938 560/913/935 599/952/937
f 562/917/939 561/915/938 599/952/937
f 563/920/940 562/917/939 599/952/937
f 564/919/941 563/920/940 599/952/937
f 565/921/942 564/919/941 599/952/937
f 566/923/943 565/921/942 599/952/937
f 567/925/944 566/923/943 599/952/937
f 568/927/945 567/925/944 599/952/937
f 569/953/946 568/927/945 599/952/937
f 570/954/947 569/953/946 599/952/937
f 571/955/948 570/954/947 599/952/937
f 572/956/949 571/955/948 599/952/937
f 573/957/950 572/956/949 599/952/937
f 574/958/951 573/957/950 599/952/937
f 575/959/952 574/958/951 599/952/937
f 576/960/953 575/959/952 599/952/937
f 577/950/954 576/960/953 599/952/937
f 578/948/955 577/950/954 599/952/937
f 559/910/936 578/948/955 599/952/937
s 266
f 622/978/973 624/979/974 621/980/975
s 267
f 625/981/976 623/982/977 622/978/978
s 268
f 627/983/979 626/984/980 625/981/981
s 269
f 629/985/982 628/986/983 627/983/984
s 270
f 629/985/985 632/987/986 630/988/987
s 271
f 631/989/988 634/990/989 632/987/990
s 272
f 633/991/991 636/992/992 634/990/993
s 273
f 635/993/994 638/994/995 636/992/996
s 274
f 637/995/997 640/996/998 638/994/999
s 275
f 641/997/1000 640/996/1001 639/998/1002
s 276
f 643/999/1003 642/1000/1004 641/997/1005
s 277
f 645/1001/1006 644/1002/1007 643/999/1008
s 278
f 647/1003/1009 646/1004/1010 645/1001/1011
s 279
f 649/1005/1012 648/1006/1013 647/1003/1014
s 280
f 649/1005/1015 652/1007/1016 650/1008/1017
s 281
f 651/1009/1018 654/1010/1019 652/1007/1020
s 282
f 653/1011/1021 656/1012/1022 654/1010/1023
s 283
f 655/1013/1024 658/1014/1025 656/1012/1026
s 284
f 657/1015/1027 660/1016/1028 658/1014/1029
s 285
f 621/980/1030 660/1016/1031 659/1017/1032
s 286
f 579/912/1033 622/1018/1034 621/1019/1035
s 287
f 600/1020/1036 623/982/1037 601/977/1038
s 288
f 580/911/1039 625/1021/1040 622/1018/1041
s 289
f 601/977/1042 626/984/1043 603/962/1044
s 290
f 581/914/1045 627/1022/1046 625/1021/1047
s 291
f 603/962/1048 628/986/1049 604/963/1050
s 292
f 582/916/1051 629/1023/1052 627/1022/1053
s 293
f 604/963/1054 630/988/1055 605/964/1056
s 294
f 584/922/1057 629/1023/1058 583/918/1059
s 295
f 606/965/1060 630/988/1061 632/987/1062
s 296
f 585/924/1063 631/1024/1064 584/922/1065
s 297
f 607/966/1066 632/987/1067 634/990/1068
s 298
f 586/926/1069 633/1025/1070 585/924/1071
s 299
f 608/967/1072 634/990/1073 636/992/1074
s 300
f 587/928/1075 635/1026/1076 586/926/1077
s 301
f 609/1027/1078 636/992/1079 638/994/1080
s 302
f 588/930/1081 637/1028/1082 587/928/1083
s 303
f 610/968/1084 638/994/1085 640/996/1086
s 304
f 588/930/1087 641/1029/1088 639/1030/1089
s 305
f 610/1031/1090 642/1032/1091 611/1033/1092
s 306
f 589/933/1093 643/1034/1094 641/1035/1095
s 307
f 611/1033/1096 644/1036/1097 612/1037/1098
s 308
f 590/932/1099 645/1038/1100 643/1034/1101
s 309
f 612/1037/1102 646/1039/1103 613/1040/1104
s 310
f 591/935/1105 647/1041/1106 645/1038/1107
s 311
f 613/1040/1108 648/1042/1109 614/1043/1110
s 312
f 592/937/1111 649/1044/1112 647/1041/1113
s 313
f 614/1043/1114 650/1045/1115 615/1046/1116
s 314
f 593/939/1117 651/1047/1118 649/1044/1119
s 315
f 615/1046/1120 652/1048/1121 616/1049/1122
s 316
f 595/945/1123 651/1047/1124 594/941/1125
s 317
f 617/1050/1126 652/1048/1127 654/1051/1128
s 318
f 596/947/1129 653/1052/1130 595/945/1131
s 319
f 618/1053/1132 654/1054/1133 656/1055/1134
s 320
f 597/1056/1135 655/1057/1136 596/947/1137
s 321
f 619/1058/1138 656/1055/1139 658/1059/1140
s 322
f 598/951/1141 657/1060/1142 597/949/1143
s 323
f 620/1061/1144 658/1059/1145 660/1062/1146
s 324
f 598/951/1147 621/1019/1148 659/1063/1149
s 325
f 620/976/1150 624/979/1151 600/1020/1152
s 326
f 662/1064/1153 681/1065/1154 661/1066/1155
f 663/1067/1156 682/1068/1157 662/1064/1153
f 664/1069/1158 683/1070/1159 663/1071/1156
f 665/1072/1160 684/1073/1161 664/1069/1158
f 665/1072/1160 686/1074/1162 685/1075/1163
f 666/1076/1164 687/1077/1165 686/1074/1162
f 667/1078/1166 688/1079/1167 687/1080/1165
f 668/1081/1168 689/1082/1169 688/1079/1167
f 669/1083/1170 690/1084/1171 689/1082/1169
f 670/1085/1172 691/1086/1173 690/1084/1171
f 672/1087/1174 691/1086/1173 671/1088/1175
f 673/1089/1176 692/1090/1177 672/1087/1174
f 674/1091/1178 693/1092/1179 673/1093/1176
f 674/1091/1178 695/1094/1180 694/1095/1181
f 675/1096/1182 696/1097/1183 695/1094/1180
f 676/1098/1184 697/1099/1185 696/1097/1183
f 677/1100/1186 698/1101/1187 697/1102/1185
f 678/1103/1188 699/1104/1189 698/1101/1187
f 680/1105/1190 699/1104/1189 679/1106/1191
f 661/1066/1155 700/1107/1192 680/1105/1190
s 327
f 664/1112/1197 663/1111/1196 701/1110/1195
f 666/1116/1199 665/1113/1198 701/1115/1195
f 667/1117/1200 666/1116/1199 701/1115/1195
f 669/1119/1202 668/1118/1201 701/1115/1195
f 670/1120/1203 669/1121/1202 701/1122/1195
f 671/1123/1204 670/1124/1203 701/1125/1195
f 672/1126/1205 671/1123/1204 701/1125/1195
f 673/1127/1206 672/1126/1205 701/1125/1195
f 674/1128/1207 673/1129/1206 701/1130/1195
f 675/1131/1208 674/1128/1207 701/1130/1195
f 676/1132/1209 675/1131/1208 701/1130/1195
f 677/1133/1210 676/1134/1209 701/1110/1195
f 678/1135/1211 677/1133/1210 701/1110/1195
f 679/1136/1212 678/1135/1211 701/1110/1195
f 680/1137/1213 679/1136/1212 701/1110/1195
f 661/1109/1194 680/1137/1213 701/1110/1195
s 329
f 724/1161/1234 726/1162/1235 723/1163/1236
s 330
f 727/1164/1237 725/1165/1238 724/1161/1239
s 331
f 729/1166/1240 728/1167/1241 727/1164/1242
s 332
f 731/1168/1243 730/1169/1244 729/1170/1245
s 333
f 733/1171/1246 732/1172/1247 731/1168/1248
s 334
f 733/1171/1249 736/1173/1250 734/1174/1251
s 335
f 735/1175/1252 738/1176/1253 736/1177/1254
s 336
f 737/1178/1255 740/1179/1256 738/1176/1257
s 337
f 739/1180/1258 742/1181/1259 740/1179/1260
s 338
f 741/1182/1261 744/1183/1262 742/1181/1263
s 339
f 745/1184/1264 744/1183/1265 743/1185/1266
s 340
f 747/1186/1267 746/1187/1268 745/1184/1269
s 341
f 747/1188/1270 750/1189/1271 748/1190/1272
s 342
f 749/1191/1273 752/1192/1274 750/1189/1275
s 343
f 751/1193/1276 754/1194/1277 752/1192/1278
s 344
f 753/1195/1279 756/1196/1280 754/1197/1281
s 345
f 755/1198/1282 758/1199/1283 756/1196/1284
s 346
f 757/1200/1285 760/1201/1286 758/1199/1287
s 347
f 761/1202/1288 760/1201/1289 759/1203/1290
s 348
f 723/1163/1291 762/1204/1292 761/1202/1293
s 349
f 682/1068/1294 723/1163/1295 681/1065/1296
s 350
f 703/1205/1297 726/1206/1298 725/1207/1299
s 351
f 683/1208/1300 724/1161/1301 682/1068/1302
s 352
f 705/1209/1303 725/1207/1304 728/1210/1305
s 353
f 684/1073/1306 727/1211/1307 683/1070/1308
s 354
f 706/1212/1309 728/1213/1310 730/1214/1311
s 355
f 685/1075/1312 729/1215/1313 684/1073/1314
s 356
f 707/1216/1315 730/1214/1316 732/1217/1317
s 357
f 685/1075/1318 733/1218/1319 731/1219/1320
s 358
f 707/1216/1321 734/1220/1322 708/1221/1323
s 359
f 686/1074/1324 735/1222/1325 733/1218/1326
s 360
f 708/1221/1327 736/1223/1328 709/1224/1329
s 361
f 687/1080/1330 737/1178/1331 735/1175/1332
s 362
f 709/1225/1333 738/1226/1334 710/1227/1335
s 363
f 688/1079/1336 739/1180/1337 737/1178/1338
s 364
f 710/1227/1339 740/1228/1340 711/1229/1341
s 365
f 689/1082/1342 741/1182/1343 739/1180/1344
s 366
f 711/1229/1345 742/1230/1346 712/1231/1347
s 367
f 690/1084/1348 743/1185/1349 741/1182/1350
s 368
f 712/1231/1351 744/1232/1352 713/1233/1353
s 369
f 692/1090/1354 743/1185/1355 691/1086/1356
s 370
f 714/1234/1357 744/1232/1358 746/1235/1359
s 371
f 693/1236/1360 745/1184/1361 692/1090/1362
s 372
f 715/1237/1363 746/1235/1364 748/1238/1365
s 373
f 694/1095/1366 747/1188/1367 693/1092/1368
s 374
f 716/1239/1369 748/1240/1370 750/1241/1371
s 375
f 694/1095/1372 751/1193/1373 749/1191/1374
s 376
f 716/1239/1375 752/1242/1376 717/1243/1377
s 377
f 695/1094/1378 753/1244/1379 751/1193/1380
s 378
f 717/1243/1381 754/1245/1382 718/1246/1383
s 379
f 696/1097/1384 755/1247/1385 753/1244/1386
s 380
f 718/1246/1387 756/1248/1388 719/1249/1389
s 381
f 697/1102/1390 757/1200/1391 755/1198/1392
s 382
f 719/1250/1393 758/1251/1394 720/1252/1395
s 383
f 698/1101/1396 759/1203/1397 757/1200/1398
s 384
f 720/1252/1399 760/1253/1400 721/1254/1401
s 385
f 700/1107/1402 759/1203/1403 699/1104/1404
s 386
f 722/1255/1405 760/1253/1406 762/1256/1407
s 387
f 681/1065/1408 761/1202/1409 700/1107/1410
s 388
f 702/1257/1411 762/1256/1412 726/1206/1413
s 41
f 49/105/73 50/403/76 273/106/74
f 50/108/76 51/111/78 272/109/77
f 51/111/78 52/114/81 271/112/79
f 53/113/80 270/116/83 271/112/79
f 54/115/82 269/118/85 270/116/83
f 55/117/84 268/401/87 269/118/85
f 56/119/86 267/123/86 268/120/87
f 56/119/86 57/1541/89 266/122/88
f 57/124/89 58/127/91 265/125/90
f 58/127/91 59/129/93 264/128/92
f 59/129/93 60/132/94 263/130/94
f 61/131/95 262/134/97 263/130/94
f 62/133/96 261/136/99 262/134/97
f 63/135/98 260/399/101 261/136/99
f 64/137/100 259/140/100 260/138/101
f 64/137/100 49/105/73 258/107/75
f 259/140/100 258/107/75 177/398/230
f 259/140/100 178/302/215 179/304/216
f 260/399/101 179/305/216 180/306/217
f 261/136/99 180/306/217 181/307/218
f 262/134/97 181/307/218 182/308/219
f 264/128/92 263/130/94 182/308/219
f 265/125/90 264/128/92 183/309/220
f 266/126/88 265/125/90 184/310/221
f 267/123/86 266/122/88 185/400/222
f 267/123/86 186/312/223 187/314/224
f 268/401/87 187/315/224 188/316/225
f 269/118/85 188/316/225 189/317/226
f 270/116/83 189/317/226 190/318/227
f 272/109/77 271/112/79 190/318/227
f 273/110/74 272/109/77 191/319/228
f 258/107/75 273/106/74 192/402/229
s 87
f 50/403/305 49/105/305 274/404/305
f 51/406/305 50/403/305 275/405/305
f 52/408/305 51/406/305 276/407/305
f 52/408/305 277/409/305 278/410/305
f 53/411/305 278/410/305 279/412/305
f 54/413/305 279/412/305 280/414/305
f 55/415/305 280/414/305 281/416/305
f 57/418/305 56/417/305 281/416/305
f 58/420/305 57/418/305 282/419/305
f 59/422/305 58/420/305 283/421/305
f 60/424/305 59/422/305 284/423/305
f 60/424/305 285/425/305 286/426/305
f 61/427/305 286/426/305 287/428/305
f 62/429/305 287/428/305 288/430/305
f 63/139/305 288/430/305 289/431/305
f 49/105/305 64/137/305 289/431/305
s 137
f 355/562/375 356/565/378 376/563/376
f 356/565/378 357/567/380 377/566/379
f 357/567/380 358/569/382 378/568/381
f 358/569/382 359/571/384 379/570/383
f 359/571/384 360/574/387 380/572/385
f 361/573/386 381/576/389 380/572/385
f 362/575/388 382/578/391 381/576/389
f 363/577/390 383/580/393 382/578/391
f 364/579/392 384/682/395 383/580/393
f 364/581/392 365/584/396 385/582/394
f 365/584/396 366/1555/398 386/585/397
f 366/586/398 367/589/400 387/587/399
f 367/589/400 368/592/403 388/590/401
f 369/591/402 389/594/405 388/590/401
f 370/593/404 390/596/407 389/594/405
f 371/595/406 391/598/409 390/596/407
f 372/597/408 392/600/411 391/598/409
f 373/599/410 393/602/413 392/600/411
f 374/601/412 394/1556/414 393/602/413
f 374/603/412 355/562/375 375/564/377
s 140
f 418/632/453 419/636/1584 420/633/454
s 141
f 421/635/456 422/638/1585 419/636/457
s 142
f 423/637/459 424/640/1586 422/638/460
s 143
f 425/639/462 426/642/1587 424/640/463
s 144
f 425/639/465 427/643/1588 428/641/466
s 145
f 427/643/468 429/645/1589 430/644/469
s 146
f 429/645/471 431/647/1590 432/646/472
s 147
f 431/647/474 433/649/1591 434/648/475
s 148
f 433/649/477 435/652/1592 436/650/478
s 149
f 437/651/480 438/654/1593 436/650/481
s 150
f 439/653/483 440/656/1594 438/654/484
s 151
f 441/655/486 442/658/1595 440/656/487
s 152
f 443/657/489 444/660/1596 442/658/490
s 153
f 445/659/492 446/662/1597 444/660/493
s 154
f 445/659/495 447/663/1598 448/661/496
s 155
f 447/663/498 449/665/1599 450/664/499
s 156
f 449/665/501 451/667/1600 452/666/502
s 157
f 451/667/504 453/669/1601 454/668/505
s 158
f 453/669/507 455/671/1602 456/670/508
s 159
f 417/634/510 420/633/1603 456/670/511
s 160
f 375/564/513 376/563/1604 418/672/514
s 161
f 396/674/516 420/633/1605 419/636/517
s 162
f 376/563/519 377/566/1606 421/675/520
s 163
f 397/631/522 419/636/1607 422/638/523
s 164
f 377/566/525 378/568/1608 423/676/526
s 165
f 399/616/528 422/638/1609 424/640/529
s 166
f 378/568/531 379/570/1610 425/677/532
s 167
f 400/617/534 424/640/1611 426/642/535
s 168
f 379/570/537 380/572/1612 427/678/538
s 169
f 401/618/540 426/642/1613 428/641/541
s 170
f 381/576/543 429/679/1614 427/678/544
s 171
f 403/620/546 402/619/1615 428/641/547
s 172
f 382/578/549 431/680/1616 429/679/550
s 173
f 404/621/552 403/620/1617 430/644/553
s 174
f 383/580/555 433/683/1618 431/680/556
s 175
f 405/681/558 404/621/1619 432/646/559
s 176
f 384/682/561 435/1559/1620 433/683/562
s 177
f 406/622/564 405/681/1621 434/648/565
s 178
f 384/583/567 385/582/1622 437/684/568
s 179
f 406/686/570 436/1560/1623 438/687/571
s 180
f 385/582/573 386/585/1624 439/689/574
s 181
f 407/690/576 438/1561/1625 440/691/577
s 182
f 386/588/579 387/587/1626 441/693/580
s 183
f 408/692/582 440/691/1627 442/695/583
s 184
f 387/587/585 388/590/1628 443/697/586
s 185
f 409/696/588 442/695/1629 444/698/589
s 186
f 389/594/591 445/702/1630 443/697/592
s 187
f 411/700/594 410/699/1631 444/698/595
s 188
f 390/596/597 447/705/1632 445/702/598
s 189
f 412/703/600 411/700/1633 446/701/601
s 190
f 391/598/603 449/708/1634 447/705/604
s 191
f 413/706/606 412/703/1635 448/704/607
s 192
f 392/600/609 451/711/1636 449/708/610
s 193
f 414/709/612 413/706/1637 450/707/613
s 194
f 393/602/615 453/1562/1638 451/711/616
s 195
f 415/712/618 414/709/1639 452/710/619
s 196
f 394/604/621 455/718/1640 453/714/622
s 197
f 416/716/624 415/712/1641 454/713/625
s 198
f 394/604/627 375/564/1642 417/673/628
s 199
f 416/630/630 456/670/1643 420/633/631
s 200
f 458/719/633 478/723/637 477/720/634
f 459/722/636 479/725/639 478/723/637
f 460/724/638 480/863/641 479/725/639
f 460/726/638 461/729/642 481/727/640
f 461/729/642 462/731/644 482/730/643
f 462/731/644 463/1563/646 483/732/645
f 463/733/646 464/736/648 484/734/647
f 464/736/648 465/738/650 485/737/649
f 465/738/650 466/741/653 486/739/651
f 467/740/652 487/743/655 486/739/651
f 468/742/654 488/745/657 487/743/655
f 469/744/656 489/888/659 488/745/657
f 470/746/658 490/750/661 489/747/659
f 471/749/660 491/752/663 490/750/661
f 471/749/660 472/753/664 492/751/662
f 472/753/664 473/1564/666 493/754/665
f 473/755/666 474/758/668 494/756/667
f 474/758/668 475/760/670 495/759/669
f 475/760/670 476/762/672 496/761/671
f 457/721/635 477/720/634 496/761/671
s 203
f 520/813/715 521/817/1644 522/814/716
s 204
f 520/813/718 523/864/1645 524/816/719
s 205
f 523/818/721 525/821/1646 526/819/722
s 206
f 525/821/724 527/1567/1647 528/822/725
s 207
f 527/823/727 529/871/1648 530/824/728
s 208
f 529/826/730 531/829/1649 532/827/731
s 209
f 531/829/733 533/831/1650 534/830/734
s 210
f 533/831/736 535/834/1651 536/832/737
s 211
f 537/833/739 538/836/1652 536/832/740
s 212
f 539/835/742 540/838/1653 538/836/743
s 213
f 541/837/745 542/840/1654 540/838/746
s 214
f 543/839/748 544/842/1655 542/840/749
s 215
f 545/841/751 546/1568/1656 544/842/752
s 216
f 547/843/754 548/847/1657 546/844/755
s 217
f 549/846/757 550/849/1658 548/847/758
s 218
f 549/846/760 551/899/1659 552/848/761
s 219
f 551/850/763 553/853/1660 554/851/764
s 220
f 553/853/766 555/855/1661 556/854/767
s 221
f 555/855/769 557/857/1662 558/856/770
s 222
f 557/857/772 519/815/1663 522/814/773
s 223
f 478/723/775 520/813/1664 519/815/776
s 224
f 499/858/778 498/909/1665 522/859/779
s 225
f 479/725/781 523/864/1666 520/813/782
s 226
f 501/861/784 499/858/1667 521/860/785
s 227
f 480/863/787 525/1569/1668 523/864/788
s 228
f 501/861/790 524/862/1669 526/865/791
s 229
f 480/728/793 481/727/1670 527/823/794
s 230
f 502/868/796 526/1570/1671 528/869/797
s 231
f 481/727/799 482/730/1672 529/871/800
s 232
f 503/870/802 528/869/1673 530/872/803
s 233
f 482/730/805 483/732/1674 531/874/806
s 234
f 504/873/808 530/872/1675 532/875/809
s 235
f 483/735/811 484/734/1676 533/831/812
s 236
f 505/877/814 532/1571/1677 534/878/815
s 237
f 484/734/817 485/737/1678 535/834/818
s 238
f 506/879/820 534/878/1679 536/880/821
s 239
f 486/739/823 537/833/1680 535/834/824
s 240
f 508/882/826 507/881/1681 536/880/827
s 241
f 487/743/829 539/835/1682 537/833/830
s 242
f 509/884/832 508/882/1683 538/883/833
s 243
f 488/745/835 541/837/1684 539/835/836
s 244
f 510/886/838 509/884/1685 540/885/839
s 245
f 489/888/841 543/839/1686 541/837/842
s 246
f 511/889/844 510/886/1687 542/887/845
s 247
f 490/750/847 545/845/1688 543/891/848
s 248
f 512/892/850 511/1572/1689 544/893/851
s 249
f 491/752/853 547/843/1690 545/845/854
s 250
f 513/895/856 512/892/1691 546/894/857
s 251
f 491/752/859 492/751/1692 549/846/860
s 252
f 513/895/862 548/896/1693 550/897/863
s 253
f 492/751/865 493/754/1694 551/899/866
s 254
f 514/898/868 550/897/1695 552/900/869
s 255
f 493/757/871 494/756/1696 553/853/872
s 256
f 515/902/874 552/1573/1697 554/903/875
s 257
f 494/756/877 495/759/1698 555/855/878
s 258
f 516/904/880 554/903/1699 556/905/881
s 259
f 495/759/883 496/761/1700 557/857/884
s 260
f 517/906/886 556/905/1701 558/907/887
s 261
f 477/720/889 519/815/1702 557/857/890
s 262
f 518/908/892 558/907/1703 522/859/893
s 263
f 559/910/895 560/913/898 580/911/896
f 560/913/898 561/915/900 581/914/899
f 561/915/900 562/917/902 582/916/901
f 562/917/902 563/920/905 583/918/903
f 564/919/904 584/922/907 583/918/903
f 565/921/906 585/924/909 584/922/907
f 566/923/908 586/926/911 585/924/909
f 567/925/910 587/928/913 586/926/911
f 568/927/912 588/930/915 587/928/913
f 568/927/912 569/953/916 589/929/914
f 569/931/916 570/934/918 590/932/917
f 570/934/918 571/936/920 591/935/919
f 571/936/920 572/938/922 592/937/921
f 572/938/922 573/940/924 593/939/923
f 573/940/924 574/943/927 594/941/925
f 575/942/926 595/945/929 594/941/925
f 576/944/928 596/947/931 595/945/929
f 577/946/930 597/1056/933 596/947/931
f 578/948/932 598/951/934 597/949/933
f 578/948/932 559/910/895 579/912/897
s 266
f 622/978/973 623/982/1708 624/979/974
s 267
f 625/981/976 626/984/1709 623/982/977
s 268
f 627/983/979 628/986/1710 626/984/980
s 269
f 629/985/982 630/988/1711 628/986/983
s 270
f 629/985/985 631/989/1712 632/987/986
s 271
f 631/989/988 633/991/1713 634/990/989
s 272
f 633/991/991 635/993/1714 636/992/992
s 273
f 635/993/994 637/995/1715 638/994/995
s 274
f 637/995/997 639/998/1716 640/996/998
s 275
f 641/997/1000 642/1000/1717 640/996/1001
s 276
f 643/999/1003 644/1002/1718 642/1000/1004
s 277
f 645/1001/1006 646/1004/1719 644/1002/1007
s 278
f 647/1003/1009 648/1006/1720 646/1004/1010
s 279
f 649/1005/1012 650/1008/1721 648/1006/1013
s 280
f 649/1005/1015 651/1009/1722 652/1007/1016
s 281
f 651/1009/1018 653/1011/1723 654/1010/1019
s 282
f 653/1011/1021 655/1013/1724 656/1012/1022
s 283
f 655/1013/1024 657/1015/1725 658/1014/1025
s 284
f 657/1015/1027 659/1017/1726 660/1016/1028
s 285
f 621/980/1030 624/979/1727 660/1016/1031
s 286
f 579/912/1033 580/911/1728 622/1018/1034
s 287
f 600/1020/1036 624/979/1729 623/982/1037
s 288
f 580/911/1039 581/914/1730 625/1021/1040
s 289
f 601/977/1042 623/982/1731 626/984/1043
s 290
f 581/914/1045 582/916/1732 627/1022/1046
s 291
f 603/962/1048 626/984/1733 628/986/1049
s 292
f 582/916/1051 583/918/1734 629/1023/1052
s 293
f 604/963/1054 628/986/1735 630/988/1055
s 294
f 584/922/1057 631/1024/1736 629/1023/1058
s 295
f 606/965/1060 605/964/1737 630/988/1061
s 296
f 585/924/1063 633/1025/1738 631/1024/1064
s 297
f 607/966/1066 606/965/1739 632/987/1067
s 298
f 586/926/1069 635/1026/1740 633/1025/1070
s 299
f 608/967/1072 607/966/1741 634/990/1073
s 300
f 587/928/1075 637/1028/1742 635/1026/1076
s 301
f 609/1027/1078 608/967/1743 636/992/1079
s 302
f 588/930/1081 639/1030/1744 637/1028/1082
s 303
f 610/968/1084 609/1027/1745 638/994/1085
s 304
f 588/930/1087 589/929/1746 641/1029/1088
s 305
f 610/1031/1090 640/1576/1747 642/1032/1091
s 306
f 589/933/1093 590/932/1748 643/1034/1094
s 307
f 611/1033/1096 642/1032/1749 644/1036/1097
s 308
f 590/932/1099 591/935/1750 645/1038/1100
s 309
f 612/1037/1102 644/1036/1751 646/1039/1103
s 310
f 591/935/1105 592/937/1752 647/1041/1106
s 311
f 613/1040/1108 646/1039/1753 648/1042/1109
s 312
f 592/937/1111 593/939/1754 649/1044/1112
s 313
f 614/1043/1114 648/1042/1755 650/1045/1115
s 314
f 593/939/1117 594/941/1756 651/1047/1118
s 315
f 615/1046/1120 650/1045/1757 652/1048/1121
s 316
f 595/945/1123 653/1052/1758 651/1047/1124
s 317
f 617/1050/1126 616/1049/1759 652/1048/1127
s 318
f 596/947/1129 655/1057/1760 653/1052/1130
s 319
f 618/1053/1132 617/1577/1761 654/1054/1133
s 320
f 597/1056/1135 657/1578/1762 655/1057/1136
s 321
f 619/1058/1138 618/1053/1763 656/1055/1139
s 322
f 598/951/1141 659/1063/1764 657/1060/1142
s 323
f 620/1061/1144 619/1058/1765 658/1059/1145
s 324
f 598/951/1147 579/912/1766 621/1019/1148
s 325
f 620/976/1150 660/1016/1767 624/979/1151
s 326
f 662/1064/1153 682/1068/1157 681/1065/1154
f 663/1067/1156 683/1208/1159 682/1068/1157
f 664/1069/1158 684/1073/1161 683/1070/1159
f 665/1072/1160 685/1075/1163 684/1073/1161
f 665/1072/1160 666/1076/1164 686/1074/1162
f 666/1076/1164 667/1579/1166 687/1077/1165
f 667/1078/1166 668/1081/1168 688/1079/1167
f 668/1081/1168 669/1083/1170 689/1082/1169
f 669/1083/1170 670/1085/1172 690/1084/1171
f 670/1085/1172 671/1088/1175 691/1086/1173
f 672/1087/1174 692/1090/1177 691/1086/1173
f 673/1089/1176 693/1236/1179 692/1090/1177
f 674/1091/1178 694/1095/1181 693/1092/1179
f 674/1091/1178 675/1096/1182 695/1094/1180
f 675/1096/1182 676/1098/1184 696/1097/1183
f 676/1098/1184 677/1580/1186 697/1099/1185
f 677/1100/1186 678/1103/1188 698/1101/1187
f 678/1103/1188 679/1106/1191 699/1104/1189
f 680/1105/1190 700/1107/1192 699/1104/1189
f 661/1066/1155 681/1065/1154 700/1107/1192
s 329
f 724/1161/1234 725/1165/1769 726/1162/1235
s 330
f 727/1164/1237 728/1167/1770 725/1165/1238
s 331
f 729/1166/1240 730/1586/1771 728/1167/1241
s 332
f 731/1168/1243 732/1172/1772 730/1169/1244
s 333
f 733/1171/1246 734/1174/1773 732/1172/1247
s 334
f 733/1171/1249 735/1587/1774 736/1173/1250
s 335
f 735/1175/1252 737/1178/1775 738/1176/1253
s 336
f 737/1178/1255 739/1180/1776 740/1179/1256
s 337
f 739/1180/1258 741/1182/1777 742/1181/1259
s 338
f 741/1182/1261 743/1185/1778 744/1183/1262
s 339
f 745/1184/1264 746/1187/1779 744/1183/1265
s 340
f 747/1186/1267 748/1588/1780 746/1187/1268
s 341
f 747/1188/1270 749/1191/1781 750/1189/1271
s 342
f 749/1191/1273 751/1193/1782 752/1192/1274
s 343
f 751/1193/1276 753/1244/1783 754/1194/1277
s 344
f 753/1195/1279 755/1198/1784 756/1196/1280
s 345
f 755/1198/1282 757/1200/1785 758/1199/1283
s 346
f 757/1200/1285 759/1203/1786 760/1201/1286
s 347
f 761/1202/1288 762/1204/1787 760/1201/1289
s 348
f 723/1163/1291 726/1162/1788 762/1204/1292
s 349
f 682/1068/1294 724/1161/1789 723/1163/1295
s 350
f 703/1205/1297 702/1257/1790 726/1206/1298
s 351
f 683/1208/1300 727/1164/1791 724/1161/1301
s 352
f 705/1209/1303 703/1205/1792 725/1207/1304
s 353
f 684/1073/1306 729/1215/1793 727/1211/1307
s 354
f 706/1212/1309 705/1589/1794 728/1213/1310
s 355
f 685/1075/1312 731/1219/1795 729/1215/1313
s 356
f 707/1216/1315 706/1212/1796 730/1214/1316
s 357
f 685/1075/1318 686/1074/1797 733/1218/1319
s 358
f 707/1216/1321 732/1217/1798 734/1220/1322
s 359
f 686/1074/1324 687/1077/1799 735/1222/1325
s 360
f 708/1221/1327 734/1220/1800 736/1223/1328
s 361
f 687/1080/1330 688/1079/1801 737/1178/1331
s 362
f 709/1225/1333 736/1590/1802 738/1226/1334
s 363
f 688/1079/1336 689/1082/1803 739/1180/1337
s 364
f 710/1227/1339 738/1226/1804 740/1228/1340
s 365
f 689/1082/1342 690/1084/1805 741/1182/1343
s 366
f 711/1229/1345 740/1228/1806 742/1230/1346
s 367
f 690/1084/1348 691/1086/1807 743/1185/1349
s 368
f 712/1231/1351 742/1230/1808 744/1232/1352
s 369
f 692/1090/1354 745/1184/1809 743/1185/1355
s 370
f 714/1234/1357 713/1233/1810 744/1232/1358
s 371
f 693/1236/1360 747/1186/1811 745/1184/1361
s 372
f 715/1237/1363 714/1234/1812 746/1235/1364
s 373
f 694/1095/1366 749/1191/1813 747/1188/1367
s 374
f 716/1239/1369 715/1591/1814 748/1240/1370
s 375
f 694/1095/1372 695/1094/1815 751/1193/1373
s 376
f 716/1239/1375 750/1241/1816 752/1242/1376
s 377
f 695/1094/1378 696/1097/1817 753/1244/1379
s 378
f 717/1243/1381 752/1242/1818 754/1245/1382
s 379
f 696/1097/1384 697/1099/1819 755/1247/1385
s 380
f 718/1246/1387 754/1245/1820 756/1248/1388
s 381
f 697/1102/1390 698/1101/1821 757/1200/1391
s 382
f 719/1250/1393 756/1592/1822 758/1251/1394
s 383
f 698/1101/1396 699/1104/1823 759/1203/1397
s 384
f 720/1252/1399 758/1251/1824 760/1253/1400
s 385
f 700/1107/1402 761/1202/1825 759/1203/1403
s 386
f 722/1255/1405 721/1254/1826 760/1253/1406
s 387
f 681/1065/1408 723/1163/1827 761/1202/1409
s 388
f 702/1257/1411 722/1255/1828 762/1256/1412
s 42
g pCube1_COPA1
usemtl COPA1
f 227/141/102 226/142/102 228/143/102
f 227/141/102 229/144/102 230/145/102
f 227/141/102 231/146/102 232/147/102
f 232/147/102 234/148/102 227/141/102
f 227/141/102 235/149/102 236/150/102
f 227/141/102 237/151/102 238/152/102
f 227/141/102 239/153/102 240/154/102
f 240/154/102 225/155/102 227/141/102
s 43
f 66/322/231 193/323/232 65/324/231
s 44
f 67/325/233 194/326/233 66/327/233
s 45
f 68/328/234 195/329/234 67/325/234
s 46
f 68/328/235 197/330/235 196/331/235
s 47
f 69/332/236 198/333/236 197/330/236
s 48
f 70/334/237 199/335/237 198/336/237
s 49
f 71/337/238 200/338/238 199/335/238
s 50
f 73/339/239 200/338/239 72/340/239
s 51
f 74/341/240 201/342/240 73/339/240
s 52
f 75/343/241 202/344/241 74/341/241
s 53
f 76/345/242 203/346/242 75/343/242
s 54
f 76/347/243 205/348/243 204/349/243
s 55
f 77/350/244 206/351/244 205/352/244
s 56
f 78/353/245 207/354/246 206/351/247
s 57
f 79/355/248 208/356/249 207/354/250
s 58
f 65/324/251 208/356/252 80/357/251
s 43
f 194/358/253 209/359/254 193/323/232
s 59
f 195/329/255 210/360/255 194/326/255
s 60
f 196/331/256 211/361/256 195/329/256
s 61
f 196/331/257 213/362/257 212/363/257
s 62
f 197/330/258 214/364/258 213/362/258
s 63
f 198/336/259 215/365/259 214/366/259
s 64
f 199/335/260 216/367/260 215/365/260
s 65
f 201/342/261 216/367/261 200/338/261
s 66
f 202/344/262 217/368/262 201/342/262
s 67
f 203/346/263 218/369/263 202/344/263
s 68
f 204/349/264 219/370/264 203/371/264
s 69
f 204/349/265 221/372/265 220/373/265
s 70
f 205/352/266 222/374/266 221/375/266
s 56
f 206/351/247 223/376/267 222/374/267
s 57
f 207/354/250 224/377/268 223/376/268
s 58
f 193/323/269 224/377/270 208/356/252
s 71
f 210/378/271 225/155/271 209/359/271
s 72
f 211/361/272 226/379/272 210/360/272
s 73
f 212/363/273 228/380/273 211/361/273
s 74
f 212/363/274 230/381/274 229/382/274
s 75
f 213/362/275 231/383/275 230/381/275
s 76
f 214/366/276 232/147/276 231/146/276
s 77
f 215/365/277 233/384/277 232/147/277
s 78
f 217/368/278 233/384/278 216/367/278
s 79
f 218/369/279 234/148/279 217/368/280
s 80
f 219/385/281 235/149/281 218/369/281
s 81
f 220/386/282 236/150/282 219/385/282
s 82
f 220/373/283 238/387/283 237/388/283
s 83
f 221/375/284 239/153/284 238/152/284
s 84
f 222/374/285 240/154/286 239/153/286
s 85
f 223/376/287 241/389/287 240/154/287
s 86
f 209/359/288 241/389/288 224/377/288
s 41
f 242/390/214 80/357/289 243/265/199
f 244/266/200 80/357/289 79/355/290
f 245/268/201 79/355/290 78/353/291
f 246/270/202 78/391/291 77/392/292
f 247/271/203 77/392/292 76/347/293
f 247/271/203 75/393/294 248/272/204
f 248/272/204 74/394/295 249/273/205
f 249/395/205 73/339/296 250/275/206
f 250/275/206 72/340/297 251/276/207
f 252/277/208 72/340/297 71/337/298
f 253/279/209 71/337/298 70/334/299
f 254/281/210 70/396/299 69/332/300
f 255/282/211 69/332/300 68/328/301
f 255/282/211 67/325/302 256/283/212
f 256/283/212 66/327/303 257/284/213
f 257/284/213 65/397/304 242/285/214
s 42
f 227/141/102 225/155/102 226/142/102
f 227/141/102 228/143/102 229/144/102
f 227/141/102 230/145/102 231/146/102
f 232/147/102 233/384/1578 234/148/102
f 227/141/102 234/148/102 235/149/102
f 227/141/102 236/150/102 237/151/102
f 227/141/102 238/152/102 239/153/102
f 240/154/102 241/389/102 225/155/102
s 43
f 66/322/231 194/358/253 193/323/232
s 44
f 67/325/233 195/329/233 194/326/233
s 45
f 68/328/234 196/331/234 195/329/234
s 46
f 68/328/235 69/332/235 197/330/235
s 47
f 69/332/236 70/396/236 198/333/236
s 48
f 70/334/237 71/337/237 199/335/237
s 49
f 71/337/238 72/340/238 200/338/238
s 50
f 73/339/239 201/342/239 200/338/239
s 51
f 74/341/240 202/344/240 201/342/240
s 52
f 75/343/241 203/346/241 202/344/241
s 53
f 76/345/242 204/1546/242 203/346/242
s 54
f 76/347/243 77/392/243 205/348/243
s 55
f 77/350/244 78/353/244 206/351/244
s 56
f 78/353/245 79/355/245 207/354/246
s 57
f 79/355/248 80/357/248 208/356/249
s 58
f 65/324/251 193/323/269 208/356/252
s 43
f 194/358/253 210/378/254 209/359/254
s 59
f 195/329/255 211/361/255 210/360/255
s 60
f 196/331/256 212/363/256 211/361/256
s 61
f 196/331/257 197/330/257 213/362/257
s 62
f 197/330/258 198/333/258 214/364/258
s 63
f 198/336/259 199/335/259 215/365/259
s 64
f 199/335/260 200/338/260 216/367/260
s 65
f 201/342/261 217/368/261 216/367/261
s 66
f 202/344/262 218/369/262 217/368/262
s 67
f 203/346/263 219/385/263 218/369/263
s 68
f 204/349/264 220/373/264 219/370/264
s 69
f 204/349/265 205/348/265 221/372/265
s 70
f 205/352/266 206/351/266 222/374/266
s 56
f 206/351/247 207/354/246 223/376/267
s 57
f 207/354/250 208/356/249 224/377/268
s 58
f 193/323/269 209/359/270 224/377/270
s 71
f 210/378/271 226/142/271 225/155/271
s 72
f 211/361/272 228/380/272 226/379/272
s 73
f 212/363/273 229/382/273 228/380/273
s 74
f 212/363/274 213/362/274 230/381/274
s 75
f 213/362/275 214/364/275 231/383/275
s 76
f 214/366/276 215/365/276 232/147/276
s 77
f 215/365/277 216/367/277 233/384/277
s 78
f 217/368/278 234/148/278 233/384/278
s 79
f 218/369/279 235/149/279 234/148/279
s 80
f 219/385/281 236/150/281 235/149/281
s 81
f 220/386/282 237/151/282 236/150/282
s 82
f 220/373/283 221/372/283 238/387/283
s 83
f 221/375/284 222/374/284 239/153/284
s 84
f 222/374/285 223/376/285 240/154/286
s 85
f 223/376/287 224/377/287 241/389/287
s 86
f 209/359/288 225/155/288 241/389/288
s 41
f 242/390/214 65/324/304 80/357/289
f 244/266/200 243/265/199 80/357/289
f 245/268/201 244/266/200 79/355/290
f 246/270/202 245/269/201 78/391/291
f 247/271/203 246/270/202 77/392/292
f 247/271/203 76/347/293 75/393/294
f 248/272/204 75/393/294 74/394/295
f 249/395/205 74/341/295 73/339/296
f 250/275/206 73/339/296 72/340/297
f 252/277/208 251/276/207 72/340/297
f 253/279/209 252/277/208 71/337/298
f 254/281/210 253/280/209 70/396/299
f 255/282/211 254/281/210 69/332/300
f 255/282/211 68/328/301 67/325/302
f 256/283/212 67/325/302 66/327/303
f 257/284/213 66/327/303 65/397/304
g pCube1_blinn1
usemtl blinn1
f 81/156/103 146/157/104 82/158/105
f 83/159/106 146/160/104 147/161/107
f 84/162/108 147/161/107 148/163/109
f 85/164/110 148/163/109 149/165/111
f 86/166/112 149/165/111 150/167/113
f 86/166/112 151/168/114 87/169/115
f 87/169/115 152/170/116 88/171/117
f 88/171/117 153/172/118 89/173/119
f 89/174/119 154/175/120 90/176/121
f 91/177/122 154/178/120 155/179/123
f 92/180/124 155/179/123 156/181/125
f 93/182/126 156/181/125 157/183/127
f 94/184/128 157/183/127 158/185/129
f 94/184/128 159/186/130 95/187/131
f 95/187/131 160/188/132 96/189/133
f 96/189/133 145/190/134 81/191/103
f 97/192/135 130/193/136 98/194/137
f 99/195/138 130/193/136 131/196/139
f 100/197/140 131/198/139 132/199/141
f 101/200/142 132/199/141 133/201/143
f 102/202/144 133/201/143 134/203/145
f 102/202/144 135/204/146 103/205/147
f 103/205/147 136/206/148 104/207/149
f 104/208/149 137/209/150 105/210/151
f 105/210/151 138/211/152 106/212/153
f 107/213/154 138/211/152 139/214/155
f 108/215/156 139/216/155 140/217/157
f 109/218/158 140/217/157 141/219/159
f 110/220/160 141/219/159 142/221/161
f 110/220/160 143/222/162 111/223/163
f 111/223/163 144/224/164 112/225/165
f 112/225/165 129/226/166 97/227/135
f 114/228/167 161/229/168 162/230/169
f 114/228/167 163/231/170 115/232/171
f 115/233/171 164/234/172 116/235/173
f 116/235/173 165/236/174 117/237/175
f 117/237/175 166/238/176 118/239/177
f 119/240/178 166/238/176 167/241/179
f 120/242/180 167/241/179 168/243/181
f 121/244/182 168/243/181 169/245/183
f 122/246/184 169/247/183 170/248/185
f 122/246/184 171/249/186 123/250/187
f 123/251/187 172/252/188 124/253/189
f 124/253/189 173/254/190 125/255/191
f 125/255/191 174/256/192 126/257/193
f 127/258/194 174/256/192 175/259/195
f 128/260/196 175/259/195 176/261/197
f 113/262/198 176/261/197 161/263/168
f 129/264/166 243/265/199 130/193/136
f 131/196/139 243/265/199 244/266/200
f 132/267/141 244/266/200 245/268/201
f 133/201/143 245/269/201 246/270/202
f 134/203/145 246/270/202 247/271/203
f 134/203/145 248/272/204 135/204/146
f 135/204/146 249/273/205 136/206/148
f 136/274/148 250/275/206 137/209/150
f 137/209/150 251/276/207 138/211/152
f 139/214/155 251/276/207 252/277/208
f 140/278/157 252/277/208 253/279/209
f 141/219/159 253/280/209 254/281/210
f 142/221/161 254/281/210 255/282/211
f 142/221/161 256/283/212 143/222/162
f 143/222/162 257/284/213 144/224/164
f 144/224/164 242/285/214 129/226/166
f 145/286/134 98/287/137 146/157/104
f 147/288/107 98/194/137 99/195/138
f 148/163/109 99/289/138 100/197/140
f 149/165/111 100/197/140 101/200/142
f 150/167/113 101/200/142 102/202/144
f 150/167/113 103/205/147 151/168/114
f 151/168/114 104/207/149 152/170/116
f 152/170/116 105/290/151 153/172/118
f 153/291/118 106/212/153 154/175/120
f 155/292/123 106/212/153 107/213/154
f 156/181/125 107/293/154 108/215/156
f 157/183/127 108/215/156 109/218/158
f 158/185/129 109/218/158 110/220/160
f 158/185/129 111/223/163 159/186/130
f 159/186/130 112/225/165 160/188/132
f 160/188/132 97/227/135 145/190/134
f 161/294/168 82/158/105 162/295/169
f 163/296/170 82/297/105 83/159/106
f 164/234/172 83/159/106 84/162/108
f 165/236/174 84/162/108 85/164/110
f 166/238/176 85/164/110 86/166/112
f 166/238/176 87/169/115 167/241/179
f 167/241/179 88/171/117 168/243/181
f 168/243/181 89/173/119 169/245/183
f 169/245/183 90/298/121 170/299/185
f 171/300/186 90/301/121 91/177/122
f 172/252/188 91/177/122 92/180/124
f 173/254/190 92/180/124 93/182/126
f 174/256/192 93/182/126 94/184/128
f 174/256/192 95/187/131 175/259/195
f 175/259/195 96/189/133 176/261/197
f 176/261/197 81/191/103 161/263/168
f 178/302/215 113/303/198 114/228/167
f 178/302/215 115/232/171 179/304/216
f 179/305/216 116/235/173 180/306/217
f 180/306/217 117/237/175 181/307/218
f 181/307/218 118/239/177 182/308/219
f 183/309/220 118/239/177 119/240/178
f 184/310/221 119/240/178 120/242/180
f 185/311/222 120/242/180 121/244/182
f 186/312/223 121/313/182 122/246/184
f 186/312/223 123/250/187 187/314/224
f 187/315/224 124/253/189 188/316/225
f 188/316/225 125/255/191 189/317/226
f 189/317/226 126/257/193 190/318/227
f 191/319/228 126/257/193 127/258/194
f 192/320/229 127/258/194 128/260/196
f 177/321/230 128/260/196 113/262/198
f 81/156/103 145/286/134 146/157/104
f 83/159/106 82/297/105 146/160/104
f 84/162/108 83/159/106 147/161/107
f 85/164/110 84/162/108 148/163/109
f 86/166/112 85/164/110 149/165/111
f 86/166/112 150/167/113 151/168/114
f 87/169/115 151/168/114 152/170/116
f 88/171/117 152/170/116 153/172/118
f 89/174/119 153/291/118 154/175/120
f 91/177/122 90/301/121 154/178/120
f 92/180/124 91/177/122 155/179/123
f 93/182/126 92/180/124 156/181/125
f 94/184/128 93/182/126 157/183/127
f 94/184/128 158/185/129 159/186/130
f 95/187/131 159/186/130 160/188/132
f 96/189/133 160/188/132 145/190/134
f 97/192/135 129/264/166 130/193/136
f 99/195/138 98/194/137 130/193/136
f 100/197/140 99/289/138 131/198/139
f 101/200/142 100/197/140 132/199/141
f 102/202/144 101/200/142 133/201/143
f 102/202/144 134/203/145 135/204/146
f 103/205/147 135/204/146 136/206/148
f 104/208/149 136/274/148 137/209/150
f 105/210/151 137/209/150 138/211/152
f 107/213/154 106/212/153 138/211/152
f 108/215/156 107/293/154 139/216/155
f 109/218/158 108/215/156 140/217/157
f 110/220/160 109/218/158 141/219/159
f 110/220/160 142/221/161 143/222/162
f 111/223/163 143/222/162 144/224/164
f 112/225/165 144/224/164 129/226/166
f 114/228/167 113/303/198 161/229/168
f 114/228/167 162/230/169 163/231/170
f 115/233/171 163/296/170 164/234/172
f 116/235/173 164/234/172 165/236/174
f 117/237/175 165/236/174 166/238/176
f 119/240/178 118/239/177 166/238/176
f 120/242/180 119/240/178 167/241/179
f 121/244/182 120/242/180 168/243/181
f 122/246/184 121/313/182 169/247/183
f 122/246/184 170/248/185 171/249/186
f 123/251/187 171/300/186 172/252/188
f 124/253/189 172/252/188 173/254/190
f 125/255/191 173/254/190 174/256/192
f 127/258/194 126/257/193 174/256/192
f 128/260/196 127/258/194 175/259/195
f 113/262/198 128/260/196 176/261/197
f 129/264/166 242/390/214 243/265/199
f 131/196/139 130/193/136 243/265/199
f 132/267/141 131/196/139 244/266/200
f 133/201/143 132/199/141 245/269/201
f 134/203/145 133/201/143 246/270/202
f 134/203/145 247/271/203 248/272/204
f 135/204/146 248/272/204 249/273/205
f 136/274/148 249/395/205 250/275/206
f 137/209/150 250/275/206 251/276/207
f 139/214/155 138/211/152 251/276/207
f 140/278/157 139/214/155 252/277/208
f 141/219/159 140/217/157 253/280/209
f 142/221/161 141/219/159 254/281/210
f 142/221/161 255/282/211 256/283/212
f 143/222/162 256/283/212 257/284/213
f 144/224/164 257/284/213 242/285/214
f 145/286/134 97/1542/135 98/287/137
f 147/288/107 146/1543/104 98/194/137
f 148/163/109 147/161/107 99/289/138
f 149/165/111 148/163/109 100/197/140
f 150/167/113 149/165/111 101/200/142
f 150/167/113 102/202/144 103/205/147
f 151/168/114 103/205/147 104/207/149
f 152/170/116 104/207/149 105/290/151
f 153/291/118 105/210/151 106/212/153
f 155/292/123 154/175/120 106/212/153
f 156/181/125 155/179/123 107/293/154
f 157/183/127 156/181/125 108/215/156
f 158/185/129 157/183/127 109/218/158
f 158/185/129 110/220/160 111/223/163
f 159/186/130 111/223/163 112/225/165
f 160/188/132 112/225/165 97/227/135
f 161/294/168 81/156/103 82/158/105
f 163/296/170 162/1544/169 82/297/105
f 164/234/172 163/296/170 83/159/106
f 165/236/174 164/234/172 84/162/108
f 166/238/176 165/236/174 85/164/110
f 166/238/176 86/166/112 87/169/115
f 167/241/179 87/169/115 88/171/117
f 168/243/181 88/171/117 89/173/119
f 169/245/183 89/173/119 90/298/121
f 171/300/186 170/1545/185 90/301/121
f 172/252/188 171/300/186 91/177/122
f 173/254/190 172/252/188 92/180/124
f 174/256/192 173/254/190 93/182/126
f 174/256/192 94/184/128 95/187/131
f 175/259/195 95/187/131 96/189/133
f 176/261/197 96/189/133 81/191/103
f 178/302/215 177/398/230 113/303/198
f 178/302/215 114/228/167 115/232/171
f 179/305/216 115/233/171 116/235/173
f 180/306/217 116/235/173 117/237/175
f 181/307/218 117/237/175 118/239/177
f 183/309/220 182/308/219 118/239/177
f 184/310/221 183/309/220 119/240/178
f 185/311/222 184/310/221 120/242/180
f 186/312/223 185/400/222 121/313/182
f 186/312/223 122/246/184 123/250/187
f 187/315/224 123/251/187 124/253/189
f 188/316/225 124/253/189 125/255/191
f 189/317/226 125/255/191 126/257/193
f 191/319/228 190/318/227 126/257/193
f 192/320/229 191/319/228 127/258/194
f 177/321/230 192/320/229 128/260/196
s 88
g pCube1_lambert1
usemtl lambert1
f 274/432/306 291/433/307 275/434/307
s 89
f 275/434/308 292/435/309 276/436/309
s 90
f 276/436/310 293/437/311 277/438/311
s 91
f 277/438/312 294/439/312 278/439/312
s 92
f 278/439/313 295/440/314 279/441/314
s 93
f 279/441/315 296/442/316 280/442/316
s 94
f 280/442/317 297/443/318 281/443/318
s 95
f 281/444/319 298/445/320 282/446/320
s 96
f 282/447/321 299/448/322 283/448/322
s 97
f 283/448/323 300/449/324 284/449/324
s 98
f 284/449/325 301/450/326 285/451/326
s 99
f 285/451/327 302/452/328 286/452/328
s 100
f 286/452/329 303/453/330 287/453/330
s 101
f 287/453/331 304/454/332 288/455/332
s 102
f 288/455/333 305/456/334 289/457/334
s 103
f 289/458/335 290/432/336 274/432/336
s 104
f 290/459/337 307/460/337 291/461/337
s 105
f 291/461/338 308/462/339 292/463/339
s 106
f 292/463/340 309/464/341 293/465/341
s 107
f 293/465/342 310/466/342 294/467/342
s 108
f 294/467/343 311/468/344 295/469/344
s 109
f 295/469/345 312/470/345 296/471/345
s 110
f 296/471/346 313/472/346 297/473/346
s 111
f 297/474/347 314/475/347 298/476/347
s 112
f 298/476/348 315/477/348 299/478/348
s 113
f 299/478/349 316/479/349 300/480/349
s 114
f 300/480/350 317/481/351 301/482/351
s 115
f 301/482/352 318/483/353 302/484/353
s 116
f 302/484/354 319/485/355 303/486/355
s 117
f 303/486/356 320/487/356 304/488/356
s 118
f 304/488/357 321/489/357 305/490/357
s 119
f 305/491/358 306/492/358 290/493/358
s 120
f 306/494/359 323/495/359 307/496/359
s 121
f 307/496/360 324/497/360 308/498/360
s 122
f 309/499/361 324/497/361 325/500/361
s 123
f 309/499/362 326/501/362 310/502/362
s 124
f 310/502/363 327/503/363 311/504/363
s 125
f 311/504/364 328/505/364 312/506/364
s 126
f 312/506/365 329/507/365 313/508/365
s 127
f 313/509/366 330/510/366 314/511/366
s 128
f 314/512/367 331/513/367 315/514/367
s 129
f 315/514/368 332/515/368 316/516/368
s 130
f 316/516/369 333/517/369 317/518/369
s 131
f 317/518/370 334/519/370 318/520/370
s 132
f 318/520/371 335/521/371 319/522/371
s 133
f 319/522/372 336/523/372 320/524/372
s 134
f 320/524/373 337/525/373 321/526/373
s 135
f 321/527/374 322/528/374 306/494/374
s 136
f 323/529/305 338/530/305 339/531/305
f 324/532/305 339/531/305 340/533/305
f 325/534/305 340/533/305 341/535/305
f 325/534/305 342/536/305 326/537/305
f 326/537/305 343/538/305 327/539/305
f 327/539/305 344/540/305 328/541/305
f 328/541/305 345/542/305 329/543/305
f 330/544/305 345/542/305 346/545/305
f 331/546/305 346/545/305 347/547/305
f 332/548/305 347/547/305 348/549/305
f 333/550/305 348/549/305 349/551/305
f 333/550/305 350/552/305 334/553/305
f 334/553/305 351/554/305 335/555/305
f 335/555/305 352/556/305 336/557/305
f 336/557/305 353/558/305 337/559/305
f 322/560/305 353/558/305 338/530/305
f 343/538/305 345/542/305 344/540/305
f 354/561/305 342/536/305 341/535/305
f 339/531/305 353/558/305 354/561/305
f 354/561/305 348/549/305 347/547/305
f 353/558/305 351/554/305 354/561/305
f 345/542/305 347/547/305 346/545/305
f 354/561/305 340/533/305 339/531/305
f 354/561/305 350/552/305 349/551/305
s 264
f 560/913/935 559/910/936 599/952/937
s 327
f 662/1108/1193 661/1109/1194 701/1110/1195
f 663/1111/1196 662/1108/1193 701/1110/1195
f 665/1113/1198 664/1114/1197 701/1115/1195
f 668/1118/1201 667/1117/1200 701/1115/1195
s 88
f 274/432/306 290/432/306 291/433/307
s 89
f 275/434/308 291/433/308 292/435/309
s 90
f 276/436/310 292/435/310 293/437/311
s 91
f 277/438/312 293/437/312 294/439/312
s 92
f 278/439/313 294/439/313 295/440/314
s 93
f 279/441/315 295/440/315 296/442/316
s 94
f 280/442/317 296/442/317 297/443/318
s 95
f 281/444/319 297/1547/319 298/445/320
s 96
f 282/447/321 298/1548/321 299/448/322
s 97
f 283/448/323 299/448/323 300/449/324
s 98
f 284/449/325 300/449/325 301/450/326
s 99
f 285/451/327 301/450/327 302/452/328
s 100
f 286/452/329 302/452/329 303/453/330
s 101
f 287/453/331 303/453/1579 304/454/332
s 102
f 288/455/333 304/454/333 305/456/334
s 103
f 289/458/335 305/458/335 290/432/336
s 104
f 290/459/337 306/1549/337 307/460/337
s 105
f 291/461/338 307/460/338 308/462/339
s 106
f 292/463/340 308/462/340 309/464/341
s 107
f 293/465/342 309/464/342 310/466/342
s 108
f 294/467/343 310/466/343 311/468/344
s 109
f 295/469/345 311/468/345 312/470/345
s 110
f 296/471/346 312/470/346 313/472/346
s 111
f 297/474/347 313/1550/347 314/475/347
s 112
f 298/476/348 314/475/348 315/477/348
s 113
f 299/478/349 315/477/349 316/479/349
s 114
f 300/480/350 316/479/350 317/481/351
s 115
f 301/482/352 317/481/352 318/483/353
s 116
f 302/484/354 318/483/354 319/485/355
s 117
f 303/486/356 319/485/356 320/487/356
s 118
f 304/488/357 320/487/357 321/489/357
s 119
f 305/491/358 321/1551/358 306/492/358
s 120
f 306/494/359 322/528/359 323/495/359
s 121
f 307/496/360 323/495/360 324/497/360
s 122
f 309/499/361 308/498/361 324/497/361
s 123
f 309/499/362 325/500/362 326/501/362
s 124
f 310/502/363 326/501/363 327/503/363
s 125
f 311/504/364 327/503/364 328/505/364
s 126
f 312/506/365 328/505/365 329/507/365
s 127
f 313/509/366 329/1552/366 330/510/366
s 128
f 314/512/367 330/1553/367 331/513/367
s 129
f 315/514/368 331/513/368 332/515/368
s 130
f 316/516/369 332/515/369 333/517/369
s 131
f 317/518/370 333/517/370 334/519/370
s 132
f 318/520/371 334/519/371 335/521/371
s 133
f 319/522/372 335/521/372 336/523/372
s 134
f 320/524/373 336/523/373 337/525/373
s 135
f 321/527/374 337/1554/374 322/528/374
s 136
f 323/529/305 322/560/305 338/530/305
f 324/532/305 323/529/305 339/531/305
f 325/534/305 324/532/305 340/533/305
f 325/534/305 341/535/305 342/536/305
f 326/537/305 342/536/305 343/538/305
f 327/539/305 343/538/305 344/540/305
f 328/541/305 344/540/305 345/542/305
f 330/544/305 329/543/305 345/542/305
f 331/546/305 330/544/305 346/545/305
f 332/548/305 331/546/305 347/547/305
f 333/550/305 332/548/305 348/549/305
f 333/550/305 349/551/305 350/552/305
f 334/553/305 350/552/305 351/554/305
f 335/555/305 351/554/305 352/556/305
f 336/557/305 352/556/305 353/558/305
f 322/560/305 337/559/305 353/558/305
f 343/538/305 354/561/305 345/542/305
f 354/561/305 343/538/305 342/536/305
f 339/531/305 338/530/305 353/558/305
f 354/561/305 349/551/305 348/549/305
f 353/558/305 352/556/305 351/554/305
f 345/542/305 354/561/305 347/547/305
f 354/561/305 341/535/305 340/533/305
f 354/561/305 351/554/305 350/552/305
s 139
g pCube1_VIDRIO
usemtl VIDRIO
f 398/615/436 399/616/437 400/617/438
f 398/615/436 401/618/439 402/619/440
f 398/615/436 403/620/441 404/621/442
f 404/621/442 406/622/443 398/615/436
f 406/622/443 408/623/444 398/615/436
f 398/615/436 409/624/445 410/625/446
f 398/615/436 411/626/447 412/627/448
f 398/615/436 413/628/449 414/629/450
f 414/629/450 416/630/451 398/615/436
f 416/630/451 397/631/452 398/615/436
s 202
f 500/791/694 501/792/695 502/793/696
f 500/791/694 503/794/697 504/795/698
f 500/796/694 505/797/699 506/798/700
f 500/796/694 507/799/701 508/800/702
f 500/796/694 509/801/703 510/802/704
f 500/796/694 511/803/705 512/804/706
f 500/791/694 513/805/707 514/806/708
f 500/791/694 515/807/709 516/808/710
f 500/791/694 517/809/711 518/810/712
f 500/791/694 498/811/713 499/812/714
s 265
f 602/961/956 603/962/957 604/963/958
f 602/961/956 605/964/959 606/965/960
f 602/961/956 607/966/961 608/967/962
f 608/967/962 610/968/963 602/961/956
f 610/968/963 612/969/964 602/961/956
f 602/961/956 613/970/965 614/971/966
f 602/961/956 615/972/967 616/973/968
f 602/961/956 617/974/969 618/975/970
f 618/975/970 620/976/971 602/961/956
f 620/976/971 601/977/972 602/961/956
s 328
f 704/1138/1214 705/1139/1215 706/1140/1216
f 704/1141/1214 707/1142/1217 708/1143/1218
f 704/1141/1214 709/1144/1219 710/1145/1220
f 704/1146/1214 711/1147/1221 712/1148/1222
f 704/1146/1214 713/1149/1223 714/1150/1224
f 704/1151/1214 715/1152/1225 716/1153/1226
f 704/1151/1214 717/1154/1227 718/1155/1228
f 704/1138/1214 719/1156/1229 720/1157/1230
f 720/1157/1230 722/1158/1231 704/1138/1214
f 704/1138/1214 702/1159/1232 703/1160/1233
s 139
f 398/615/436 397/631/452 399/616/437
f 398/615/436 400/617/438 401/618/439
f 398/615/436 402/619/440 403/620/441
f 404/621/442 405/681/1580 406/622/443
f 406/622/443 407/1557/1581 408/623/444
f 398/615/436 408/623/444 409/624/445
f 398/615/436 410/625/446 411/626/447
f 398/615/436 412/627/448 413/628/449
f 414/629/450 415/1558/1582 416/630/451
f 416/630/451 396/674/1583 397/631/452
s 202
f 500/791/694 499/812/714 501/792/695
f 500/791/694 502/793/696 503/794/697
f 500/796/694 504/1565/698 505/797/699
f 500/796/694 506/798/700 507/799/701
f 500/796/694 508/800/702 509/801/703
f 500/796/694 510/802/704 511/803/705
f 500/791/694 512/1566/706 513/805/707
f 500/791/694 514/806/708 515/807/709
f 500/791/694 516/808/710 517/809/711
f 500/791/694 518/810/712 498/811/713
s 265
f 602/961/956 601/977/972 603/962/957
f 602/961/956 604/963/958 605/964/959
f 602/961/956 606/965/960 607/966/961
f 608/967/962 609/1027/1704 610/968/963
f 610/968/963 611/1574/1705 612/969/964
f 602/961/956 612/969/964 613/970/965
f 602/961/956 614/971/966 615/972/967
f 602/961/956 616/973/968 617/974/969
f 618/975/970 619/1575/1706 620/976/971
f 620/976/971 600/1020/1707 601/977/972
s 328
f 704/1138/1214 703/1160/1233 705/1139/1215
f 704/1141/1214 706/1581/1216 707/1142/1217
f 704/1141/1214 708/1143/1218 709/1144/1219
f 704/1146/1214 710/1582/1220 711/1147/1221
f 704/1146/1214 712/1148/1222 713/1149/1223
f 704/1151/1214 714/1583/1224 715/1152/1225
f 704/1151/1214 716/1153/1226 717/1154/1227
f 704/1138/1214 718/1584/1228 719/1156/1229
f 720/1157/1230 721/1585/1768 722/1158/1231
f 704/1138/1214 722/1158/1231 702/1159/1232
s 389
g pCube1_FLAMA1
usemtl FLAMA1
f 931/1258/1414 905/1259/1415 886/1260/1416
f 937/1261/1417 904/1262/1418 905/1263/1415
f 943/1264/1419 903/1265/1420 904/1266/1418
f 949/1267/1421 902/1268/1422 903/1269/1420
f 960/1270/1423 902/1268/1422 955/1271/1423
f 966/1272/1424 901/1273/1425 961/1270/1424
f 972/1274/1426 900/1275/1427 967/1276/1426
f 978/1277/1428 899/1278/1429 973/1279/1428
f 984/1280/1430 898/1281/1431 979/1282/1430
f 985/1280/1432 896/1283/1433 897/1284/1434
f 991/1285/1435 895/1286/1436 896/1287/1433
f 997/1288/1437 894/1289/1438 895/1290/1436
f 1003/1291/1439 893/1292/1440 894/1289/1438
f 1009/1293/1441 892/1294/1442 893/1292/1440
f 1020/1295/1443 892/1294/1442 1015/1296/1444
f 1026/1297/1445 891/1298/1446 1021/1295/1445
f 1032/1299/1447 890/1300/1448 1027/1297/1447
f 1038/1301/1449 889/1302/1450 1033/1303/1449
f 1044/1304/1451 888/1305/1452 1039/1306/1451
f 1045/1304/1453 886/1260/1416 887/1307/1454
s 390
f 934/1308/305 929/1309/305 1084/1310/305
s 391
f 940/1311/305 935/1312/305 1083/1313/305
s 392
f 946/1314/305 941/1315/305 1082/1316/305
s 393
f 952/1317/305 947/1318/305 1081/1319/305
s 394
f 958/1320/305 953/1321/305 1080/1322/305
s 395
f 964/1323/305 959/1324/305 1079/1325/305
s 396
f 970/1326/305 965/1327/305 1078/1328/305
s 397
f 976/1329/305 971/1330/305 1077/1331/305
s 398
f 982/1332/305 977/1333/305 1076/1334/305
s 399
f 988/1335/305 983/1336/305 1075/1337/305
s 400
f 994/1338/305 989/1339/305 1074/1340/305
s 401
f 1000/1341/305 995/1342/305 1073/1343/305
s 402
f 1006/1344/305 1001/1345/305 1072/1346/305
s 403
f 1012/1347/305 1007/1348/305 1071/1349/305
s 404
f 1018/1350/305 1013/1351/305 1070/1352/305
s 405
f 1024/1353/305 1019/1354/305 1069/1355/305
s 406
f 1030/1328/305 1025/1356/305 1068/1357/305
s 407
f 1036/1358/305 1031/1359/305 1067/1360/305
s 408
f 1042/1361/305 1037/1362/305 1065/1363/305
s 409
f 928/1364/305 1043/1365/305 1066/1366/305
s 410
f 783/1367/102 784/1368/102 804/1369/102
f 784/1368/102 785/1370/102 804/1369/102
f 785/1370/102 786/1371/102 804/1369/102
f 786/1371/102 787/1372/102 804/1369/102
f 787/1372/102 788/1373/102 804/1369/102
f 788/1373/102 789/1374/102 804/1369/102
f 789/1374/102 790/1375/102 804/1369/102
f 790/1375/102 791/1376/102 804/1369/102
f 791/1376/102 792/1377/102 804/1369/102
f 792/1377/102 793/1378/102 804/1369/102
f 793/1378/102 794/1379/102 804/1369/102
f 794/1379/102 795/1380/102 804/1369/102
f 795/1380/102 796/1381/102 804/1369/102
f 796/1381/102 797/1382/102 804/1369/102
f 797/1382/102 798/1383/102 804/1369/102
f 798/1383/102 799/1384/102 804/1369/102
f 799/1384/102 800/1385/102 804/1369/102
f 800/1385/102 801/1386/102 804/1369/102
f 801/1386/102 802/1387/102 804/1369/102
f 802/1387/102 783/1367/102 804/1369/102
s 411
f 927/1388/1455 1088/1388/1455 1086/1388/1455
s 412
f 933/458/1455 1090/458/1455 1087/458/1455
s 413
f 939/1388/1455 1092/1388/1455 1089/1388/1455
s 414
f 945/1388/1455 1094/1388/1455 1091/1388/1455
s 415
f 951/1388/1455 1096/1388/1455 1093/1388/1455
s 416
f 957/1388/1455 1098/1388/1455 1095/1388/1455
s 417
f 963/1388/1455 1100/1388/1455 1097/1388/1455
s 418
f 969/1388/1455 1102/1388/1455 1099/1388/1455
s 419
f 975/1388/1455 1104/1388/1455 1101/1388/1455
s 420
f 981/1388/1455 1106/1388/1455 1103/1388/1455
s 421
f 987/1388/1455 1108/1388/1455 1105/1388/1455
s 422
f 993/1388/1455 1110/1388/1455 1107/1388/1455
s 423
f 999/1388/1455 1112/1388/1455 1109/1388/1455
s 424
f 1005/1388/1455 1114/1388/1455 1111/1388/1455
s 425
f 1011/1388/1455 1116/1388/1455 1113/1388/1455
s 426
f 1017/1388/1455 1118/1388/1455 1115/1388/1455
s 427
f 1023/1388/1455 1120/1388/1455 1117/1388/1455
s 428
f 1029/1388/1455 1122/1388/1455 1119/1388/1455
s 429
f 1035/1388/1455 1124/1388/1455 1121/1388/1455
s 430
f 1041/1388/1455 1085/1388/1455 1123/1388/1455
s 431
f 803/1388/1455 805/1388/1455 1143/1388/1455
s 432
f 1046/1388/1455 806/1388/1455 1142/1388/1455
s 433
f 1047/1388/1455 807/1388/1455 1141/1388/1455
s 434
f 1048/1388/1455 808/1388/1455 1140/1388/1455
s 435
f 1049/1388/1456 809/1388/1457 1139/1388/1458
s 436
f 1050/1388/1455 810/1388/1455 1138/1388/1455
s 437
f 1051/1388/1455 811/1388/1455 1137/1388/1455
s 438
f 1052/1388/1455 812/1388/1455 1136/1388/1455
s 439
f 1053/1388/1455 813/1388/1455 1135/1388/1455
s 440
f 1054/1388/1459 814/1388/1459 1134/1388/1459
s 441
f 1055/1388/1455 815/1388/1455 1133/1388/1455
s 442
f 1056/1388/1455 816/1388/1455 1132/1388/1455
s 443
f 1057/1388/1455 817/1388/1455 1131/1388/1455
s 444
f 1058/1388/1455 818/1388/1455 1130/1388/1455
s 445
f 1059/1388/1457 819/1388/1456 1129/1388/1458
s 446
f 1060/1388/1455 820/1388/1455 1128/1388/1455
s 447
f 1061/1388/1455 821/1388/1455 1127/1388/1455
s 448
f 1062/1388/1455 822/1388/1455 1126/1388/1455
s 449
f 1063/1388/1455 823/1388/1455 1125/1388/1455
s 450
f 1064/1388/1459 824/1388/1459 825/1388/1459
s 389
f 826/1389/1460 802/1390/1461 827/1391/1462
f 828/1392/1463 802/1387/1461 801/1386/1464
f 829/1393/1465 801/1394/1464 800/1395/1466
f 830/1396/1467 800/1395/1466 799/1397/1468
f 831/1398/1469 799/1397/1468 798/1399/1470
f 832/1400/1471 798/1399/1470 797/1401/1472
f 832/1400/1471 796/1402/1473 833/1403/1474
f 833/1403/1474 795/1404/1475 834/1405/1476
f 834/1405/1476 794/1406/1477 835/1407/1478
f 835/1408/1478 793/1378/1479 836/1409/1480
f 836/1409/1480 792/1377/1481 837/1410/1482
f 838/1411/1483 792/1377/1481 791/1376/1484
f 839/1412/1485 791/1413/1484 790/1414/1486
f 840/1415/1487 790/1414/1486 789/1416/1488
f 841/1417/1489 789/1416/1488 788/1418/1490
f 842/1419/1491 788/1418/1490 787/1420/1492
f 842/1419/1491 786/1421/1493 843/1422/1494
f 843/1422/1494 785/1423/1495 844/1424/1496
f 844/1424/1496 784/1425/1497 845/1426/1498
f 845/1426/1498 783/1427/1499 826/1428/1460
f 846/1429/1500 827/1391/1462 847/1430/1501
f 848/1431/1502 827/1391/1462 828/1432/1463
f 849/1433/1503 828/1434/1463 829/1393/1465
f 850/1435/1504 829/1393/1465 830/1396/1467
f 851/1436/1505 830/1396/1467 831/1398/1469
f 852/1437/1506 831/1398/1469 832/1400/1471
f 852/1437/1506 833/1403/1474 853/1438/1507
f 853/1438/1507 834/1405/1476 854/1439/1508
f 854/1439/1508 835/1407/1478 855/1440/1509
f 855/1440/1509 836/1441/1480 856/1442/1510
f 856/1443/1510 837/1410/1482 857/1444/1511
f 858/1445/1512 837/1410/1482 838/1411/1483
f 859/1446/1513 838/1447/1483 839/1412/1485
f 860/1448/1514 839/1412/1485 840/1415/1487
f 861/1449/1515 840/1415/1487 841/1417/1489
f 862/1450/1516 841/1417/1489 842/1419/1491
f 862/1450/1516 843/1422/1494 863/1451/1517
f 863/1451/1517 844/1424/1496 864/1452/1518
f 864/1452/1518 845/1426/1498 865/1453/1519
f 865/1453/1519 826/1428/1460 846/1454/1500
f 867/1455/1520 846/1429/1500 847/1430/1501
f 867/1456/1520 848/1457/1502 868/1458/1521
f 868/1458/1521 849/1433/1503 869/1459/1522
f 869/1459/1522 850/1435/1504 870/1460/1523
f 870/1460/1523 851/1436/1505 871/1461/1524
f 871/1461/1524 852/1437/1506 872/1462/1525
f 873/1463/1526 852/1437/1506 853/1438/1507
f 874/1464/1527 853/1438/1507 854/1439/1508
f 875/1465/1528 854/1439/1508 855/1440/1509
f 876/1466/1529 855/1440/1509 856/1442/1510
f 877/1467/1530 856/1442/1510 857/1468/1511
f 877/1469/1530 858/1470/1512 878/1471/1531
f 878/1472/1531 859/1446/1513 879/1473/1532
f 879/1473/1532 860/1448/1514 880/1474/1533
f 880/1474/1533 861/1449/1515 881/1475/1534
f 881/1475/1534 862/1450/1516 882/1476/1535
f 883/1477/1536 862/1450/1516 863/1451/1517
f 884/1478/1537 863/1451/1517 864/1452/1518
f 885/1479/1538 864/1452/1518 865/1453/1519
f 866/1480/1539 865/1453/1519 846/1454/1500
f 887/1307/1454 906/1481/1540 907/1482/1541
f 887/1307/1454 908/1483/1542 888/1305/1452
f 888/1484/1452 909/1485/1543 889/1486/1450
f 889/1486/1450 910/1487/1544 890/1300/1448
f 890/1300/1448 911/1488/1545 891/1298/1446
f 891/1298/1446 912/1489/1546 892/1294/1442
f 893/1292/1440 912/1489/1546 913/1490/1547
f 894/1289/1438 913/1490/1547 914/1491/1548
f 895/1290/1436 914/1491/1548 915/1492/1549
f 896/1493/1433 915/1492/1549 916/1494/1550
f 897/1284/1434 916/1495/1550 917/1496/1551
f 897/1284/1434 918/1497/1552 898/1281/1431
f 898/1281/1431 919/1498/1553 899/1499/1429
f 899/1500/1429 920/1501/1554 900/1502/1427
f 900/1502/1427 921/1503/1555 901/1273/1425
f 901/1273/1425 922/1504/1556 902/1268/1422
f 903/1269/1420 922/1504/1556 923/1505/1557
f 904/1506/1418 923/1505/1557 924/1507/1558
f 905/1508/1415 924/1507/1558 925/1509/1559
f 886/1260/1416 925/1510/1559 906/1481/1540
f 907/1482/1541 866/1511/1539 867/1512/1520
f 907/1482/1541 868/1513/1521 908/1483/1542
f 908/1514/1542 869/1459/1522 909/1485/1543
f 909/1485/1543 870/1460/1523 910/1487/1544
f 910/1487/1544 871/1461/1524 911/1488/1545
f 911/1488/1545 872/1462/1525 912/1489/1546
f 913/1490/1547 872/1462/1525 873/1463/1526
f 914/1491/1548 873/1463/1526 874/1464/1527
f 915/1492/1549 874/1464/1527 875/1465/1528
f 916/1494/1550 875/1465/1528 876/1466/1529
f 917/1496/1551 876/1515/1529 877/1469/1530
f 917/1496/1551 878/1471/1531 918/1497/1552
f 918/1516/1552 879/1473/1532 919/1517/1553
f 919/1517/1553 880/1474/1533 920/1501/1554
f 920/1501/1554 881/1475/1534 921/1503/1555
f 921/1503/1555 882/1476/1535 922/1504/1556
f 923/1505/1557 882/1476/1535 883/1477/1536
f 924/1507/1558 883/1477/1536 884/1478/1537
f 925/1509/1559 884/1478/1537 885/1479/1538
f 906/1518/1540 885/1479/1538 866/1480/1539
f 931/1258/1414 936/1593/1414 905/1259/1415
f 937/1261/1417 942/1594/1417 904/1262/1418
f 943/1264/1419 948/1595/1419 903/1265/1420
f 949/1267/1421 954/1271/1829 902/1268/1422
f 960/1270/1423 901/1273/1425 902/1268/1422
f 966/1272/1424 900/1502/1427 901/1273/1425
f 972/1274/1426 899/1596/1429 900/1275/1427
f 978/1277/1428 898/1597/1431 899/1278/1429
f 984/1280/1430 897/1284/1434 898/1281/1431
f 985/1280/1432 990/1598/1432 896/1283/1433
f 991/1285/1435 996/1599/1435 895/1286/1436
f 997/1288/1437 1002/1291/1437 894/1289/1438
f 1003/1291/1439 1008/1293/1439 893/1292/1440
f 1009/1293/1441 1014/1296/1830 892/1294/1442
f 1020/1295/1443 891/1298/1446 892/1294/1442
f 1026/1297/1445 890/1300/1448 891/1298/1446
f 1032/1299/1447 889/1486/1450 890/1300/1448
f 1038/1301/1449 888/1600/1452 889/1302/1450
f 1044/1304/1451 887/1307/1454 888/1305/1452
f 1045/1304/1453 930/1258/1453 886/1260/1416
s 411
f 927/1388/1455 764/1388/1455 1088/1388/1455
s 412
f 933/458/1455 765/458/1455 1090/458/1455
s 413
f 939/1388/1455 766/1388/1455 1092/1388/1455
s 414
f 945/1388/1455 767/1388/1455 1094/1388/1455
s 415
f 951/1388/1455 768/1388/1455 1096/1388/1455
s 416
f 957/1388/1455 769/1388/1455 1098/1388/1455
s 417
f 963/1388/1455 770/1388/1455 1100/1388/1455
s 418
f 969/1388/1455 771/1388/1455 1102/1388/1455
s 419
f 975/1388/1455 772/1388/1455 1104/1388/1455
s 420
f 981/1388/1455 773/1388/1455 1106/1388/1455
s 421
f 987/1388/1455 774/1388/1455 1108/1388/1455
s 422
f 993/1388/1455 775/1388/1455 1110/1388/1455
s 423
f 999/1388/1455 776/1388/1455 1112/1388/1455
s 424
f 1005/1388/1455 777/1388/1455 1114/1388/1455
s 425
f 1011/1388/1455 778/1388/1455 1116/1388/1455
s 426
f 1017/1388/1455 779/1388/1455 1118/1388/1455
s 427
f 1023/1388/1455 780/1388/1455 1120/1388/1455
s 428
f 1029/1388/1455 781/1388/1455 1122/1388/1455
s 429
f 1035/1388/1455 782/1388/1455 1124/1388/1455
s 430
f 1041/1388/1455 763/1388/1455 1085/1388/1455
s 431
f 803/1388/1455 926/1388/1455 805/1388/1455
s 432
f 1046/1388/1455 932/1388/1455 806/1388/1455
s 433
f 1047/1388/1455 938/1388/1455 807/1388/1455
s 434
f 1048/1388/1455 944/1388/1455 808/1388/1455
s 435
f 1049/1388/1456 950/1388/1458 809/1388/1457
s 436
f 1050/1388/1455 956/1388/1455 810/1388/1455
s 437
f 1051/1388/1455 962/1388/1455 811/1388/1455
s 438
f 1052/1388/1455 968/1388/1455 812/1388/1455
s 439
f 1053/1388/1455 974/1388/1455 813/1388/1455
s 440
f 1054/1388/1459 980/1388/1459 814/1388/1459
s 441
f 1055/1388/1455 986/1388/1455 815/1388/1455
s 442
f 1056/1388/1455 992/1388/1455 816/1388/1455
s 443
f 1057/1388/1455 998/1388/1455 817/1388/1455
s 444
f 1058/1388/1455 1004/1388/1455 818/1388/1455
s 445
f 1059/1388/1457 1010/1388/1458 819/1388/1456
s 446
f 1060/1388/1455 1016/1388/1455 820/1388/1455
s 447
f 1061/1388/1455 1022/1388/1455 821/1388/1455
s 448
f 1062/1388/1455 1028/1388/1455 822/1388/1455
s 449
f 1063/1388/1455 1034/1388/1455 823/1388/1455
s 450
f 1064/1388/1459 1040/1388/1459 824/1388/1459
s 389
f 826/1389/1460 783/1601/1499 802/1390/1461
f 828/1392/1463 827/1602/1462 802/1387/1461
f 829/1393/1465 828/1434/1463 801/1394/1464
f 830/1396/1467 829/1393/1465 800/1395/1466
f 831/1398/1469 830/1396/1467 799/1397/1468
f 832/1400/1471 831/1398/1469 798/1399/1470
f 832/1400/1471 797/1401/1472 796/1402/1473
f 833/1403/1474 796/1402/1473 795/1404/1475
f 834/1405/1476 795/1404/1475 794/1406/1477
f 835/1408/1478 794/1379/1477 793/1378/1479
f 836/1409/1480 793/1378/1479 792/1377/1481
f 838/1411/1483 837/1410/1482 792/1377/1481
f 839/1412/1485 838/1447/1483 791/1413/1484
f 840/1415/1487 839/1412/1485 790/1414/1486
f 841/1417/1489 840/1415/1487 789/1416/1488
f 842/1419/1491 841/1417/1489 788/1418/1490
f 842/1419/1491 787/1420/1492 786/1421/1493
f 843/1422/1494 786/1421/1493 785/1423/1495
f 844/1424/1496 785/1423/1495 784/1425/1497
f 845/1426/1498 784/1425/1497 783/1427/1499
f 846/1429/1500 826/1389/1460 827/1391/1462
f 848/1431/1502 847/1430/1501 827/1391/1462
f 849/1433/1503 848/1457/1502 828/1434/1463
f 850/1435/1504 849/1433/1503 829/1393/1465
f 851/1436/1505 850/1435/1504 830/1396/1467
f 852/1437/1506 851/1436/1505 831/1398/1469
f 852/1437/1506 832/1400/1471 833/1403/1474
f 853/1438/1507 833/1403/1474 834/1405/1476
f 854/1439/1508 834/1405/1476 835/1407/1478
f 855/1440/1509 835/1407/1478 836/1441/1480
f 856/1443/1510 836/1409/1480 837/1410/1482
f 858/1445/1512 857/1444/1511 837/1410/1482
f 859/1446/1513 858/1603/1512 838/1447/1483
f 860/1448/1514 859/1446/1513 839/1412/1485
f 861/1449/1515 860/1448/1514 840/1415/1487
f 862/1450/1516 861/1449/1515 841/1417/1489
f 862/1450/1516 842/1419/1491 843/1422/1494
f 863/1451/1517 843/1422/1494 844/1424/1496
f 864/1452/1518 844/1424/1496 845/1426/1498
f 865/1453/1519 845/1426/1498 826/1428/1460
f 867/1455/1520 866/1604/1539 846/1429/1500
f 867/1456/1520 847/1605/1501 848/1457/1502
f 868/1458/1521 848/1457/1502 849/1433/1503
f 869/1459/1522 849/1433/1503 850/1435/1504
f 870/1460/1523 850/1435/1504 851/1436/1505
f 871/1461/1524 851/1436/1505 852/1437/1506
f 873/1463/1526 872/1462/1525 852/1437/1506
f 874/1464/1527 873/1463/1526 853/1438/1507
f 875/1465/1528 874/1464/1527 854/1439/1508
f 876/1466/1529 875/1465/1528 855/1440/1509
f 877/1467/1530 876/1466/1529 856/1442/1510
f 877/1469/1530 857/1606/1511 858/1470/1512
f 878/1472/1531 858/1603/1512 859/1446/1513
f 879/1473/1532 859/1446/1513 860/1448/1514
f 880/1474/1533 860/1448/1514 861/1449/1515
f 881/1475/1534 861/1449/1515 862/1450/1516
f 883/1477/1536 882/1476/1535 862/1450/1516
f 884/1478/1537 883/1477/1536 863/1451/1517
f 885/1479/1538 884/1478/1537 864/1452/1518
f 866/1480/1539 885/1479/1538 865/1453/1519
f 887/1307/1454 886/1260/1416 906/1481/1540
f 887/1307/1454 907/1482/1541 908/1483/1542
f 888/1484/1452 908/1514/1542 909/1485/1543
f 889/1486/1450 909/1485/1543 910/1487/1544
f 890/1300/1448 910/1487/1544 911/1488/1545
f 891/1298/1446 911/1488/1545 912/1489/1546
f 893/1292/1440 892/1294/1442 912/1489/1546
f 894/1289/1438 893/1292/1440 913/1490/1547
f 895/1290/1436 894/1289/1438 914/1491/1548
f 896/1493/1433 895/1290/1436 915/1492/1549
f 897/1284/1434 896/1283/1433 916/1495/1550
f 897/1284/1434 917/1496/1551 918/1497/1552
f 898/1281/1431 918/1497/1552 919/1498/1553
f 899/1500/1429 919/1517/1553 920/1501/1554
f 900/1502/1427 920/1501/1554 921/1503/1555
f 901/1273/1425 921/1503/1555 922/1504/1556
f 903/1269/1420 902/1268/1422 922/1504/1556
f 904/1506/1418 903/1269/1420 923/1505/1557
f 905/1508/1415 904/1506/1418 924/1507/1558
f 886/1260/1416 905/1259/1415 925/1510/1559
f 907/1482/1541 906/1481/1540 866/1511/1539
f 907/1482/1541 867/1512/1520 868/1513/1521
f 908/1514/1542 868/1458/1521 869/1459/1522
f 909/1485/1543 869/1459/1522 870/1460/1523
f 910/1487/1544 870/1460/1523 871/1461/1524
f 911/1488/1545 871/1461/1524 872/1462/1525
f 913/1490/1547 912/1489/1546 872/1462/1525
f 914/1491/1548 913/1490/1547 873/1463/1526
f 915/1492/1549 914/1491/1548 874/1464/1527
f 916/1494/1550 915/1492/1549 875/1465/1528
f 917/1496/1551 916/1495/1550 876/1515/1529
f 917/1496/1551 877/1469/1530 878/1471/1531
f 918/1516/1552 878/1472/1531 879/1473/1532
f 919/1517/1553 879/1473/1532 880/1474/1533
f 920/1501/1554 880/1474/1533 881/1475/1534
f 921/1503/1555 881/1475/1534 882/1476/1535
f 923/1505/1557 922/1504/1556 882/1476/1535
f 924/1507/1558 923/1505/1557 883/1477/1536
f 925/1509/1559 924/1507/1558 884/1478/1537
f 906/1518/1540 925/1509/1559 885/1479/1538
